기준년월,지번코드,지번코드 위치,00시~01시 유동인구,01시~02시 유동인구,02시~03시 유동인구,03시~04시 유동인구,04시~05시 유동인구,05시~06시 유동인구,06시~07시 유동인구,07시~08시 유동인구,08시~09시 유동인구,09시~10시 유동인구,10시~11시 유동인구,11시~12시 유동인구,12시~13시 유동인구,13시~14시 유동인구,14시~15시 유동인구,15시~16시 유동인구,16시~17시 유동인구,17시~18시 유동인구,18시~19시 유동인구,19시~20시 유동인구,20시~21시 유동인구,21시~22시 유동인구,22시~23시 유동인구,23시~00시 유동인구,00시~01시 유동인구 비율,01시~02시 유동인구 비율,02시~03시 유동인구 비율,03시~04시 유동인구 비율,04시~05시 유동인구 비율,05시~06시 유동인구 비율,06시~07시 유동인구 비율,07시~08시 유동인구 비율,08시~09시 유동인구 비율,09시~10시 유동인구 비율,10시~11시 유동인구 비율,11시~12시 유동인구 비율,12시~13시 유동인구 비율,13시~14시 유동인구 비율,14시~15시 유동인구 비율,15시~16시 유동인구 비율,16시~17시 유동인구 비율,17시~18시 유동인구 비율,18시~19시 유동인구 비율,19시~20시 유동인구 비율,20시~21시 유동인구 비율,21시~22시 유동인구 비율,22시~23시 유동인구 비율,23시~00시 유동인구 비율,데이터기준일자,Latitude,Longitude
Nov-15,5011030000000000000,제주특별자치도 제주시 한림읍 귀덕리 3999-9744,7.71,4.61,3.3,2.6,2.91,6.72,15.34,38.08,61.62,77.71,86.56,87.82,85.34,86.69,87.82,88.62,96.19,100.56,87.09,61.67,47.76,36.81,21.79,13.19,0.000367363,0.000326707,0.000345979,0.000386129,0.000480994,0.000667747,0.000690489,0.000731567,0.000704774,0.000666305,0.000637877,0.000619489,0.00061378,0.000609976,0.000610383,0.000596447,0.000604261,0.000578166,0.000539301,0.000511606,0.000487822,0.000458625,0.000407824,0.000384479,2015-11-30,33.4372946,126.2798479
Nov-15,5011030000000000000,제주특별자치도 제주시 한림읍 귀덕리 3000-384,5.12,3.02,2.09,1.62,1.75,4.24,9.86,24.73,40.1,50.42,56.07,57.17,55.64,56.42,57.05,57.71,62.75,65.69,57.22,40.87,31.78,24.52,14.63,8.87,0.000243697,0.000214156,0.000219584,0.000239958,0.000288442,0.000421336,0.000443946,0.000474981,0.000458648,0.000432329,0.000413212,0.000403254,0.000400162,0.000396998,0.00039651,0.000388434,0.000394202,0.000377662,0.000354346,0.000339037,0.000324573,0.000305482,0.000273735,0.000258658,2015-11-30,33.4405873,126.2907416
Nov-15,5011030000000000000,제주특별자치도 제주시 한림읍 귀덕리 999-9616,7.29,4.25,2.81,2.18,2.52,5.72,13.93,36.72,62.62,81.12,90.98,93.09,90.91,92.6,93.21,94.91,102.37,108.78,92,62.94,49.49,37.81,21.99,13.06,0.000346993,0.000301222,0.000294282,0.000323011,0.000415672,0.000567752,0.000627259,0.000705403,0.000716169,0.000695503,0.000670426,0.000656649,0.000653839,0.000651571,0.000647861,0.00063878,0.00064309,0.000625434,0.000569735,0.00052208,0.000505436,0.000471202,0.00041156,0.000380748,2015-11-30,33.4444001,126.2954902
Nov-15,5011030000000000000,제주특별자치도 제주시 한림읍 귀덕리 10-256,1.1,0.75,0.65,0.54,0.63,1.09,2.5,6.35,10.21,13.25,14.83,15.28,14.74,14.6,14.22,14.33,14.67,14.99,12.09,8.21,6.13,4.51,2.69,1.62,5.25054E-05,5.31194E-05,6.79166E-05,8.03323E-05,0.000104868,0.000107908,0.000112326,0.000121909,0.000116712,0.000113627,0.000109295,0.000107758,0.000106037,0.000102728,9.88356E-05,9.64293E-05,9.21691E-05,8.61937E-05,7.48473E-05,6.81126E-05,6.25854E-05,5.62399E-05,5.03082E-05,4.73335E-05,2015-11-30,33.4276129,126.3034349
Nov-15,5011030000000000000,제주특별자치도 제주시 한림읍 귀덕리 2000-0,1.74,1.19,1.12,0.9,1.11,1.65,3.37,7.68,12.28,15.69,17.48,17.64,17.2,17.18,17.21,17.21,18.18,18.6,15.55,10.78,8.27,6.21,3.88,2.46,0.000083037,8.45844E-05,0.000117202,0.000133063,0.000183189,0.000163535,0.000151593,0.000147446,0.000140424,0.000134542,0.000128794,0.000124405,0.00012372,0.00012088,0.00011962,0.000115858,0.00011421,0.000106961,9.63045E-05,8.94038E-05,8.44617E-05,7.74109E-05,7.26895E-05,7.17534E-05,2015-11-30,33.4249422,126.2922995
Nov-15,5011030000000000000,제주특별자치도 제주시 한림읍 수원리 1000-128,4.17,2.56,2.03,1.6,1.75,3.7,7.87,18.2,29.06,36.37,40.36,41.11,40.22,40.44,40.8,40.96,44.67,46.79,41.19,29.69,23.2,17.83,11.03,6.83,0.000198765,0.000181603,0.000213187,0.000237732,0.000288608,0.000367365,0.000354142,0.000349532,0.000332329,0.000311837,0.000297444,0.000289981,0.000289254,0.000284576,0.00028356,0.000275708,0.000280637,0.000268992,0.000255067,0.000246279,0.000236935,0.000222143,0.000206422,0.000199178,2015-11-30,33.4320657,126.2627955
Nov-15,5011030000000000000,제주특별자치도 제주시 한림읍 수원리 9999-9744,6.02,3.57,2.6,2.11,2.39,5.6,12.48,30.39,48.46,60.83,67.76,68.34,66.25,67.43,68.51,68.83,74.84,78.04,67.83,48.14,37.06,28.6,16.86,10.2,0.000286597,0.000253328,0.000272645,0.000313563,0.000395293,0.000555998,0.000561733,0.000583788,0.000554259,0.000521537,0.000499354,0.000482082,0.000476438,0.000474445,0.000476215,0.000463238,0.000470162,0.000448671,0.000420049,0.000399307,0.000378478,0.000356421,0.00031546,0.000297294,2015-11-30,33.4309643,126.2681874
Nov-15,5011030000000000000,제주특별자치도 제주시 한림읍 대림리 2000-0,38.23,23.54,18.9,13.55,14,27.44,55.68,126.07,207.28,257.75,284.02,299.83,299.05,293.3,290.1,295.32,324.1,343.24,310.29,232.33,188.94,145.6,97.34,61.56,0.00182097,0.001669182,0.001981779,0.002010681,0.002313929,0.002726152,0.002506393,0.002421888,0.002370596,0.002209976,0.002092965,0.002114942,0.00215074,0.002063791,0.002016362,0.001987621,0.002036015,0.001973412,0.001921468,0.001927216,0.001929675,0.00181431,0.001821667,0.001794592,2015-11-30,33.4249799,126.2687741
Nov-15,5011030000000000000,제주특별자치도 제주시 한림읍 대림리 10-256,4.2,2.62,2.1,1.48,1.46,2.8,5.8,13.26,21.93,27.38,30.12,32.13,32.16,31.3,30.72,31.38,34.27,36.36,32.85,24.71,20.23,15.58,10.58,6.7,0.000200067,0.000185528,0.000219794,0.000219776,0.000241406,0.0002779,0.000261188,0.000254748,0.000250861,0.000234739,0.000221958,0.000226656,0.000231286,0.00022024,0.000213493,0.000211213,0.000215262,0.000209067,0.000203429,0.000204949,0.00020666,0.000194107,0.000197914,0.000195281,2015-11-30,33.4256487,126.2880411
Nov-15,5011030000000000000,제주특별자치도 제주시 한림읍 대림리 999-9616,9.87,6.02,4.65,3.49,3.67,7.8,17.03,40.74,66.18,83.01,92.06,95.23,93.51,93.25,93.06,94.22,102.27,107.24,94.35,68.54,54.16,41.62,26.23,16.21,0.000470342,0.000427201,0.000487126,0.000518301,0.000606407,0.000774729,0.000766623,0.000782583,0.000756891,0.000711719,0.000678419,0.000671768,0.00067256,0.000656151,0.000646855,0.000634129,0.00064243,0.00061658,0.000584253,0.000568551,0.000553144,0.000518682,0.000490887,0.000472616,2015-11-30,33.4306777,126.2795106
Nov-15,5011030000000000000,제주특별자치도 제주시 한림읍 한림리 1000-128,123.45,75.89,60.98,42.85,43.16,83.25,170.34,405.57,677.37,832.73,914.75,971.82,974.7,948.2,936.87,961.53,1059.42,1114.21,1003.36,751.25,622.05,477.01,317.83,201.85,0.005880048,0.005381958,0.006394573,0.006359358,0.007130924,0.008269743,0.007667922,0.007791061,0.007746867,0.007139947,0.006740827,0.006855143,0.007010037,0.00667188,0.006511799,0.006471531,0.006655275,0.006406079,0.006213378,0.006231793,0.00635302,0.005943934,0.005947634,0.005884475,2015-11-30,33.4134063,126.2699435
Nov-15,5011030000000000000,제주특별자치도 제주시 한림읍 한림리 1999-9488,29.73,18.64,15.96,11.75,12.2,22,43.73,103.13,171.19,208.59,229,240.58,241.37,234.54,232.68,238.06,262.95,273.84,244.77,181.26,150.54,114.34,75.44,48.44,0.001415915,0.001322003,0.001673551,0.001743715,0.002015683,0.002184921,0.001968563,0.001981178,0.001957886,0.001788459,0.00168749,0.001697055,0.001735909,0.001650319,0.001617301,0.001602267,0.001651815,0.00157442,0.001515755,0.001503593,0.001537499,0.001424763,0.001411841,0.001412183,2015-11-30,33.4125047,126.2709778
Nov-15,5011030000000000000,제주특별자치도 제주시 한림읍 한림리 9999-9744,8.05,4.85,3.61,2.39,2.25,4.74,10.2,24.43,41.14,51.12,56.19,60.52,60.71,59.16,58.17,59.92,65.79,70.04,63.68,48.3,39.88,30.89,20.82,13.13,0.000383208,0.000344058,0.000378977,0.000355164,0.000371555,0.000471168,0.000458965,0.000469289,0.000470538,0.00043834,0.000414033,0.000426885,0.000436623,0.000416263,0.000404304,0.000403295,0.000413297,0.000402685,0.000394366,0.000400637,0.000407265,0.000384915,0.000389684,0.000382827,2015-11-30,33.4125047,126.2709778
Nov-15,5011030000000000000,제주특별자치도 제주시 한림읍 금악리 3000-384,5.43,3.87,3.6,3.3,3.42,4.92,10.95,32,57.16,80.55,90.29,92.39,84.93,85.41,85.06,84.59,86.01,84.81,57.15,35.88,27.87,21.16,13.65,8.66,0.000258732,0.000274722,0.000377229,0.000489117,0.000564713,0.000488386,0.000492771,0.000614691,0.000653701,0.000690679,0.000665315,0.000651688,0.000610833,0.000600975,0.00059125,0.000569299,0.000540336,0.000487628,0.000353913,0.00029761,0.000284671,0.00026368,0.000255521,0.000252458,2015-11-30,33.3566367,126.2896062
Nov-15,5011030000000000000,제주특별자치도 제주시 한림읍 금악리 10-256,12.25,9.53,9,8.55,8.23,10.99,22.06,58.49,101.87,141.49,159.99,165.42,151.85,155.39,152.64,153.73,159.56,161.66,109.26,63.85,49.27,38.39,26.08,17.25,0.000583608,0.000676131,0.00094426,0.001268894,0.00135932,0.001091997,0.000992999,0.001123585,0.001165072,0.001213127,0.00117895,0.001166845,0.001092136,0.001093402,0.001060966,0.001034702,0.001002362,0.000929434,0.000676596,0.000529679,0.000503209,0.000478401,0.000488017,0.000502895,2015-11-30,33.3619173,126.3310125
Nov-15,5011030000000000000,제주특별자치도 제주시 한림읍 금악리 999-9616,12.73,10.53,10.34,9.92,10.14,12.04,21.1,49.56,84.75,117.39,130.66,132.36,122.7,123.71,121.71,120.96,123.49,121.56,83.83,54.48,43.37,33.96,24.01,17.16,0.000606329,0.000746484,0.001084533,0.001472791,0.001675577,0.001195965,0.000949576,0.00095214,0.000969245,0.001006523,0.000962813,0.00093366,0.000882452,0.000870439,0.000845967,0.000814141,0.000775792,0.000698925,0.000519113,0.000451919,0.000442946,0.000423137,0.000449343,0.000500204,2015-11-30,33.3631664,126.3096755
Nov-15,5011030000000000000,제주특별자치도 제주시 한림읍 금악리 20-0,7.37,5.99,4.92,4.77,3.79,5.77,13.88,39.58,69.38,95.22,110.93,118.75,107.6,113.41,110.1,113.79,121.86,129.36,85.68,41.77,30.54,24.23,16.36,10.04,0.000351264,0.000425049,0.000515963,0.0007082,0.00062673,0.00057358,0.000624978,0.000760325,0.000793531,0.000816389,0.000817432,0.000837661,0.00077386,0.000797957,0.000765285,0.000765828,0.000765553,0.000743752,0.000530586,0.000346483,0.00031194,0.00030193,0.000306247,0.000292601,2015-11-30,33.3535783,126.3448698
Nov-15,5011030000000000000,제주특별자치도 제주시 한림읍 금악리 2000-0,12.97,10.64,10.61,10.17,10.17,12.27,21.22,49.42,84.25,116.59,129.89,131.45,122.01,123,120.78,120,122.58,120.71,83.26,54.35,43.32,33.92,24.03,17.23,0.000617601,0.000754427,0.001112811,0.001509693,0.001680865,0.001218713,0.000955412,0.000949329,0.000963496,0.000999672,0.000957146,0.000927234,0.000877475,0.000865504,0.000839469,0.000807655,0.000770025,0.000694023,0.000515565,0.000450868,0.000442421,0.000422684,0.000449711,0.000502167,2015-11-30,33.3572152,126.3019399
Nov-15,5011030000000000000,제주특별자치도 제주시 한림읍 동명리 1999-9488,25.46,16.25,14.56,11.01,11.68,20.24,39.21,90.01,148.26,179.96,197.53,205.98,206.7,200.62,199.38,203.13,224.66,232.94,207.77,153.04,127.01,95.89,63.31,41.01,0.001212832,0.00115248,0.001526917,0.001633357,0.001930532,0.002010758,0.001765204,0.001729094,0.001695565,0.001543008,0.001455591,0.001452986,0.001486612,0.00141162,0.001385806,0.001367159,0.001411285,0.001339292,0.001286612,0.001269536,0.001297197,0.001194865,0.00118469,0.001195582,2015-11-30,33.405345,126.2604136
Nov-15,5011030000000000000,제주특별자치도 제주시 한림읍 동명리 1000-128,8.34,4.99,3.81,2.64,2.61,5.4,11.8,31.45,53.1,64.76,71.25,75.39,75.36,73.31,72.8,75.18,82.9,86.04,75.91,56.02,46.77,35.65,22.93,14.32,0.000397244,0.000353609,0.000399879,0.000391669,0.000430874,0.000536396,0.000531018,0.000604215,0.00060734,0.000555231,0.000525057,0.000531769,0.000541994,0.000515832,0.000505975,0.00050599,0.000520757,0.000494709,0.000470072,0.000464666,0.000477636,0.000444212,0.000429126,0.000417538,2015-11-30,33.3910341,126.2702868
Nov-15,5011030000000000000,제주특별자치도 제주시 한림읍 동명리 9999-9744,2.65,1.57,1.21,0.84,0.82,1.75,3.98,10.46,17.74,22.55,24.9,26.32,25.88,25.29,25,25.53,27.55,28.62,24.44,17.79,14.53,11.06,7.23,4.46,0.00012608,0.000111085,0.000126675,0.000125,0.00013483,0.000174296,0.000179052,0.000200953,0.00020293,0.000193338,0.000183519,0.000185672,0.000186099,0.000177968,0.000173731,0.000171839,0.000173098,0.000164561,0.000151325,0.000147543,0.000148378,0.000137788,0.000135311,0.000130136,2015-11-30,33.3955313,126.273489
Nov-15,5011030000000000000,제주특별자치도 제주시 한림읍 명월리 2000-0,2.85,1.78,1.49,1.19,1.21,2.17,4.62,13.01,21.89,26.44,29.13,30.18,29.98,29.19,29.29,30.15,33.32,33.79,28.88,20.7,17.45,13.02,8.11,5.04,0.000135971,0.000125955,0.000156247,0.000176543,0.000200043,0.000215751,0.000207921,0.000249881,0.000250293,0.000226682,0.000214675,0.000212882,0.000215586,0.000205414,0.0002036,0.000202932,0.000209328,0.000194293,0.000178835,0.000171701,0.000178255,0.000162223,0.000151829,0.000146811,2015-11-30,33.3958973,126.2602989
Nov-15,5011030000000000000,제주특별자치도 제주시 한림읍 명월리 10-256,0.88,0.58,0.53,0.5,0.49,0.79,1.75,5.29,9.45,13.34,14.94,15.25,14.03,14.12,14.04,13.96,14.19,13.98,9.41,5.96,4.62,3.46,2.2,1.35,4.17408E-05,4.08974E-05,5.50883E-05,0.000073506,8.02484E-05,0.000078539,0.000078895,0.000101667,0.000108096,0.000114361,0.000110118,0.000107572,0.000100868,9.93462E-05,9.75937E-05,9.39502E-05,8.91286E-05,8.03638E-05,5.82925E-05,4.94067E-05,4.71331E-05,4.30563E-05,4.10886E-05,3.94235E-05,2015-11-30,33.377195,126.2921314
Nov-15,5011030000000000000,제주특별자치도 제주시 한림읍 명월리 999-9616,1.35,0.72,0.57,0.41,0.42,1.02,2.36,7.85,13.61,17.3,19.27,20,19.25,19,19.14,19.59,21.05,21.18,16.7,11.59,9.61,7.14,4.33,2.56,6.43814E-05,5.07317E-05,6.02266E-05,6.12385E-05,6.89023E-05,0.000100922,0.000106369,0.000150871,0.00015562,0.000148372,0.000142021,0.000141111,0.000138475,0.000133684,0.000133067,0.00013187,0.00013224,0.000121779,0.000103438,9.61285E-05,0.000098171,8.89662E-05,8.09921E-05,7.47366E-05,2015-11-30,33.379779,126.2723724
Nov-15,5011030000000000000,제주특별자치도 제주시 한림읍 옹포리 9999-9744,7.01,4.31,3.67,2.74,2.94,5.39,11.24,30.05,50.39,60.11,65.96,68.41,68.53,66.35,66.44,68.48,76.13,77.42,67.3,48.44,40.92,30.6,19.09,12.13,0.000333799,0.000305478,0.000384394,0.000407202,0.00048496,0.000535337,0.00050584,0.000577295,0.000576316,0.000515418,0.000486097,0.000482566,0.000492884,0.000466857,0.000461797,0.00046091,0.000478268,0.00044512,0.000416738,0.000401807,0.000417924,0.000381356,0.000357222,0.000353743,2015-11-30,33.4004971,126.2552731
Nov-15,5011030000000000000,제주특별자치도 제주시 한림읍 옹포리 1000-128,6.73,4.09,3.45,2.59,2.78,5.17,10.95,30.3,50.9,60.49,66.38,68.72,68.83,66.61,66.81,69,76.8,77.77,67.19,48.14,40.83,30.44,18.77,11.86,0.00032078,0.000289875,0.000362059,0.000384695,0.000459734,0.000513219,0.000492951,0.000581976,0.000582164,0.000518639,0.000489153,0.000484757,0.000495001,0.000468705,0.00046436,0.000464392,0.000482468,0.000447105,0.000416055,0.000399327,0.000416957,0.000379258,0.000351253,0.000345726,2015-11-30,33.4004971,126.2552731
Nov-15,5011030000000000000,제주특별자치도 제주시 한림읍 상대리 5000-128,1.73,1.06,0.87,0.62,0.62,1.23,2.6,6.02,9.96,12.54,13.86,14.62,14.46,14.18,13.99,14.2,15.44,16.26,14.39,10.65,8.63,6.62,4.44,2.79,8.23225E-05,7.52938E-05,9.09865E-05,9.18578E-05,0.000101949,0.000122279,0.000117037,0.000115569,0.000113876,0.000107488,0.000102125,0.000103095,0.000104026,9.97426E-05,9.72485E-05,9.55745E-05,9.70146E-05,9.35013E-05,8.91397E-05,8.83697E-05,8.81384E-05,8.25073E-05,8.30069E-05,8.13056E-05,2015-11-30,33.3961452,126.2981186
Nov-15,5011030000000000000,제주특별자치도 제주시 한림읍 상대리 999-9616,1.4,1.09,1.12,1,1.1,1.38,2.73,6.16,9.84,12.95,14.5,15,14.51,14.12,13.41,13.48,13.4,13.5,10.4,6.97,5.25,3.81,2.6,1.69,6.66677E-05,7.75869E-05,0.000117272,0.000148595,0.000182473,0.000137377,0.000122874,0.000118303,0.000112526,0.000111075,0.000106876,0.000105787,0.000104368,9.93485E-05,9.32125E-05,9.07555E-05,8.42057E-05,0.000077629,6.44335E-05,5.77988E-05,5.35911E-05,0.000047455,4.85616E-05,4.93839E-05,2015-11-30,33.3956978,126.3064826
Nov-15,5011030000000000000,제주특별자치도 제주시 한림읍 상대리 3000-384,3.46,2.33,2.16,1.65,1.91,2.7,5.65,13,21.18,27.12,30.13,31.45,31,30.16,29.43,29.77,31,31.92,26.8,19.06,15.08,11.31,7.57,4.86,0.000164661,0.000164984,0.0002264,0.000244756,0.00031521,0.000268397,0.000254451,0.000249824,0.000242219,0.000232527,0.000221998,0.00022184,0.000222917,0.00021224,0.000204529,0.000200399,0.000194762,0.000183522,0.000165942,0.000158114,0.000154009,0.000140994,0.000141705,0.000141641,2015-11-30,33.4139774,126.2921098
Nov-15,5011030000000000000,제주특별자치도 제주시 한림읍 상대리 3999-9744,3.22,1.95,1.53,1.07,1.06,2.03,4.44,10.61,17.79,22.39,24.71,26.4,26.27,25.6,25.06,25.68,27.77,29.28,25.96,19.34,15.8,12.14,8.16,5.15,0.000153213,0.000138649,0.00016093,0.000159032,0.000175203,0.000201712,0.000199773,0.000203898,0.000203463,0.000191957,0.000182079,0.000186218,0.000188932,0.000180128,0.000174206,0.000172829,0.000174425,0.000168355,0.000160761,0.000160423,0.000161373,0.000151216,0.000152796,0.000150085,2015-11-30,33.4030535,126.2855702
Nov-15,5011030000000000000,제주특별자치도 제주시 한림읍 상대리 2000-0,3.04,2.18,2.37,1.87,2.27,2.68,5.12,11.15,18.16,23.63,26.24,26.93,26.36,25.48,25.04,25.05,25.64,25.66,20.19,13.81,10.99,8.11,5.73,3.78,0.000144799,0.000154819,0.000248317,0.000277354,0.0003753,0.000266642,0.000230623,0.000214208,0.000207657,0.000202592,0.000193393,0.000189945,0.000189551,0.000179284,0.000174023,0.000168618,0.000161101,0.000147508,0.000125046,0.000114597,0.000112289,0.000101082,0.000107235,0.000110341,2015-11-30,33.3913654,126.2975643
Nov-15,5011030000000000000,제주특별자치도 제주시 한림읍 상대리 10-256,0.37,0.28,0.25,0.24,0.23,0.37,0.79,2.17,3.7,5.09,5.69,5.88,5.49,5.47,5.3,5.31,5.33,5.33,3.79,2.44,1.85,1.38,0.87,0.55,0.00001756,0.000019574,2.66703E-05,0.000035368,3.87197E-05,3.66206E-05,3.54862E-05,4.17312E-05,4.22702E-05,4.36193E-05,4.19569E-05,4.14557E-05,3.94962E-05,3.84794E-05,3.68198E-05,3.57656E-05,3.34724E-05,0.000030656,2.34429E-05,2.02267E-05,1.88737E-05,1.72458E-05,1.63556E-05,1.60143E-05,2015-11-30,33.387523,126.3186822
Nov-15,5011030000000000000,제주특별자치도 제주시 한림읍 상명리 1000-128,0.45,0.27,0.26,0.24,0.24,0.41,0.92,2.86,5.1,7.17,8.09,8.28,7.6,7.66,7.66,7.61,7.73,7.62,5.15,3.29,2.53,1.87,1.17,0.72,0.000021561,1.91012E-05,2.68101E-05,3.50217E-05,3.94357E-05,4.09913E-05,4.14881E-05,5.50247E-05,0.000058274,6.15164E-05,5.96476E-05,5.84015E-05,5.46786E-05,5.39102E-05,5.32209E-05,5.12187E-05,4.85303E-05,4.38012E-05,3.19164E-05,2.72555E-05,0.000025856,2.33018E-05,0.000021926,2.11159E-05,2015-11-30,33.3596704,126.2737417
Nov-15,5011030000000000000,제주특별자치도 제주시 한림읍 상명리 1999-9488,0.52,0.32,0.35,0.28,0.29,0.53,1.23,3.76,6.68,9.35,10.7,10.94,10.01,10.09,10.06,9.98,10.14,9.97,6.8,4.41,3.38,2.41,1.46,0.9,2.48317E-05,2.25054E-05,3.70168E-05,4.10565E-05,0.000047422,5.26794E-05,5.53675E-05,7.21731E-05,0.000076386,8.01879E-05,7.88857E-05,7.71578E-05,7.20114E-05,7.09663E-05,0.000069914,6.71564E-05,6.37243E-05,5.73047E-05,4.20825E-05,3.65518E-05,3.45132E-05,3.00763E-05,2.73716E-05,2.63633E-05,2015-11-30,33.3618443,126.2643563
Nov-15,5011030000000000000,제주특별자치도 제주시 한림읍 상명리 9999-9744,0.5,0.35,0.32,0.29,0.29,0.46,0.97,2.85,5.06,7.1,8.03,8.22,7.55,7.62,7.61,7.56,7.69,7.58,5.15,3.28,2.57,1.93,1.24,0.78,2.37997E-05,2.45621E-05,3.34514E-05,4.32825E-05,4.86888E-05,4.57261E-05,4.34838E-05,5.47302E-05,5.78242E-05,6.08904E-05,5.91808E-05,0.00005799,5.43166E-05,5.36193E-05,5.28919E-05,5.09046E-05,4.82958E-05,4.36076E-05,3.18648E-05,2.72445E-05,2.62372E-05,2.40411E-05,2.32172E-05,2.27193E-05,2015-11-30,33.3600196,126.271862
Nov-15,5011030000000000000,제주특별자치도 제주시 한림읍 상명리 9999-9488,0.1,0.06,0.06,0.04,0.05,0.11,0.27,0.91,1.6,2.14,2.49,2.54,2.34,2.34,2.35,2.33,2.43,2.38,1.73,1.16,0.93,0.65,0.36,0.21,4.69961E-06,4.25522E-06,6.57144E-06,5.83695E-06,8.81245E-06,1.04962E-05,1.23489E-05,1.74238E-05,1.82873E-05,1.83257E-05,1.83588E-05,0.000017931,1.68222E-05,1.64416E-05,1.63062E-05,1.56707E-05,1.52484E-05,1.36933E-05,1.06987E-05,9.63636E-06,9.45045E-06,8.04139E-06,6.81796E-06,6.04423E-06,2015-11-30,33.3600196,126.271862
Nov-15,5011030000000000000,제주특별자치도 제주시 한림읍 협재리 2000-0,15.95,9.73,8.42,6.28,6.71,12.45,26.1,72.53,122.24,146.64,161.67,167.5,166.51,162.05,162.9,167.84,185.71,187.99,160.65,114.91,97.11,72.42,44.77,28.27,0.000759606,0.000690032,0.000882496,0.000931587,0.001108,0.001236328,0.001174812,0.001393305,0.001398004,0.001257333,0.001191374,0.001181552,0.001197533,0.00114024,0.001132233,0.001129649,0.001166638,0.001080849,0.000994808,0.000953228,0.000991793,0.000902355,0.00083776,0.000824143,2015-11-30,33.3946363,126.2460259
Nov-15,5011030000000000000,제주특별자치도 제주시 한림읍 협재리 3000-384,15.03,9.69,10.38,7.58,7.64,12.97,24.85,64.5,108.81,137.61,154.75,160.39,153.31,153.37,155.75,158.45,168.76,171.2,136.56,95.81,79.28,58.66,37.61,24.58,0.000715912,0.000687171,0.001088553,0.001125344,0.001262218,0.001288543,0.001118619,0.001239059,0.001244375,0.001179906,0.001140375,0.001131406,0.001102593,0.001079198,0.001082557,0.001066463,0.001060142,0.000984285,0.000845665,0.000794802,0.000809651,0.000730915,0.000703846,0.000716455,2015-11-30,33.404967,126.2285179
Nov-15,5011030000000000000,제주특별자치도 제주시 한림읍 협재리 999-9616,8.62,5.32,4.94,3.63,3.81,6.97,14.24,39.23,66.16,80.83,89.85,93.01,91.11,89.58,90.39,92.79,101.26,102.47,85.18,60.48,50.77,37.72,23.46,14.92,0.000410533,0.000376989,0.000518305,0.000538929,0.000629815,0.000692349,0.000640793,0.000753608,0.000756601,0.000693011,0.00066208,0.000656061,0.000655244,0.000630337,0.000628295,0.000624524,0.00063609,0.000589159,0.000527481,0.000501716,0.000518484,0.00047006,0.000439019,0.000434844,2015-11-30,33.3851515,126.2530276
Nov-15,5011030000000000000,제주특별자치도 제주시 한림읍 협재리 10-256,2.2,1.27,1.02,0.73,0.74,1.57,3.51,10.58,17.93,21.65,23.96,24.95,24.66,24.05,24.17,25.04,27.61,27.95,23.57,16.85,14.26,10.68,6.55,4.03,0.000104963,9.01398E-05,0.000106751,0.000108726,0.000122328,0.000156449,0.00015815,0.000203335,0.000205091,0.000185669,0.000176531,0.000175959,0.000177329,0.000169243,0.00016798,0.00016855,0.000173433,0.000160705,0.000145973,0.000139809,0.000145685,0.000133036,0.000122561,0.000117561,2015-11-30,33.391474,126.2617704
Nov-15,5011030000000000000,제주특별자치도 제주시 한림읍 협재리 20-0,0.54,0.3,0.3,0.21,0.19,0.44,0.89,2.89,5.03,6.66,7.72,8.09,7.43,7.62,7.82,7.93,8.23,8.31,6.1,4.17,3.43,2.52,1.6,0.97,2.57843E-05,0.000021418,0.000031459,3.07677E-05,3.15045E-05,4.41368E-05,4.01827E-05,5.54794E-05,5.74887E-05,5.70693E-05,5.69136E-05,0.000057033,5.34416E-05,5.36123E-05,5.43469E-05,5.34016E-05,5.17153E-05,4.77606E-05,0.000037758,0.000034619,3.50102E-05,3.14304E-05,2.99291E-05,2.82388E-05,2015-11-30,33.3901124,126.2600424
Nov-15,5011030000000000000,제주특별자치도 제주시 한림읍 월령리 9999-9744,1.2,0.7,0.75,0.49,0.48,1.06,2.04,6.65,11.53,15.5,18.03,18.87,17.21,17.76,18.25,18.49,19.04,19.21,13.83,9.44,7.67,5.62,3.58,2.14,5.71891E-05,4.99279E-05,7.86825E-05,7.29619E-05,7.96976E-05,0.000104862,0.000091649,0.00012771,0.000131827,0.000132884,0.000132893,0.000133095,0.000123811,0.000124994,0.000126844,0.000124423,0.000119582,0.00011043,8.56533E-05,7.82937E-05,7.83543E-05,0.00006998,6.69757E-05,6.24149E-05,2015-11-30,33.3705127,126.2255986
Nov-15,5011030000000000000,제주특별자치도 제주시 한림읍 월령리 1000-128,0.72,0.39,0.4,0.27,0.25,0.65,1.26,4.34,7.65,10.47,12.35,12.9,11.62,12.06,12.41,12.48,12.73,12.8,8.95,6.03,4.86,3.53,2.24,1.32,3.45326E-05,0.000027919,4.23299E-05,4.00177E-05,4.16388E-05,6.43676E-05,0.000056823,8.34496E-05,8.74529E-05,8.97766E-05,9.10102E-05,0.000090974,8.35762E-05,8.48396E-05,8.62642E-05,8.40273E-05,7.99884E-05,7.36044E-05,5.54316E-05,5.00538E-05,4.96353E-05,4.40449E-05,4.19245E-05,3.84615E-05,2015-11-30,33.3662087,126.2243008
Nov-15,5011030000000000000,제주특별자치도 제주시 한림읍 월령리 9999-9488,0.5,0.27,0.31,0.2,0.24,0.54,1.15,3.79,6.75,9.12,10.51,10.77,9.54,9.93,10.1,10.04,10.28,10.2,7.06,4.69,3.73,2.61,1.57,0.92,2.39108E-05,1.91249E-05,3.28922E-05,2.89869E-05,3.91603E-05,5.39376E-05,5.17064E-05,7.28007E-05,7.71828E-05,0.000078173,7.74585E-05,7.59798E-05,6.86144E-05,6.98662E-05,7.02175E-05,6.75535E-05,0.000064564,5.86232E-05,4.36926E-05,3.89408E-05,3.80775E-05,3.25809E-05,2.94364E-05,2.69269E-05,2015-11-30,33.3705127,126.2255986
Nov-15,5011030000000000000,제주특별자치도 제주시 한림읍 금능리 2000-0,7.64,4.81,4.94,3.64,3.76,6.42,12.73,33.09,55.64,68.47,76.16,78.71,76.79,75.76,76.49,78.19,84.8,85.93,71.15,50.34,42.1,31.21,19.77,12.84,0.000363775,0.000341363,0.00051855,0.000539572,0.000621663,0.00063755,0.000572971,0.000635701,0.000636394,0.000587083,0.000561244,0.000555214,0.000552254,0.000533104,0.000531676,0.000526258,0.000532726,0.00049404,0.000440588,0.000417612,0.000429927,0.000388965,0.000370035,0.000374286,2015-11-30,33.381462,126.2191886
Nov-15,5011030000000000000,제주특별자치도 제주시 한림읍 금능리 999-9616,4.02,2.66,3.04,2.2,2.29,3.61,6.78,16.22,27.11,34.08,38.01,39.15,37.65,37.56,37.98,38.54,41.12,41.74,33.77,23.74,19.6,14.44,9.36,6.31,0.000191287,0.000188672,0.000318715,0.000326078,0.000377889,0.000358657,0.000305107,0.000311642,0.000309993,0.00029222,0.000280076,0.000276129,0.000270813,0.000264295,0.000264012,0.000259416,0.000258325,0.000239978,0.000209114,0.000196938,0.000200209,0.000179984,0.00017519,0.000183853,2015-11-30,33.3786858,126.2236702
Nov-15,5011030000000000000,제주특별자치도 제주시 한림읍 금능리 10-256,0.25,0.13,0.13,0.1,0.16,0.4,1.11,3.73,6.75,9.43,11.17,11.27,10.26,10.22,10.07,9.81,10.09,9.64,6.63,4.41,3.33,2.19,1.09,0.6,0.000011876,8.98325E-06,1.36672E-05,1.50376E-05,2.68229E-05,3.96668E-05,5.00709E-05,7.17121E-05,7.72018E-05,8.08538E-05,8.22976E-05,7.94668E-05,7.38142E-05,7.19091E-05,6.99905E-05,0.000066001,6.33684E-05,0.000055438,4.10649E-05,3.65407E-05,0.00003404,2.72352E-05,2.04414E-05,0.000017365,2015-11-30,33.361226,126.2581062
Nov-15,5011030000000000000,제주특별자치도 제주시 한림읍 금능리 20-0,0.15,0.1,0.12,0.08,0.08,0.14,0.27,0.8,1.38,1.9,2.22,2.3,2.06,2.15,2.21,2.21,2.24,2.25,1.55,1.05,0.84,0.61,0.4,0.25,7.28756E-06,7.04476E-06,1.25137E-05,1.25148E-05,0.000012723,1.41384E-05,1.22439E-05,1.53234E-05,1.58246E-05,1.63137E-05,1.63544E-05,1.62522E-05,0.000014842,1.51258E-05,1.53308E-05,1.48833E-05,1.40507E-05,1.29554E-05,9.62942E-06,8.67134E-06,8.56192E-06,7.61772E-06,7.49788E-06,7.31721E-06,2015-11-30,33.3620704,126.2579681
Nov-15,5011030000000000000,제주특별자치도 제주시 한림읍 월림리 1999-9488,0.29,0.17,0.18,0.15,0.2,0.37,0.88,2.74,4.88,6.94,8.28,8.4,7.76,7.64,7.53,7.35,7.52,7.2,5,3.41,2.57,1.71,0.89,0.54,1.39083E-05,1.22692E-05,1.88055E-05,2.19133E-05,3.23858E-05,3.63889E-05,3.97026E-05,5.27067E-05,0.000055777,5.95214E-05,6.09863E-05,5.92527E-05,5.57862E-05,5.37389E-05,0.000052366,4.94643E-05,4.72446E-05,4.13845E-05,3.09442E-05,2.82482E-05,2.62134E-05,0.000021279,1.66114E-05,1.58199E-05,2015-11-30,33.3511661,126.2421586
Nov-15,5011030000000000000,제주특별자치도 제주시 한림읍 월림리 9999-9744,0.77,0.59,0.57,0.53,0.56,0.78,1.49,4.04,6.98,9.96,11.97,12.17,11.46,11.18,11.02,10.79,11.03,10.57,7.45,5.13,4.02,2.81,1.63,1.07,3.66283E-05,4.16539E-05,0.000059912,7.84526E-05,9.22553E-05,0.000077943,6.72663E-05,7.76545E-05,7.97865E-05,8.53752E-05,8.81731E-05,8.58505E-05,8.23943E-05,7.86711E-05,7.65773E-05,7.26349E-05,6.93153E-05,6.07908E-05,4.61077E-05,4.25797E-05,0.00004107,3.50316E-05,3.04469E-05,3.11054E-05,2015-11-30,33.3511661,126.2421586
Nov-15,5011030000000000000,제주특별자치도 제주시 한림읍 월림리 9999-9488,0.4,0.31,0.35,0.31,0.36,0.48,0.84,2.09,3.59,4.86,5.58,5.53,5,5.07,4.97,4.82,4.98,4.76,3.37,2.31,1.82,1.27,0.77,0.53,1.91795E-05,2.22454E-05,3.63876E-05,4.65472E-05,5.98696E-05,4.74479E-05,0.000037797,4.01303E-05,4.11151E-05,4.16473E-05,4.11168E-05,0.000039008,3.59697E-05,0.000035679,3.45608E-05,3.24273E-05,0.00003128,2.73463E-05,2.08689E-05,1.91649E-05,1.86081E-05,1.58419E-05,1.43533E-05,1.54798E-05,2015-11-30,33.3511661,126.2421586
Nov-15,5011030000000000000,제주특별자치도 제주시 한림읍 월림리 1000-128,0.09,0.03,0.04,0.02,0.05,0.17,0.47,1.61,2.95,3.99,4.58,4.58,4.08,4.14,4.1,3.99,4.14,3.97,2.76,1.81,1.39,0.91,0.44,0.23,4.06452E-06,2.24581E-06,4.05472E-06,2.91848E-06,8.59214E-06,1.72508E-05,2.10217E-05,3.08389E-05,3.36965E-05,0.000034185,3.37183E-05,3.23186E-05,2.93267E-05,2.91352E-05,2.85184E-05,2.68881E-05,2.60053E-05,2.28368E-05,1.70873E-05,1.50283E-05,1.41893E-05,1.13975E-05,8.16533E-06,6.8119E-06,2015-11-30,33.3465147,126.2398264
Nov-15,5011030000000000000,제주특별자치도 제주시 한림읍 월림리 2999-9872,0.08,0.07,0.07,0.06,0.07,0.09,0.15,0.37,0.61,0.87,1.06,1.06,1,0.98,0.96,0.94,0.96,0.92,0.66,0.47,0.37,0.26,0.16,0.11,3.98514E-06,4.79895E-06,7.06081E-06,9.39848E-06,0.000011346,8.47639E-06,6.85717E-06,7.03738E-06,7.01453E-06,7.45661E-06,7.77435E-06,7.47947E-06,7.21361E-06,6.88624E-06,6.68882E-06,6.30418E-06,6.03907E-06,5.27416E-06,4.1036E-06,3.89049E-06,3.78563E-06,3.21905E-06,2.91931E-06,3.19703E-06,2015-11-30,33.3511661,126.2421586
Nov-15,5011030000000000000,제주특별자치도 제주시 한림읍 한수리 999-9616,9.42,5.66,4.23,2.94,2.94,6.33,13.65,33.16,54.99,68.36,75.41,79.59,79.1,77.96,77.41,79.2,86.84,91.65,82.12,61.09,49.66,38.37,24.98,15.59,0.000448781,0.000401598,0.000443992,0.000435743,0.000485291,0.000628974,0.000614475,0.000636956,0.00062891,0.000586097,0.00055571,0.000561424,0.000568904,0.000548575,0.000538018,0.000533085,0.000545533,0.000526944,0.000508516,0.000506737,0.000507175,0.000478089,0.00046742,0.000454503,2015-11-30,33.4217358,126.2633474
Nov-15,5011030000000000000,제주특별자치도 제주시 한경면 청수리 3000-384,7.8,6.34,5.82,5.4,5.76,7.91,15.31,35.76,57.64,76.48,89.07,90.7,86.79,84.98,82.18,80.32,80.67,77.91,59.72,42.68,34.39,24.28,15.81,10.47,0.000371555,0.000449895,0.000610305,0.000800998,0.000951634,0.000785854,0.000689063,0.000686999,0.00065921,0.000655788,0.000656381,0.000639795,0.000624191,0.00059793,0.000571207,0.000540571,0.000506798,0.000447949,0.000369819,0.000354037,0.000351239,0.000302516,0.000295911,0.000305156,2015-11-30,33.282,126.2324256
Nov-15,5011030000000000000,제주특별자치도 제주시 한경면 청수리 999-9616,32.35,29.84,30.5,28.23,30.64,31.52,42.43,62.47,89.13,111.38,125.11,122.67,118.74,118.62,114.04,110.15,112.15,108.19,91.39,70.42,61.18,48.57,40.9,33.59,0.001540851,0.0021165,0.00319879,0.004189942,0.005062367,0.003131429,0.001909835,0.001200049,0.001019357,0.000954993,0.000921976,0.00086531,0.00085397,0.000834638,0.00079264,0.000741387,0.000704507,0.000622042,0.000565943,0.000584124,0.000624812,0.000605173,0.000765383,0.000979126,2015-11-30,33.2930401,126.2454281
Nov-15,5011030000000000000,제주특별자치도 제주시 한경면 청수리 2000-0,2.99,2.37,2.29,2.17,2.34,3.28,6.19,15.88,27.22,37.63,44.54,44.86,41.7,41.2,40.47,39.41,40.37,38.62,27.7,19.17,15.21,10.49,6.2,4.02,0.00014229,0.000168223,0.000240382,0.000321379,0.000386867,0.000326275,0.000278713,0.00030506,0.0003113,0.000322618,0.000328186,0.000316463,0.000299936,0.000289912,0.000281282,0.000265229,0.000253582,0.000222042,0.000171519,0.000158999,0.000155354,0.000130652,0.000116074,0.000117173,2015-11-30,33.3247331,126.2407187
Nov-15,5011030000000000000,제주특별자치도 제주시 한경면 청수리 10-256,10.25,9.16,9.13,8.49,9.12,10.11,15.21,27.94,42.93,56.51,65.43,65.62,62.89,62.06,60.03,58.46,59.3,57.03,44.6,32.91,27.31,20.5,15.12,11.53,0.000488441,0.000649867,0.000957298,0.001259297,0.001506543,0.001004518,0.000684592,0.00053671,0.000491006,0.00048452,0.000482145,0.000462874,0.00045234,0.000436685,0.00041726,0.000393484,0.000372513,0.000327902,0.000276175,0.000272973,0.000278928,0.000255489,0.000282867,0.000335989,2015-11-30,33.3177062,126.2604463
Nov-15,5011030000000000000,제주특별자치도 제주시 한경면 청수리 20-0,0.35,0.22,0.12,0.1,0.11,0.38,1.28,3.79,6.31,8.44,9.82,10.12,9.74,9.46,9.15,9.06,8.99,8.74,6.67,4.59,3.64,2.48,1.43,0.72,1.67344E-05,1.54843E-05,0.000013073,1.45429E-05,1.79554E-05,3.78126E-05,5.74082E-05,7.27943E-05,7.22001E-05,7.24026E-05,7.23862E-05,7.13877E-05,7.00695E-05,0.000066531,6.36121E-05,6.09711E-05,5.64833E-05,5.02233E-05,4.13332E-05,3.80754E-05,3.72231E-05,3.08779E-05,2.67915E-05,2.10965E-05,2015-11-30,33.3154161,126.2624749
Nov-15,5011030000000000000,제주특별자치도 제주시 한경면 용수리 1999-9488,0.33,0.22,0.17,0.14,0.15,0.25,0.69,2.07,3.38,4.36,5.02,5.32,5.14,4.99,4.99,5.11,5.4,5.33,4.45,3.24,2.7,2.01,1.11,0.62,1.56389E-05,0.000015437,1.79317E-05,2.01325E-05,0.000025501,2.50318E-05,3.12099E-05,3.97846E-05,3.86943E-05,3.73631E-05,3.69853E-05,3.75032E-05,3.69886E-05,0.000035095,3.46604E-05,3.43791E-05,3.39352E-05,3.06599E-05,0.000027528,2.68767E-05,2.75479E-05,2.50006E-05,2.07221E-05,1.81716E-05,2015-11-30,33.3255635,126.189647
Nov-15,5011030000000000000,제주특별자치도 제주시 한경면 용수리 4999-9616,1.43,1.11,1.03,0.91,1.01,1.33,2.5,5.92,9.57,12.12,13.76,14.41,14.13,13.54,13.5,13.78,14.41,14.08,12.05,8.98,7.44,5.53,3.39,2.09,6.82713E-05,7.86034E-05,0.000108289,0.000135041,0.000166831,0.00013198,0.000112566,0.000113731,0.000109423,0.000103952,0.000101428,0.000101651,0.000101659,9.52956E-05,9.38473E-05,9.27208E-05,9.05044E-05,8.09464E-05,7.46306E-05,7.44696E-05,7.59576E-05,6.88503E-05,6.34138E-05,6.09573E-05,2015-11-30,33.3238904,126.1799307
Nov-15,5011030000000000000,제주특별자치도 제주시 한경면 용수리 1000-128,0.5,0.32,0.22,0.18,0.21,0.38,1.02,3.09,5.08,6.54,7.54,7.98,7.74,7.49,7.5,7.68,8.14,8.05,6.69,4.87,4.03,2.99,1.64,0.93,2.39108E-05,2.26709E-05,2.27903E-05,2.65631E-05,3.42033E-05,3.78457E-05,4.58845E-05,5.93535E-05,5.80758E-05,5.61175E-05,5.55454E-05,5.63183E-05,5.56351E-05,5.26858E-05,5.21111E-05,5.17122E-05,5.11101E-05,4.62773E-05,4.14158E-05,4.03676E-05,4.11244E-05,3.72787E-05,0.000030634,2.72185E-05,2015-11-30,33.3331997,126.1819788
Nov-15,5011030000000000000,제주특별자치도 제주시 한경면 용수리 4000-256,1.04,0.84,0.79,0.68,0.76,0.95,1.64,3.63,5.73,7.14,8.13,8.47,8.27,7.96,7.96,8.09,8.52,8.37,7.16,5.39,4.5,3.39,2.17,1.4,4.97269E-05,5.94313E-05,8.28771E-05,0.000101405,0.000126404,9.39356E-05,7.36433E-05,6.96758E-05,6.55058E-05,6.11934E-05,5.98809E-05,5.97723E-05,5.94541E-05,5.60093E-05,5.53501E-05,5.44156E-05,5.35182E-05,4.81228E-05,4.43593E-05,4.46701E-05,4.59416E-05,4.22796E-05,4.05647E-05,4.06868E-05,2015-11-30,33.3309517,126.1675336
Nov-15,5011030000000000000,제주특별자치도 제주시 한경면 용수리 2999-9872,3.94,3.31,3.34,2.97,3.26,3.75,5.85,11.4,17.94,22.07,24.83,25.64,25.39,24.08,24.05,24.36,25.37,24.69,21.6,16.5,13.74,10.31,7.09,4.84,0.000187905,0.000235101,0.000349894,0.000440146,0.000539267,0.000372796,0.000263453,0.000218966,0.000205141,0.000189251,0.000183005,0.000180881,0.000182586,0.000169433,0.00016713,0.000163947,0.000159397,0.000141975,0.000133745,0.000136892,0.00014033,0.000128525,0.000132629,0.000141175,2015-11-30,33.3224497,126.1761964
Nov-15,5011030000000000000,제주특별자치도 제주시 한경면 용수리 9999-9488,0.25,0.22,0.22,0.19,0.21,0.23,0.32,0.55,0.81,0.96,1.08,1.1,1.08,1.03,1.04,1.04,1.11,1.09,0.95,0.75,0.64,0.5,0.37,0.28,1.17649E-05,1.52715E-05,2.31399E-05,2.89374E-05,0.00003536,0.000022681,1.43746E-05,1.05272E-05,9.28663E-06,8.21399E-06,7.96594E-06,7.78749E-06,7.7554E-06,7.27558E-06,7.24718E-06,7.02883E-06,6.96252E-06,6.27264E-06,5.89531E-06,6.20764E-06,6.49548E-06,6.23457E-06,6.94271E-06,8.10432E-06,2015-11-30,33.3238904,126.1799307
Nov-15,5011030000000000000,제주특별자치도 제주시 한경면 용수리 9999-9744,0.47,0.27,0.17,0.12,0.15,0.41,1.3,4.1,6.92,9.03,10.31,10.96,10.7,10.28,10.21,10.5,10.91,10.67,9.06,6.58,5.38,3.87,2.08,1.06,2.23073E-05,1.94085E-05,1.73374E-05,1.74119E-05,2.40139E-05,4.08919E-05,5.84735E-05,7.87367E-05,7.91156E-05,7.74585E-05,7.59503E-05,7.72895E-05,7.69691E-05,7.23196E-05,7.09589E-05,7.06427E-05,6.85217E-05,0.000061337,5.60859E-05,5.46245E-05,5.49767E-05,4.82359E-05,3.89802E-05,3.09111E-05,2015-11-30,33.3238904,126.1799307
Nov-15,5011030000000000000,제주특별자치도 제주시 한경면 고산리 2000-0,11.76,9.11,8.84,7.9,8.95,12.05,22.08,47.96,79.91,101.77,113.71,118.5,118.87,111.67,110.43,112.72,115.33,110.74,97.54,72.81,59.42,42.61,27.43,16.53,0.000559983,0.000645825,0.000927238,0.001172634,0.00147917,0.001197257,0.000993705,0.000921416,0.000913879,0.000872578,0.000837969,0.0008359,0.00085494,0.000785726,0.000767569,0.000758624,0.000724487,0.00063672,0.000604003,0.000603988,0.000606851,0.000530927,0.000513274,0.000481867,2015-11-30,33.3033687,126.188315
Nov-15,5011030000000000000,제주특별자치도 제주시 한경면 고산리 3000-384,23.1,18.5,18.31,16.33,18.32,23.22,40.33,83.65,137.69,173.85,194.22,201.72,202.27,190.03,188.27,191.68,196.54,188.97,166.63,125.28,102.62,74.28,49.16,30.76,0.001100057,0.00131172,0.001919735,0.002423225,0.003027627,0.002306902,0.00181559,0.00160691,0.001574774,0.001490651,0.001431195,0.001422878,0.001454703,0.001337113,0.001308566,0.001290114,0.001234644,0.001086449,0.001031881,0.001039267,0.001048043,0.000925541,0.000919913,0.000896606,2015-11-30,33.3021091,126.1851714
Nov-15,5011030000000000000,제주특별자치도 제주시 한경면 고산리 3999-9744,17.44,14.87,15.33,13.72,15.14,17.1,25.46,44.64,70.15,85.4,95.14,97.37,97.62,91.58,91.3,92.05,95.13,91.75,81.71,63.2,52.53,39.34,28.82,20.35,0.000830544,0.001054846,0.001607172,0.002035612,0.002500863,0.001698655,0.001146183,0.000857555,0.000802284,0.000732189,0.000701123,0.000686818,0.000702117,0.000644375,0.000634573,0.000619566,0.000597577,0.000527513,0.000506006,0.000524279,0.000536531,0.000490213,0.000539305,0.000593219,2015-11-30,33.3021091,126.1851714
Nov-15,5011030000000000000,제주특별자치도 제주시 한경면 고산리 20-0,0.66,0.54,0.54,0.48,0.54,0.67,1.13,2.27,3.7,4.66,5.2,5.38,5.4,5.07,5.03,5.11,5.25,5.04,4.46,3.36,2.76,2.01,1.35,0.86,3.12778E-05,3.81552E-05,5.63117E-05,7.14285E-05,8.86202E-05,6.60893E-05,5.07011E-05,4.36074E-05,4.23503E-05,3.99353E-05,3.82847E-05,3.79523E-05,3.88394E-05,3.56672E-05,3.49431E-05,0.000034406,0.000032951,2.89868E-05,2.75919E-05,2.79109E-05,2.82118E-05,2.50089E-05,2.52071E-05,2.51001E-05,2015-11-30,33.3110686,126.2078806
Nov-15,5011030000000000000,제주특별자치도 제주시 한경면 고산리 999-9616,1.03,0.58,0.45,0.42,0.49,1.19,2.96,7.86,13.63,17.89,20.04,21.11,21.16,19.91,19.6,20.15,20.53,19.68,17.19,12.54,10.11,7.04,4.05,2.08,4.89807E-05,4.11102E-05,0.000046874,6.17826E-05,8.11296E-05,0.000118272,0.000133242,0.000150967,0.000155887,0.000153365,0.000147644,0.000148941,0.000152155,0.000140112,0.000136204,0.000135605,0.000128988,0.000113126,0.000106448,0.00010402,0.000103284,8.77367E-05,7.57523E-05,6.05492E-05,2015-11-30,33.3136635,126.1962381
Nov-15,5011030000000000000,제주특별자치도 제주시 한경면 고산리 10-256,1.15,0.95,0.97,0.86,0.95,1.14,1.81,3.45,5.5,6.81,7.64,7.84,7.8,7.36,7.29,7.33,7.52,7.26,6.32,4.8,3.95,2.91,2.06,1.4,5.45853E-05,0.000067658,0.000101403,0.000128166,0.000157412,0.000113339,8.15958E-05,6.62628E-05,6.28449E-05,5.83497E-05,5.62701E-05,5.52719E-05,5.61242E-05,5.18016E-05,5.06793E-05,4.93498E-05,0.00004723,4.17141E-05,3.91142E-05,3.98146E-05,4.03789E-05,0.000036315,3.86122E-05,0.000040852,2015-11-30,33.3118915,126.2071741
Nov-15,5011030000000000000,제주특별자치도 제주시 한경면 고산리 60-0,0.37,0.31,0.32,0.28,0.32,0.38,0.59,1.13,1.82,2.27,2.52,2.6,2.61,2.45,2.43,2.47,2.54,2.44,2.17,1.65,1.36,1,0.69,0.46,1.77664E-05,2.21981E-05,3.31019E-05,4.21448E-05,5.25442E-05,3.72498E-05,2.66484E-05,2.17653E-05,2.08301E-05,1.94261E-05,1.86019E-05,1.83707E-05,0.000018788,1.72578E-05,1.69109E-05,1.66242E-05,0.000015952,1.40497E-05,1.34234E-05,1.36955E-05,1.39033E-05,1.24567E-05,1.29872E-05,1.35072E-05,2015-11-30,33.3044185,126.2067568
Nov-15,5011030000000000000,제주특별자치도 제주시 한경면 판포리 2999-9872,0.57,0.33,0.1,0.09,0.12,0.43,1.23,4.21,6.95,9.06,10.44,11.12,10.66,10.45,10.45,10.72,11.37,11.28,9.33,6.71,5.52,4.09,2.15,1.17,2.70545E-05,2.35456E-05,0.000010766,1.38504E-05,1.90569E-05,4.29448E-05,5.54275E-05,8.07858E-05,7.95158E-05,7.77243E-05,0.000076901,0.000078451,7.66335E-05,7.35275E-05,7.26271E-05,0.000072184,7.14302E-05,6.48326E-05,5.77538E-05,5.56558E-05,5.63623E-05,5.09399E-05,4.02403E-05,3.39915E-05,2015-11-30,33.3609857,126.2000347
Nov-15,5011030000000000000,제주특별자치도 제주시 한경면 판포리 9999-9744,0.18,0.09,0.11,0.07,0.09,0.28,0.67,2.29,4.19,5.73,6.65,6.73,5.98,6.13,6.14,6.03,6.18,6.01,4.1,2.71,2.09,1.41,0.75,0.41,8.65299E-06,6.17007E-06,1.11505E-05,0.000010091,1.52566E-05,2.78463E-05,2.99495E-05,4.39788E-05,4.78894E-05,4.91439E-05,4.90214E-05,4.74844E-05,4.30227E-05,4.31586E-05,4.26977E-05,4.05576E-05,3.88205E-05,3.45637E-05,2.53936E-05,2.24941E-05,2.13486E-05,1.75532E-05,1.40476E-05,1.19524E-05,2015-11-30,33.3583661,126.2127584
Nov-15,5011030000000000000,제주특별자치도 제주시 한경면 판포리 1000-128,0.77,0.38,0.31,0.21,0.25,0.77,1.71,6.06,10.86,14.46,16.79,17.33,15.67,16.13,16.46,16.47,17.1,16.99,12.25,8.29,6.72,4.81,2.85,1.57,3.66125E-05,2.72334E-05,3.25077E-05,3.15591E-05,4.11982E-05,0.000076155,7.69444E-05,0.00011637,0.000124226,0.000124024,0.000123736,0.000122279,0.000112716,0.000113499,0.000114375,0.000110819,0.000107422,9.76811E-05,7.58897E-05,6.87292E-05,6.86758E-05,5.99449E-05,5.33522E-05,4.58856E-05,2015-11-30,33.3626693,126.2156587
Nov-15,5011030000000000000,제주특별자치도 제주시 한경면 판포리 1999-9488,0.46,0.28,0.14,0.1,0.12,0.35,1.02,3.51,5.84,7.68,8.88,9.42,8.92,8.82,8.85,9.04,9.53,9.44,7.66,5.48,4.51,3.32,1.75,0.94,0.000021688,1.95504E-05,1.47508E-05,1.46913E-05,2.01034E-05,3.49982E-05,4.57045E-05,6.74218E-05,6.68325E-05,6.58177E-05,6.54666E-05,6.64453E-05,6.41385E-05,6.20629E-05,6.14991E-05,0.000060841,5.98546E-05,5.42882E-05,4.74349E-05,4.54554E-05,4.60301E-05,4.13492E-05,3.28048E-05,2.73059E-05,2015-11-30,33.3604624,126.20717
Nov-15,5011030000000000000,제주특별자치도 제주시 한경면 판포리 9999-9488,0.01,0,0.01,0,0.01,0.02,0.06,0.18,0.34,0.46,0.51,0.51,0.43,0.45,0.45,0.43,0.45,0.43,0.29,0.19,0.15,0.09,0.04,0.02,4.12803E-07,2.60041E-07,6.64135E-07,5.44123E-07,1.21171E-06,2.25154E-06,2.47578E-06,3.55391E-06,3.92661E-06,3.91551E-06,3.77295E-06,3.56457E-06,3.12374E-06,3.19685E-06,3.13473E-06,2.9255E-06,2.82479E-06,2.46076E-06,1.81029E-06,1.56228E-06,1.48089E-06,1.1547E-06,8.23394E-07,6.80219E-07,2015-11-30,33.3583661,126.2127584
Nov-15,5011030000000000000,제주특별자치도 제주시 한경면 금등리 999-9616,0.4,0.25,0.12,0.09,0.11,0.3,0.91,3.15,5.17,6.73,7.76,8.28,7.94,7.77,7.76,7.97,8.44,8.38,6.96,5.05,4.18,3.1,1.61,0.84,1.90683E-05,1.73991E-05,1.28982E-05,1.33557E-05,1.78452E-05,2.96674E-05,0.000041173,6.05957E-05,5.90822E-05,5.76694E-05,5.71986E-05,5.83874E-05,5.70999E-05,5.46466E-05,5.39114E-05,5.36618E-05,5.30324E-05,4.81535E-05,4.31167E-05,4.19023E-05,0.000042687,3.85995E-05,3.00913E-05,2.45656E-05,2015-11-30,33.3540612,126.1941015
Nov-15,5011030000000000000,제주특별자치도 제주시 한경면 금등리 10-256,0.3,0.16,0.17,0.12,0.19,0.52,1.39,4.64,8.36,11.12,12.6,12.67,11.22,11.48,11.44,11.2,11.66,11.19,8.07,5.42,4.28,2.9,1.44,0.72,1.40988E-05,1.13236E-05,1.81414E-05,1.72141E-05,0.000031835,5.20503E-05,6.27649E-05,8.91038E-05,0.000095615,9.53269E-05,9.28255E-05,8.93775E-05,8.07089E-05,0.000080796,7.94873E-05,7.53473E-05,7.32792E-05,0.000064342,0.000049978,4.49605E-05,4.37083E-05,3.61406E-05,2.68601E-05,2.09507E-05,2015-11-30,33.3449963,126.2195428
Nov-15,5011030000000000000,제주특별자치도 제주시 한경면 조수리 1999-9488,0.51,0.23,0.36,0.24,0.44,1.24,3.15,10.26,18.99,25.5,28.76,28.51,24.76,25.62,25.44,24.57,25.41,24.15,16.53,10.76,8.29,5.35,2.57,1.31,2.40855E-05,1.63826E-05,3.80654E-05,3.55164E-05,7.28679E-05,0.000123007,0.000141915,0.000197194,0.000217222,0.000218597,0.000211929,0.000201083,0.000178072,0.000180243,0.000176842,0.000165333,0.000159637,0.00013883,0.00010235,8.92601E-05,8.46591E-05,6.66364E-05,4.80313E-05,3.82866E-05,2015-11-30,33.3353507,126.2162679
Nov-15,5011030000000000000,제주특별자치도 제주시 한경면 조수리 4000-256,1.67,1.33,1.21,1.1,1.2,1.76,3.79,9,14.68,19.11,21.78,22.18,21.15,20.77,20.13,19.77,19.84,19.18,15.01,10.74,8.66,6.11,3.92,2.48,7.96869E-05,9.46314E-05,0.000127164,0.000163237,0.000198776,0.000174792,0.000170454,0.000172899,0.000167918,0.000163848,0.000160468,0.000156425,0.000152135,0.000146159,0.000139935,0.000133068,0.000124653,0.000110259,9.29213E-05,8.90969E-05,8.84686E-05,7.61938E-05,7.32759E-05,7.22878E-05,2015-11-30,33.2932655,126.2157397
Nov-15,5011030000000000000,제주특별자치도 제주시 한경면 조수리 9999-9744,1.08,0.62,0.81,0.61,0.97,2.24,5.34,17.02,31.36,41.77,46.93,46.36,40.07,41.65,41.38,39.89,41.32,39.37,26.92,17.43,13.51,8.7,4.33,2.3,5.16163E-05,0.000043616,8.45899E-05,9.03243E-05,0.000160607,0.000222307,0.000240391,0.000326959,0.000358637,0.000358149,0.000345798,0.000327042,0.000288185,0.000293062,0.000287596,0.000268491,0.000259584,0.000226333,0.000166695,0.000144584,0.000138029,0.000108388,8.10669E-05,6.70987E-05,2015-11-30,33.3212026,126.2194108
Nov-15,5011030000000000000,제주특별자치도 제주시 한경면 조수리 2999-9872,0.59,0.31,0.25,0.2,0.26,0.76,2.13,6.35,10.99,14.66,16.89,17.25,16.26,15.93,15.58,15.32,15.53,14.94,11.31,7.85,6.18,4.15,2.31,1.22,0.000028023,2.22454E-05,2.62508E-05,2.98278E-05,4.31259E-05,7.57246E-05,9.60454E-05,0.000122037,0.000125694,0.000125691,0.000124495,0.000121651,0.000116923,0.00011208,0.000108265,0.000103135,9.75444E-05,8.58775E-05,7.00377E-05,6.50959E-05,0.000063096,5.17332E-05,4.33218E-05,3.56823E-05,2015-11-30,33.314465,126.2141324
Nov-15,5011030000000000000,제주특별자치도 제주시 한경면 조수리 1000-128,1.06,0.58,0.73,0.56,0.88,2.14,5.14,16.62,30.63,41.04,46.34,45.91,39.9,41.29,40.96,39.54,40.94,38.98,26.64,17.3,13.4,8.63,4.26,2.27,5.04096E-05,4.14648E-05,7.65503E-05,8.33002E-05,0.000144744,0.000213002,0.000231253,0.000319198,0.000350273,0.000351887,0.000341519,0.000323821,0.000286957,0.000290554,0.000284718,0.000266128,0.000257163,0.000224108,0.000164988,0.0001435,0.000136827,0.000107545,7.96385E-05,6.63019E-05,2015-11-30,33.3431373,126.2244431
Nov-15,5011030000000000000,제주특별자치도 제주시 한경면 두모리 999-9616,0.4,0.19,0.15,0.1,0.17,0.44,1.5,4.91,8.52,11.28,12.87,13.29,12.26,12.24,12.2,12.22,12.8,12.44,9.61,6.71,5.42,3.86,1.96,1.08,1.92589E-05,0.000013404,1.54149E-05,1.47902E-05,2.78143E-05,4.37395E-05,6.73413E-05,9.43034E-05,9.73877E-05,9.67531E-05,9.48249E-05,9.37603E-05,8.81599E-05,8.61226E-05,8.48161E-05,8.22393E-05,8.04072E-05,7.15327E-05,0.000059531,5.56393E-05,5.53648E-05,4.80739E-05,3.66099E-05,3.15136E-05,2015-11-30,33.3271971,126.2048925
Nov-15,5011030000000000000,제주특별자치도 제주시 한경면 두모리 2000-0,1.52,1.09,0.82,0.66,0.73,1.22,3.02,9.36,15.1,19.46,22.45,23.83,22.9,22.35,22.35,22.92,24.27,24.04,20.12,14.72,12.24,9.14,4.95,2.76,0.000072447,7.69722E-05,8.61978E-05,9.81894E-05,0.000121391,0.000121517,0.000136048,0.000179885,0.000172638,0.000166844,0.000165452,0.000168066,0.000164697,0.000157279,0.000155339,0.000154266,0.00015248,0.000138228,0.000124567,0.000122134,0.000124997,0.000113855,0.000092688,0.000080431,2015-11-30,33.3480363,126.1935545
Nov-15,5011030000000000000,제주특별자치도 제주시 한경면 두모리 10-256,0.78,0.52,0.48,0.37,0.48,0.91,2.3,7.16,12.42,16.28,18.52,18.94,17.26,17.36,17.32,17.25,18.08,17.58,13.43,9.37,7.59,5.39,2.84,1.54,3.72158E-05,3.69022E-05,5.00898E-05,5.43133E-05,7.84859E-05,9.05583E-05,0.000103578,0.000137539,0.000142037,0.000139626,0.000136445,0.000133572,0.000124156,0.000122135,0.000120373,0.000116114,0.000113561,0.0001011,8.31907E-05,0.00007776,7.75645E-05,0.000067139,5.30778E-05,4.48847E-05,2015-11-30,33.3390901,126.2126552
Nov-15,5011030000000000000,제주특별자치도 제주시 한경면 두모리 3000-384,3.71,2.46,1.65,1.25,1.36,3.03,8.46,28.4,46.18,59.98,69.34,73.73,70.68,69.15,69.04,70.91,75.11,74.37,61.83,44.93,37.25,27.76,14.54,7.81,0.000176839,0.00017437,0.000172955,0.000185843,0.000224938,0.000300713,0.000380986,0.000545509,0.000528118,0.000514272,0.000510948,0.000520104,0.000508311,0.000486566,0.000479853,0.000477227,0.000471831,0.000427598,0.000382865,0.000372738,0.000380442,0.000345963,0.000272101,0.000227533,2015-11-30,33.3522573,126.1891934
Nov-15,5011030000000000000,제주특별자치도 제주시 한경면 신창리 1000-128,3.15,2.32,1.94,1.62,1.77,2.65,5.91,17.11,27.42,35.11,40.48,42.84,41.23,40.2,40.21,41.17,43.64,43.19,36.16,26.62,22.17,16.66,9.29,5.37,0.00014999,0.000164512,0.000203086,0.000240354,0.000293069,0.000263232,0.000265974,0.000328663,0.000313569,0.000301065,0.000298319,0.000302207,0.000296503,0.000282878,0.000279505,0.000277079,0.000274116,0.000248307,0.000223952,0.00022084,0.000226399,0.000207639,0.00017393,0.000156509,2015-11-30,33.334976,126.1866751
Nov-15,5011030000000000000,제주특별자치도 제주시 한경면 신창리 9999-9744,5.13,3.38,2.25,1.69,1.84,4.12,11.65,39.22,63.7,82.7,95.64,101.86,97.76,95.56,95.45,98.09,103.94,103,85.75,62.42,51.79,38.64,20.21,10.81,0.000244395,0.000239947,0.000235488,0.000251088,0.00030447,0.000409052,0.000524371,0.00075346,0.000728559,0.000709044,0.000704791,0.000718526,0.000703107,0.000672415,0.000663469,0.000660209,0.000652978,0.000592206,0.000531001,0.000517767,0.000528953,0.000481516,0.000378131,0.000315213,2015-11-30,33.3427823,126.1815477
Nov-15,5011030000000000000,제주특별자치도 제주시 한경면 낙천리 10-256,1.07,0.63,0.59,0.51,0.61,1.48,3.58,11.67,20.98,29.34,34.56,34.81,31.67,31.61,31.21,30.38,31.21,29.82,20.49,13.73,10.56,6.98,3.47,1.93,5.08859E-05,4.44671E-05,0.000061415,7.52868E-05,0.000101233,0.000146615,0.000161361,0.000224133,0.000239996,0.000251547,0.000254694,0.000245569,0.000227748,0.0002224,0.000216954,0.000204504,0.00019606,0.000171473,0.000126898,0.000113908,0.000107884,8.70348E-05,6.49546E-05,5.63999E-05,2015-11-30,33.3321899,126.2371008
Nov-15,5011030000000000000,제주특별자치도 제주시 한경면 낙천리 2000-0,0.86,0.48,0.64,0.46,0.8,1.71,4.07,13.02,23.89,31.94,35.96,35.61,30.94,32.05,31.8,30.69,31.77,30.24,20.81,13.57,10.49,6.78,3.36,1.8,4.09945E-05,3.41836E-05,6.71476E-05,6.80648E-05,0.000132352,0.000169991,0.000183253,0.000250195,0.00027317,0.000273894,0.000264959,0.00025117,0.000222536,0.000225496,0.000221039,0.000206582,0.000199597,0.000173857,0.000128857,0.000112539,0.000107179,8.44637E-05,6.28649E-05,5.23768E-05,2015-11-30,33.3258488,126.2250745
Nov-15,5011030000000000000,제주특별자치도 제주시 한경면 낙천리 999-9616,1.84,1.31,1.12,1.06,1.14,2.07,4.51,12.38,20.88,28.19,32.97,33.52,31.47,31.02,30.2,29.51,29.81,28.72,21.13,14.7,11.59,7.92,4.66,2.86,8.76889E-05,9.30712E-05,0.000117307,0.000157499,0.000187815,0.000205519,0.000203149,0.00023792,0.000238772,0.000241707,0.000242985,0.000236421,0.000226304,0.000218239,0.000209876,0.0001986,0.000187293,0.00016512,0.000130847,0.000121935,0.000118355,9.87397E-05,8.71301E-05,8.34628E-05,2015-11-30,33.2909044,126.2257752
Nov-15,5011030000000000000,제주특별자치도 제주시 한경면 저지리 9999-9488,25.78,22.86,23.71,22.28,23.21,25.55,38.04,68.84,107.59,148.41,169.44,168.7,161.91,161.31,156.75,158.31,160.72,156.17,116.84,81.19,66.8,53.55,39.61,29.79,0.001227788,0.001621523,0.002486767,0.003306831,0.003835508,0.002538413,0.001712237,0.001322515,0.001230506,0.001272497,0.001248632,0.001190024,0.001164428,0.001135031,0.001089515,0.001065505,0.00100962,0.000897912,0.000723552,0.000673536,0.000682186,0.000667278,0.000741329,0.000868309,2015-11-30,33.3279794,126.2700715
Nov-15,5011030000000000000,제주특별자치도 제주시 한경면 저지리 1000-128,1.81,1.38,1.48,1.32,1.56,2.36,4.57,12.47,22.07,29.84,34.33,34.16,30.58,31.07,30.72,29.75,30.69,29.31,20.58,13.87,10.94,7.39,4.19,2.65,8.62124E-05,9.79174E-05,0.000155268,0.000195488,0.000257819,0.000234856,0.00020591,0.000239508,0.000252382,0.00025582,0.000252948,0.000240961,0.00021992,0.000218598,0.0002135,0.000200215,0.000192783,0.000168493,0.00012747,0.000115072,0.00011173,9.20897E-05,7.84907E-05,7.72534E-05,2015-11-30,33.3279794,126.2700715
Nov-15,5011030000000000000,제주특별자치도 제주시 한경면 저지리 2999-9872,18.01,15.61,15.91,14.81,15.82,17.98,28.32,56.94,92.07,127.94,150.78,151.24,144.31,141.8,139.15,137.88,140.29,134.94,100.76,70.95,57.84,43.24,29.65,21.28,0.000857805,0.001107351,0.001668692,0.002198502,0.002614764,0.001786167,0.001274969,0.001093797,0.001052931,0.00109698,0.001111096,0.001066858,0.001037858,0.000997782,0.000967186,0.000928002,0.000881298,0.000775859,0.000623974,0.000588587,0.000590731,0.000538794,0.000554868,0.000620311,2015-11-30,33.3177548,126.2689891
Nov-15,5011030000000000000,제주특별자치도 제주시 한경면 저지리 1999-9488,11.97,9.47,9.28,8.59,9.05,11.8,22.03,55.79,95.78,135.37,159.31,161.71,151.79,149.46,147.56,145.46,148.32,143.23,101.11,68.58,54.17,39.15,24.29,16.11,0.000570208,0.000671687,0.000973273,0.001275225,0.001495307,0.001172523,0.000991574,0.001071794,0.001095388,0.001160703,0.001173941,0.001140684,0.001091661,0.001051648,0.001025609,0.000978988,0.000931749,0.000823493,0.000626143,0.000568885,0.000553253,0.000487833,0.000454607,0.000469759,2015-11-30,33.338228,126.2581119
Nov-15,5011030000000000000,제주특별자치도 제주시 한경면 저지리 9999-9744,0.4,0.38,0.4,0.39,0.38,0.41,0.51,0.68,0.94,1.2,1.32,1.26,1.24,1.26,1.14,1.12,1.18,1.15,0.92,0.72,0.63,0.53,0.48,0.42,1.92747E-05,2.67133E-05,0.000041456,0.00005832,6.35047E-05,4.04946E-05,2.30023E-05,1.30886E-05,1.08077E-05,1.02546E-05,9.73943E-06,8.91376E-06,8.92531E-06,8.85407E-06,7.92139E-06,7.53585E-06,7.43157E-06,6.60803E-06,5.67444E-06,5.95878E-06,6.4308E-06,6.66239E-06,8.89516E-06,0.00001238,2015-11-30,33.3279794,126.2700715
Nov-15,5013030000000000000,제주특별자치도 서귀포시 대정읍 상모리 999-9616,6.8,4.28,3.44,2.49,2.71,3.99,8.72,18.75,31.34,39.01,44.82,47.42,49.05,48.88,48.51,49.13,53.09,56.8,52.22,40.25,33.42,25.66,16.64,10.07,0.000324051,0.000303563,0.000360486,0.000368965,0.000447452,0.000396172,0.000392389,0.000360161,0.000358416,0.000334496,0.000330288,0.000334495,0.000352764,0.000343913,0.000337191,0.000330676,0.000333529,0.000326588,0.000323361,0.000333888,0.000341319,0.000319762,0.000311449,0.000293437,2015-11-30,33.2408337,126.2825044
Nov-15,5013030000000000000,제주특별자치도 서귀포시 대정읍 상모리 2000-0,14.66,8.91,7.52,4.69,5.44,7.14,15.77,33.89,59.9,73.23,85.65,90.08,94.4,93.75,94.15,94.54,105.13,111.26,105.2,82.63,70.37,53.6,36.08,21.68,0.00069813,0.000631711,0.000788259,0.000695389,0.000899586,0.000709599,0.000709965,0.000651018,0.000685065,0.000627845,0.00063113,0.000635396,0.000678901,0.000659634,0.00065439,0.000636267,0.000660407,0.000639702,0.000651477,0.000685412,0.000718673,0.000667838,0.00067519,0.000632118,2015-11-30,33.2139732,126.2746945
Nov-15,5013030000000000000,제주특별자치도 서귀포시 대정읍 상모리 3999-9744,62.84,39.12,28.31,18.24,17.36,27.28,63.84,152.93,269.55,330.14,380.88,407.1,429.78,434.27,430.99,441.84,493.98,534.19,502,398.4,336.32,260,170.84,102.42,0.002993236,0.002774689,0.00296823,0.002707257,0.002868617,0.002709928,0.00287392,0.002937737,0.0030828,0.002830647,0.002806722,0.002871666,0.003090983,0.00305568,0.002995638,0.00297375,0.003103146,0.003071305,0.003108656,0.003304801,0.003434812,0.003239809,0.003196948,0.002985849,2015-11-30,33.2227648,126.2584522
Nov-15,5013030000000000000,제주특별자치도 서귀포시 대정읍 상모리 20-0,1.45,0.8,0.72,0.34,0.48,0.6,1.64,3.83,6.99,8.61,10.27,10.65,10.9,10.76,10.93,10.67,11.7,12.02,11.4,8.93,7.65,5.71,3.8,2.17,6.89858E-05,5.67599E-05,0.000075292,5.03066E-05,7.86511E-05,5.94672E-05,7.39134E-05,7.34858E-05,7.99085E-05,7.38231E-05,0.000075663,0.000075091,7.83811E-05,7.57346E-05,7.59865E-05,7.18161E-05,7.35116E-05,6.91026E-05,7.05889E-05,7.40493E-05,7.81636E-05,7.11223E-05,7.11612E-05,6.32895E-05,2015-11-30,33.2160842,126.2913285
Nov-15,5013030000000000000,제주특별자치도 서귀포시 대정읍 상모리 10-256,8.78,5.37,3.85,2.22,2.21,3.84,9.74,23.81,41.94,51.5,59.37,63.16,66.1,66.38,66.07,67.45,74.59,80.34,75.15,59.32,49.9,38.29,24.88,14.68,0.000418281,0.000380559,0.00040341,0.00032954,0.000364835,0.000380941,0.000438349,0.00045741,0.000479687,0.000441581,0.000437481,0.000445502,0.000475364,0.000467077,0.000459212,0.000454002,0.000468602,0.000461937,0.000465364,0.000492087,0.000509609,0.000477146,0.000465511,0.000428013,2015-11-30,33.2146146,126.2918891
Nov-15,5013030000000000000,제주특별자치도 서귀포시 대정읍 상모리 3000-384,25.2,15.77,11.3,7.32,6.81,11.22,25.7,61.21,107.71,132.01,152.26,162.8,171.72,173.51,172.17,176.62,197.35,213.41,200.5,159.21,134.27,103.81,68.17,41.12,0.001200114,0.00111858,0.001185307,0.001085524,0.00112546,0.001114049,0.001156956,0.001175895,0.001231909,0.001131871,0.00112199,0.001148343,0.001235027,0.001220884,0.001196659,0.001188713,0.001239722,0.001226971,0.001241625,0.001320654,0.001371309,0.001293526,0.001275688,0.001198652,2015-11-30,33.2189041,126.265533
Nov-15,5013030000000000000,제주특별자치도 서귀포시 대정읍 하모리 1000-128,113.58,71.18,51.91,34.15,32.54,50.41,115.98,274.96,483.88,592.87,683.96,730.89,770.51,778.26,772.03,791.96,884.26,955.71,897.21,711.85,600.4,464.22,305.59,183.75,0.005410135,0.005048089,0.005443322,0.005067265,0.00537631,0.005007128,0.005220768,0.005282105,0.005534025,0.005083351,0.005040141,0.005155619,0.00554153,0.005476085,0.005366062,0.005330273,0.005554868,0.005494825,0.005555989,0.005904992,0.006131887,0.005784573,0.005718599,0.005356674,2015-11-30,33.2232535,126.2511296
Nov-15,5013030000000000000,제주특별자치도 서귀포시 대정읍 하모리 1999-9488,33.86,21.2,15.35,10.04,9.47,14.97,34.92,83.56,147.83,181.17,208.79,222.89,234.44,236.78,234.66,240.89,268.39,290.36,271.46,214.69,181.08,139.77,91.83,55.02,0.001612917,0.001503394,0.001609969,0.001489659,0.001565477,0.001486613,0.001571928,0.001605252,0.001690712,0.001553334,0.001538604,0.001572211,0.001686085,0.001666057,0.001631015,0.001621269,0.001685989,0.001669418,0.001681032,0.001780885,0.001849374,0.001741601,0.001718487,0.001603917,2015-11-30,33.238667,126.253246
Nov-15,5013030000000000000,제주특별자치도 서귀포시 대정읍 하모리 9999-9744,17.02,10.87,8.65,6.21,6.32,8.7,18.29,39.62,68.05,83.75,96.83,103.11,107.89,108.15,107.51,109.89,121.55,130.26,122.15,96.63,81.11,62.67,41.71,25.61,0.000810634,0.000770952,0.000906754,0.000921298,0.001044936,0.000863962,0.000823401,0.000761074,0.000778282,0.000718096,0.000713567,0.000727312,0.000775953,0.000760969,0.00074728,0.000739595,0.000763601,0.000748944,0.000756432,0.000801557,0.000828388,0.000780891,0.000780516,0.00074655,2015-11-30,33.2206158,126.2518524
Nov-15,5013030000000000000,제주특별자치도 서귀포시 대정읍 안성리 999-9616,1.84,1.1,1.03,0.75,0.86,1.3,4.37,11.74,18.63,25.32,29.71,30.98,29.97,29.78,29.66,30.15,30.56,30.51,23.14,15.17,11.8,8.61,4.94,2.73,8.74825E-05,0.000078107,0.00010766,0.000110902,0.000142541,0.000128967,0.000196862,0.000225535,0.000213017,0.000217114,0.000218905,0.000218541,0.000215524,0.000209571,0.000206153,0.000202907,0.000191971,0.000175442,0.000143318,0.00012584,0.000120486,0.000107271,9.23761E-05,7.95176E-05,2015-11-30,33.2691555,126.2825804
Nov-15,5013030000000000000,제주특별자치도 서귀포시 대정읍 안성리 2000-0,3.5,1.98,1.62,1.15,1.42,2.32,6.91,16.49,26.85,34.79,39.88,41.86,42.26,42.08,41.63,41.87,43.25,45.9,39.56,28.5,23.13,17.61,10.35,5.76,0.000166757,0.000140753,0.000169949,0.000170657,0.000234356,0.000230452,0.000310898,0.000316848,0.000307065,0.000298265,0.000293912,0.000295278,0.000303947,0.00029609,0.000289352,0.000281822,0.000271706,0.000263892,0.000245006,0.000236424,0.00023618,0.00021939,0.000193753,0.000167985,2015-11-30,33.2695602,126.2816424
Nov-15,5013030000000000000,제주특별자치도 서귀포시 대정읍 안성리 10-256,0.99,0.55,0.49,0.31,0.4,0.61,2.32,6.13,9.73,12.89,15.07,15.77,15.39,15.3,15.25,15.34,15.67,15.92,12.55,8.4,6.63,4.82,2.73,1.47,4.73454E-05,0.000038888,5.17676E-05,4.65472E-05,6.58731E-05,6.06923E-05,0.000104373,0.000117772,0.00011131,0.000110532,0.000111079,0.000111249,0.000110652,0.000107684,0.000105995,0.000103256,9.84406E-05,0.000091558,7.77248E-05,6.96721E-05,6.76987E-05,6.00446E-05,5.10941E-05,0.000042951,2015-11-30,33.2743658,126.2925974
Nov-15,5013030000000000000,제주특별자치도 서귀포시 대정읍 인성리 9999-9744,8.3,4.74,3.55,2.36,2.79,4.89,13.95,33.58,55.72,70.68,81.14,85.78,87.67,87.87,87.03,87.46,91.78,98.8,88.22,65.67,53.92,41.49,24.86,14.1,0.000395338,0.000336115,0.000372265,0.00035086,0.000460836,0.000485737,0.000628084,0.000645133,0.00063724,0.000605998,0.000597915,0.000605061,0.000630537,0.00061827,0.000604927,0.000588669,0.000576578,0.000568032,0.00054629,0.00054471,0.000550676,0.000516954,0.000465255,0.000411124,2015-11-30,33.242539,126.2786496
Nov-15,5013030000000000000,제주특별자치도 서귀포시 대정읍 인성리 1000-128,4.52,2.77,2.27,1.64,1.84,2.62,6.33,14.01,23.26,29.15,33.49,35.39,36.43,36.34,36.03,36.38,38.89,41.65,37.91,28.85,23.88,18.32,11.59,6.9,0.000215134,0.000196615,0.000238425,0.000244014,0.000303203,0.000260417,0.00028488,0.000269175,0.00026598,0.000249918,0.000246807,0.000249628,0.000261974,0.000255729,0.000250433,0.00024484,0.000244337,0.000239478,0.000234764,0.000239308,0.000243897,0.000228307,0.000216927,0.000201073,2015-11-30,33.242539,126.2786496
Nov-15,5013030000000000000,제주특별자치도 서귀포시 대정읍 일과리 999-9616,3.64,2.2,1.79,1.08,0.99,2.69,8.9,24.92,48.95,62.96,70.96,72.28,69.3,67.6,66.43,67.63,66.74,70.49,54.28,35.05,29.2,20.38,11.99,6.29,0.000173584,0.000156238,0.000187775,0.000159725,0.000163912,0.000267437,0.000400492,0.000478779,0.000559802,0.000539849,0.00052292,0.000509857,0.000498384,0.000475629,0.000461711,0.000455151,0.000419286,0.000405257,0.000336125,0.000290725,0.000298264,0.000253898,0.000224437,0.000183241,2015-11-30,33.2428428,126.2371617
Nov-15,5013030000000000000,제주특별자치도 서귀포시 대정읍 일과리 2000-0,0.64,0.4,0.33,0.19,0.19,0.49,1.57,4.22,8.35,10.54,11.9,12.12,11.57,11.34,11.03,11.36,11.21,12.13,9.29,5.98,4.94,3.44,2.08,1.09,3.03887E-05,2.82499E-05,3.46049E-05,2.88385E-05,3.12291E-05,4.83419E-05,7.07924E-05,8.11636E-05,9.55311E-05,9.03797E-05,8.76696E-05,8.54767E-05,8.31902E-05,0.000079811,7.66353E-05,7.64354E-05,7.04104E-05,6.97273E-05,5.75577E-05,4.96335E-05,0.000050483,4.28943E-05,3.89241E-05,3.16885E-05,2015-11-30,33.2456108,126.2313473
Nov-15,5013030000000000000,제주특별자치도 서귀포시 대정읍 일과리 20-0,0.26,0.14,0.14,0.09,0.07,0.26,0.89,3.01,5.86,8,8.98,9.05,8.67,8.28,8.35,8.22,7.92,7.72,5.74,3.48,2.98,2,1.01,0.54,1.24317E-05,1.01653E-05,1.50304E-05,1.38999E-05,1.15113E-05,2.54623E-05,3.98976E-05,0.000057823,0.000067065,0.00006859,6.61864E-05,6.38636E-05,6.23549E-05,5.82727E-05,5.80678E-05,5.53399E-05,4.97386E-05,4.44125E-05,3.55287E-05,2.88593E-05,3.03905E-05,2.48677E-05,1.89942E-05,1.58297E-05,2015-11-30,33.2328332,126.2447456
Nov-15,5013030000000000000,제주특별자치도 서귀포시 대정읍 일과리 10-256,0.92,0.59,0.46,0.32,0.32,0.66,1.95,4.85,9.5,11.8,13.35,13.67,13.08,12.9,12.47,12.95,12.93,14.23,11.1,7.34,6.05,4.29,2.68,1.41,4.39635E-05,4.17012E-05,4.82022E-05,0.000047586,5.24892E-05,6.56589E-05,8.77478E-05,9.31956E-05,0.000108599,0.000101166,9.83645E-05,9.64008E-05,9.40813E-05,9.07712E-05,8.66442E-05,8.71772E-05,8.12469E-05,8.18088E-05,6.87662E-05,6.08515E-05,6.18058E-05,5.34445E-05,5.02271E-05,4.11435E-05,2015-11-30,33.2340451,126.2445482
Nov-15,5013030000000000000,제주특별자치도 서귀포시 대정읍 가파리 9999-9744,5.18,2.12,3.21,1.37,2.97,2.64,11.58,29.07,54.26,73.33,94.19,94.68,82.28,81.83,84.26,73.69,68.85,54.61,49.42,39.09,32,21.12,12.16,5.67,0.000246888,0.000150138,0.000337066,0.000203799,0.000491239,0.000262139,0.000521175,0.000558489,0.000620611,0.000628762,0.000694076,0.000667848,0.000591784,0.000575775,0.000585634,0.000495984,0.000432501,0.000313987,0.000306061,0.000324235,0.000326851,0.00026314,0.000227481,0.000165215,2015-11-30,33.1697336,126.271453
Nov-15,5013030000000000000,제주특별자치도 서귀포시 대정읍 가파리 1000-128,0.1,0.05,0.04,0.03,0.03,0.06,0.3,0.92,1.67,2.32,2.95,3.03,2.57,2.64,2.65,2.39,2.18,1.77,1.54,1.27,0.98,0.68,0.34,0.17,4.76311E-06,3.8297E-06,4.40427E-06,4.45191E-06,0.000004957,5.95996E-06,1.37143E-05,1.76543E-05,1.90879E-05,1.98862E-05,2.17092E-05,2.13404E-05,1.84571E-05,1.85455E-05,1.84284E-05,1.61082E-05,1.37115E-05,1.01899E-05,9.5324E-06,1.05571E-05,9.99855E-06,8.47337E-06,6.36259E-06,4.88786E-06,2015-11-30,33.1697336,126.271453
Nov-15,5013030000000000000,제주특별자치도 서귀포시 대정읍 신평리 999-9616,1.56,0.96,0.69,0.55,0.57,1.5,4.35,11.83,20.2,26.12,30.03,30.84,29.66,28.97,27.92,27.72,27.6,27.69,21.51,14.86,12.03,8.22,5.02,2.79,7.41934E-05,6.81781E-05,7.27752E-05,8.09259E-05,9.37424E-05,0.000149098,0.000195677,0.000227226,0.000230999,0.000223941,0.000221278,0.000217511,0.000213289,0.000203841,0.000194029,0.000186575,0.000173357,0.000159175,0.000133229,0.000123285,0.000122835,0.00010237,0.000093867,8.12764E-05,2015-11-30,33.2728743,126.2575374
Nov-15,5013030000000000000,제주특별자치도 서귀포시 대정읍 신평리 10-256,1.29,0.66,0.38,0.24,0.26,1.09,3.82,10.59,17.94,23.23,26.82,27.75,26.93,26.41,25.59,25.37,25.5,25.79,20.61,14.52,11.72,8.19,4.87,2.62,6.13489E-05,0.000047162,3.95335E-05,3.59121E-05,4.21896E-05,0.000107942,0.000171999,0.000203444,0.000205225,0.000199159,0.000197667,0.00019571,0.000193698,0.000185814,0.000177869,0.000170783,0.00016019,0.000148261,0.00012762,0.000120442,0.000119741,0.000102092,9.10662E-05,7.63011E-05,2015-11-30,33.2744155,126.2661709
Nov-15,5013030000000000000,제주특별자치도 서귀포시 대정읍 신평리 20-0,0.34,0.24,0.2,0.18,0.2,0.34,0.86,2.25,3.7,4.98,5.76,5.92,5.74,5.61,5.44,5.44,5.4,5.3,4.11,2.85,2.27,1.62,0.99,0.56,1.62898E-05,1.73282E-05,2.13572E-05,2.59695E-05,3.24408E-05,3.40049E-05,3.85022E-05,4.32936E-05,4.22969E-05,4.26762E-05,4.24408E-05,4.17684E-05,4.12703E-05,0.000039481,3.77882E-05,3.66001E-05,3.39289E-05,0.000030472,2.54266E-05,2.36167E-05,2.31904E-05,2.02364E-05,0.000018439,1.63738E-05,2015-11-30,33.2835787,126.2659292
Nov-15,5013030000000000000,제주특별자치도 서귀포시 대정읍 동일리 1000-128,6.89,4.79,3.99,3.09,3.25,4.94,11.72,27.26,49.05,61.31,69.76,72.01,70.63,70.03,68.08,69.58,71.06,76.31,63.08,44.71,36.95,27.27,17.48,10.16,0.000327972,0.000339945,0.000418265,0.000458349,0.000537504,0.000490405,0.000527477,0.000523718,0.000561022,0.000525696,0.000514038,0.000507939,0.000507971,0.000492748,0.000473187,0.000468322,0.000446378,0.000438711,0.000390638,0.00037086,0.000377388,0.000339869,0.000327143,0.000296294,2015-11-30,33.2518865,126.2528464
Nov-15,5013030000000000000,제주특별자치도 서귀포시 대정읍 동일리 2999-9872,11.49,7.41,5.65,3.57,3.5,6.3,16.94,42.44,80.05,99.04,112.72,117.24,116.79,116.42,113.69,117.47,123.24,134.43,114.24,82.96,69.38,51.54,33.02,18.78,0.000547107,0.000525378,0.000592024,0.000530371,0.000578262,0.00062573,0.000762676,0.000815221,0.000915538,0.000849145,0.000830676,0.000827,0.000839931,0.000819202,0.000790244,0.000790607,0.000774195,0.000772894,0.000707433,0.00068816,0.000708566,0.000642186,0.000617976,0.000547528,2015-11-30,33.2247251,126.2473981
Nov-15,5013030000000000000,제주특별자치도 서귀포시 대정읍 동일리 1999-9488,6.91,4.58,3.72,2.5,2.58,4.54,12.31,30.3,57.5,71.5,81.22,83.73,81.67,80.85,78.58,81.11,82.78,90.16,73.47,51.04,42.29,30.75,19.53,10.84,0.000328988,0.00032517,0.000390581,0.000371191,0.000426633,0.00045054,0.000554125,0.000582136,0.00065759,0.000613069,0.000598495,0.000590601,0.000587339,0.000568858,0.000546178,0.000545911,0.000519997,0.00051837,0.00045494,0.000423355,0.000431875,0.000383204,0.000365394,0.00031603,2015-11-30,33.2421632,126.254812
Nov-15,5013030000000000000,제주특별자치도 서귀포시 대정읍 동일리 9999-9744,1.64,0.99,0.82,0.54,0.52,1.3,4.18,11.9,22.65,29.44,33.29,33.98,32.75,31.93,31.49,31.73,31.3,32.62,25.35,16.52,13.73,9.64,5.51,2.92,7.79087E-05,7.03767E-05,8.64075E-05,8.01344E-05,8.61417E-05,0.000129364,0.000188235,0.000228551,0.000259019,0.000252427,0.000245294,0.00023971,0.000235515,0.000224642,0.000218903,0.000213552,0.000196607,0.000187528,0.000156989,0.000137046,0.000140228,0.000120152,0.000103105,8.50273E-05,2015-11-30,33.247276,126.2475706
Nov-15,5013030000000000000,제주특별자치도 서귀포시 대정읍 동일리 9999-9488,0.11,0.06,0.07,0.05,0.04,0.12,0.37,1.33,2.56,3.56,4,4.02,3.86,3.66,3.73,3.63,3.47,3.28,2.43,1.46,1.26,0.84,0.41,0.23,5.2553E-06,4.25522E-06,6.92099E-06,6.82626E-06,5.78317E-06,1.17544E-05,1.68353E-05,2.54665E-05,2.93238E-05,3.05667E-05,2.94516E-05,2.83801E-05,2.77468E-05,2.57413E-05,2.59073E-05,2.44046E-05,2.18026E-05,1.88697E-05,1.50273E-05,1.20807E-05,1.28207E-05,1.04214E-05,7.64759E-06,6.61756E-06,2015-11-30,33.247276,126.2475706
Nov-15,5013030000000000000,제주특별자치도 서귀포시 대정읍 보성리 2000-0,21.62,12.88,9.24,6.04,6.38,10.91,28.98,71.41,123.22,154.81,178.18,189.2,193.62,195.89,194.94,199.71,214.88,227.79,206.03,157.59,131.18,101.02,63.64,36.87,0.001029928,0.00091362,0.000968973,0.000895576,0.001053914,0.001083951,0.001304303,0.001371738,0.001409186,0.001327366,0.001312995,0.001334565,0.001392525,0.001378315,0.001354957,0.001344132,0.001349847,0.001309654,0.001275835,0.001307287,0.00133971,0.001258748,0.001191021,0.001074755,2015-11-30,33.2450239,126.2649315
Nov-15,5013030000000000000,제주특별자치도 서귀포시 대정읍 보성리 999-9616,2.8,1.52,1.25,0.82,1.05,1.85,5.62,13.42,21.89,28.26,32.32,33.9,34.34,34.22,33.77,33.89,34.9,37.27,32.33,23.44,19.05,14.57,8.5,4.71,0.000133526,0.000107775,0.000131429,0.000121389,0.00017311,0.000183997,0.000252965,0.000257841,0.000250373,0.000242264,0.00023816,0.000239157,0.000246955,0.000240807,0.000234748,0.000228079,0.000219237,0.00021431,0.000200197,0.000194472,0.000194599,0.000181613,0.000159146,0.000137385,2015-11-30,33.2574783,126.2659777
Nov-15,5013030000000000000,제주특별자치도 서귀포시 대정읍 보성리 10-256,1.34,0.82,0.56,0.33,0.44,0.92,2.44,7.85,15.14,22.03,25.67,26.67,24.58,25.44,26.01,29.35,29.92,26.85,19.81,13.64,11.04,8.64,5.71,3.02,6.37781E-05,5.81547E-05,5.87235E-05,4.87237E-05,7.23172E-05,9.16178E-05,0.00010988,0.000150884,0.000173202,0.00018887,0.000189134,0.000188118,0.000176749,0.000178972,0.000180776,0.000197541,0.000187982,0.000154392,0.000122687,0.000113184,0.000112765,0.000107678,0.000106792,8.80786E-05,2015-11-30,33.2820424,126.2681506
Nov-15,5013030000000000000,제주특별자치도 서귀포시 대정읍 보성리 20-0,3.66,2.01,0.85,0.31,0.5,1.42,4.06,16.46,37.15,49.68,57.71,61.02,52.08,57.8,61.44,72.94,77.33,63.51,48.99,36.5,31.14,23.28,17.44,9.31,0.00017433,0.000142621,8.89242E-05,0.000046201,8.23413E-05,0.000140655,0.000182908,0.000316176,0.000424879,0.000425962,0.00042527,0.000430435,0.000374578,0.000406724,0.000427046,0.00049093,0.000485762,0.000365126,0.000303379,0.000302778,0.00031801,0.000290109,0.000326426,0.000271359,2015-11-30,33.2676908,126.2718984
Nov-15,5013030000000000000,제주특별자치도 서귀포시 대정읍 구억리 1000-128,1.85,1.31,1.05,0.81,0.91,1.51,3.74,10.69,19.15,27.71,32.3,33.46,31.28,31.93,32.23,35.43,35.97,32.85,23.66,16.09,12.79,10.12,6.51,3.6,8.80859E-05,9.26456E-05,0.000110316,0.000120251,0.000149977,0.00015039,0.000168263,0.000205416,0.000219048,0.000237568,0.00023802,0.000236044,0.00022495,0.000224703,0.000224037,0.000238439,0.000225933,0.000188875,0.000146499,0.000133441,0.000130587,0.000126041,0.000121806,0.000105065,2015-11-30,33.2759531,126.2816025
Nov-15,5013030000000000000,제주특별자치도 서귀포시 대정읍 구억리 9999-9744,0.39,0.28,0.26,0.22,0.21,0.3,1.03,3.1,4.85,6.94,8.26,8.59,8.13,8.11,8.07,8.33,8.32,7.93,5.35,3.31,2.48,1.85,1.04,0.6,1.87349E-05,0.000019574,2.75791E-05,3.30431E-05,3.47541E-05,2.97005E-05,4.63197E-05,5.95712E-05,5.54339E-05,5.95043E-05,6.08487E-05,6.06235E-05,0.0000585,5.70437E-05,5.61078E-05,5.60332E-05,0.000052266,4.56027E-05,3.31301E-05,0.000027474,2.53725E-05,0.000023011,1.95431E-05,1.76371E-05,2015-11-30,33.2842449,126.2894349
Nov-15,5013030000000000000,제주특별자치도 서귀포시 대정읍 구억리 9999-9488,6.82,4.86,3.96,3.12,3.34,5.03,10.94,30.95,58.06,82.09,95.17,98.96,90.83,94.55,96.3,107.94,111.07,98.64,72.42,51.02,41.6,32.71,22.54,12.84,0.000324606,0.000344578,0.000415574,0.000463098,0.000552541,0.00049961,0.000492576,0.000594533,0.000664071,0.000703806,0.000701315,0.000698069,0.000653281,0.00066531,0.000669352,0.00072645,0.00069772,0.000567125,0.000448456,0.000423256,0.000424824,0.000407581,0.000421709,0.000374217,2015-11-30,33.2842449,126.2894349
Nov-15,5013030000000000000,제주특별자치도 서귀포시 대정읍 무릉리 3000-384,19.06,17.24,17.42,15.79,17.14,18.49,25.72,44.24,68.81,88.18,96.84,96.64,94.49,91.88,90.58,88.9,87.69,84.13,69.49,50.81,43.7,34.33,25.92,20.76,0.000907834,0.00122262,0.001827071,0.002343486,0.002831825,0.001836231,0.001157962,0.000849877,0.000786966,0.000756093,0.000713651,0.000681697,0.000679544,0.000646502,0.000629615,0.000598312,0.000550891,0.00048371,0.000430304,0.000421461,0.000446295,0.000427768,0.000485085,0.000605278,2015-11-30,33.2659826,126.2030138
Nov-15,5013030000000000000,제주특별자치도 서귀포시 대정읍 무릉리 2000-0,7.8,6.67,6.48,5.81,6.23,7.72,13.57,30.9,51.71,68.75,77.04,77.64,74.84,72.58,71.62,69.82,68.04,65.21,50.7,34.4,29.15,21.17,13.79,9.79,0.000371745,0.000473015,0.0006799,0.000862781,0.001029074,0.000766815,0.000610993,0.000593573,0.000591352,0.000589467,0.000567682,0.000547664,0.000538273,0.000510729,0.00049782,0.000469931,0.000427417,0.000374908,0.000313991,0.000285366,0.000297665,0.000263821,0.00025809,0.000285352,2015-11-30,33.2746642,126.2215101
Nov-15,5013030000000000000,제주특별자치도 서귀포시 대정읍 무릉리 3999-9744,8.89,7.44,7.58,6.71,7.13,8.79,15.15,34.95,60.69,80.77,89.92,90.51,87.78,83.88,84.25,82.52,80.6,76.81,60.57,40.62,34.79,25.14,15.96,11.22,0.000423488,0.000527529,0.000795389,0.000995695,0.001178555,0.000873565,0.000682161,0.000671311,0.000694096,0.000692565,0.000662647,0.000638417,0.000631292,0.00059023,0.00058559,0.00055541,0.000506306,0.000441588,0.000375064,0.000336988,0.000355301,0.000313324,0.000298705,0.000327224,2015-11-30,33.2664776,126.1904055
Nov-15,5013030000000000000,제주특별자치도 서귀포시 대정읍 무릉리 999-9616,3.32,2.73,2.57,2.35,2.51,3.26,5.84,12.39,19.66,25.4,28.77,29.18,28.16,27.65,26.66,26.16,25.9,25.28,20.02,14.32,11.8,8.66,5.99,4.25,0.000158072,0.000193849,0.000269324,0.000349129,0.000414516,0.000324255,0.000262973,0.000238029,0.000224827,0.000217765,0.000211981,0.000205797,0.000202537,0.000194557,0.000185311,0.000176037,0.000162674,0.000145369,0.000124004,0.000118789,0.000120534,0.000107903,0.000112131,0.000123984,2015-11-30,33.2806566,126.2249756
Nov-15,5013030000000000000,제주특별자치도 서귀포시 대정읍 무릉리 10-256,1.8,1.42,1.18,1.05,1.13,1.84,4.18,10.44,16.9,22.04,25.35,25.94,24.98,24.37,23.49,22.97,22.8,22.12,17.28,12.21,9.9,6.85,4.34,2.68,8.58948E-05,0.000100683,0.00012325,0.000155817,0.000186163,0.000182706,0.0001881,0.000200594,0.000193319,0.000188993,0.000186818,0.000182959,0.000179645,0.000171445,0.000163238,0.000154627,0.000143206,0.000127159,0.000107026,0.000101316,0.000101129,8.53941E-05,8.11543E-05,7.80697E-05,2015-11-30,33.2931212,126.2557413
Nov-15,5013030000000000000,제주특별자치도 서귀포시 대정읍 무릉리 20-0,0.75,0.63,0.56,0.51,0.55,0.75,1.48,3.4,5.39,6.99,7.99,8.16,7.86,7.7,7.4,7.24,7.18,6.97,5.5,3.95,3.21,2.28,1.52,1,3.56122E-05,4.44907E-05,5.90032E-05,7.62761E-05,9.15393E-05,7.43339E-05,6.66961E-05,6.52382E-05,6.17012E-05,5.98959E-05,5.88419E-05,0.000057548,5.65605E-05,5.41705E-05,5.14578E-05,4.87284E-05,4.51339E-05,4.00736E-05,3.40673E-05,0.000032747,3.27974E-05,2.84522E-05,2.85132E-05,2.91231E-05,2015-11-30,33.2922305,126.2535575
Nov-15,5013030000000000000,제주특별자치도 서귀포시 대정읍 영락리 1000-128,3.12,2.58,2.48,2.19,2.26,2.99,5.69,13.39,23.91,31.59,35.25,35.43,34.07,33.03,32.75,32.4,31.5,31.16,23.92,15.65,13.34,9.67,6.12,4.14,0.000148704,0.000182667,0.000260376,0.000325286,0.000373703,0.000296806,0.000256146,0.000257239,0.000273399,0.000270859,0.000259749,0.0002499,0.000245035,0.000232436,0.000227663,0.000218042,0.000197888,0.000179126,0.000148115,0.000129854,0.000136221,0.000120475,0.000114477,0.000120574,2015-11-30,33.2617521,126.2121385
Nov-15,5013030000000000000,제주특별자치도 서귀포시 대정읍 영락리 1999-9488,4.2,3.63,3.65,3.27,3.44,4.11,6.82,14.98,25.61,34.32,38.12,38.11,36.8,35.55,35.48,34.61,33.48,32.01,24.74,16.41,14.14,10.51,6.9,5.11,0.00020013,0.000257654,0.000382926,0.000484962,0.000568403,0.000407761,0.000306967,0.000287834,0.000292842,0.00029422,0.00028093,0.000268845,0.000264691,0.000250147,0.00024662,0.000232925,0.000210306,0.000184045,0.000153191,0.000136151,0.000144429,0.000130909,0.000129042,0.000149016,2015-11-30,33.2599109,126.1989442
Nov-15,5013030000000000000,제주특별자치도 서귀포시 대정읍 영락리 9999-9744,1.75,1.43,1.45,1.27,1.3,1.73,3.29,8.32,14.89,20.19,22.51,22.58,21.73,20.86,20.97,20.45,19.72,18.84,14.33,9.16,7.9,5.65,3.42,2.35,8.32751E-05,0.000101629,0.000152227,0.000187821,0.000215299,0.000172243,0.000148217,0.000159747,0.000170247,0.000173143,0.00016585,0.000159296,0.000156292,0.000146757,0.000145748,0.000137647,0.00012386,0.000108344,8.87475E-05,7.59765E-05,8.06488E-05,7.04577E-05,6.39191E-05,6.83814E-05,2015-11-30,33.2571175,126.2132011
Nov-15,5013030000000000000,제주특별자치도 서귀포시 대정읍 영락리 9999-9488,0.05,0.03,0.03,0.02,0.02,0.05,0.17,0.59,1.14,1.58,1.77,1.79,1.71,1.62,1.65,1.61,1.54,1.46,1.08,0.65,0.56,0.37,0.18,0.1,2.41331E-06,2.00941E-06,3.11095E-06,3.1658E-06,3.08436E-06,5.43019E-06,7.54739E-06,1.13021E-05,1.29845E-05,1.35642E-05,0.000013053,1.25935E-05,0.000012308,1.14176E-05,1.14894E-05,1.08226E-05,9.67424E-06,8.36927E-06,6.69415E-06,5.3947E-06,5.71589E-06,4.65204E-06,3.39338E-06,2.96381E-06,2015-11-30,33.2571175,126.2132011
Nov-15,5013030000000000000,제주특별자치도 서귀포시 대정읍 신도리 10-256,1.69,1.29,1.07,0.94,1.02,1.74,4.19,11,18.3,24.04,27.55,28.21,27.21,26.37,25.62,25.13,24.88,24.06,18.82,13.1,10.64,7.32,4.48,2.65,8.05601E-05,9.11563E-05,0.000112064,0.000139741,0.000167987,0.000172541,0.00018864,0.000211281,0.000209296,0.000206107,0.00020298,0.00019899,0.00019569,0.000185549,0.000178094,0.000169134,0.000156316,0.00013832,0.000116531,0.000108688,0.000108707,9.11593E-05,8.39176E-05,7.72145E-05,2015-11-30,33.2866648,126.222847
Nov-15,5013030000000000000,제주특별자치도 서귀포시 대정읍 신도리 2000-0,8.24,6.99,7.2,6.43,7.11,8.09,12.02,21.08,33.14,40.55,45.12,46.03,46.01,43.27,43.15,43.39,44.61,42.99,38,29.21,24.39,18.32,13.44,9.57,0.00039229,0.000495592,0.000755262,0.000953797,0.001174039,0.000803701,0.000541026,0.00040503,0.000379063,0.000347706,0.000332477,0.000324721,0.000330903,0.000304463,0.000299924,0.000292002,0.00028022,0.00024717,0.000235307,0.000242275,0.000249075,0.000228332,0.000251584,0.000279035,2015-11-30,33.2914759,126.1842118
Nov-15,5013030000000000000,제주특별자치도 서귀포시 대정읍 신도리 999-9616,19.77,17.27,17.44,15.78,17.28,19.35,28.54,49.81,76.56,94.47,105.36,107.04,106.06,101.43,99.73,99.36,101.19,97.79,84.53,64.8,54.06,41.03,30.68,22.57,0.000941652,0.001225079,0.001829168,0.002342398,0.002855068,0.001921657,0.001284737,0.000956853,0.000875578,0.000810004,0.000776438,0.000755079,0.000762808,0.000713716,0.0006932,0.00066875,0.000635677,0.00056225,0.000523467,0.000537557,0.000552119,0.000511226,0.000574049,0.000657976,2015-11-30,33.2934711,126.1966137
Nov-15,5013030000000000000,제주특별자치도 서귀포시 대정읍 신도리 3000-384,1.72,1.3,1.22,1.09,1.24,1.77,3.51,7.93,13.19,16.93,18.96,19.73,19.7,18.62,18.32,18.64,18.97,18.24,15.85,11.76,9.55,6.84,4.33,2.55,8.20843E-05,9.24329E-05,0.000128283,0.000161357,0.000205605,0.000175686,0.00015794,0.000152306,0.000150851,0.00014514,0.000139725,0.000139138,0.000141707,0.00013104,0.000127368,0.000125476,0.000119198,0.000104883,9.81726E-05,9.75332E-05,9.75548E-05,8.52695E-05,8.09796E-05,7.43479E-05,2015-11-30,33.2797389,126.1715393
Nov-15,5013030000000000000,제주특별자치도 서귀포시 안덕면 화순리 10-256,11.5,6.82,4.18,2.64,3.25,6.15,22.61,65.15,104.1,135.01,150.61,155.21,150.88,152.2,155,156.68,167.61,182.07,157.61,109.17,85.92,67.03,37.48,21.34,0.00054798,0.00048337,0.00043784,0.000391669,0.000536238,0.000611128,0.001017802,0.001251564,0.001190549,0.001157567,0.001109885,0.001094804,0.001085107,0.001070956,0.001077347,0.001054544,0.001052924,0.001046786,0.000976012,0.000905596,0.000877493,0.000835196,0.000701432,0.000622186,2015-11-30,33.2658141,126.3409729
Nov-15,5013030000000000000,제주특별자치도 서귀포시 안덕면 화순리 2000-0,18.05,10.62,7.17,4.37,5.49,9.22,33.66,93.39,150.22,194.24,216.79,222.74,216.86,218.68,222.2,225.03,240.65,259.77,226.22,157.42,124.42,96.56,54.17,31.57,0.000859615,0.000753529,0.000751417,0.000648248,0.000907187,0.000915483,0.001515375,0.001793955,0.001718035,0.001665452,0.001597563,0.001571186,0.001559632,0.001538673,0.001544447,0.001514583,0.001511759,0.001493527,0.001400906,0.001305883,0.001270687,0.001203206,0.001013736,0.000920385,2015-11-30,33.2514338,126.3253803
Nov-15,5013030000000000000,제주특별자치도 서귀포시 안덕면 화순리 999-9616,13.74,8.01,5.13,2.95,3.77,6.53,24.75,70.02,113.67,147.11,164.29,168.59,163.87,165.87,168.83,171.35,183.36,197.7,173.1,120.89,95.58,74.52,41.52,24.4,0.000654595,0.000568049,0.000537915,0.000437376,0.000623426,0.00064851,0.001113938,0.001345183,0.001299999,0.001261371,0.001210637,0.00118925,0.001178579,0.001167093,0.001173478,0.00115329,0.001151888,0.001136665,0.001071951,0.001002839,0.00097614,0.000928619,0.000776923,0.000711451,2015-11-30,33.2452388,126.3319963
Nov-15,5013030000000000000,제주특별자치도 서귀포시 안덕면 창천리 1000-128,4.64,2.38,1.66,1.26,1.91,3.83,13.06,33.89,50.87,65.42,72.32,75.18,73.99,72.64,73.23,72.91,77.87,86.28,72.1,48.71,37.8,28.65,17.08,8.6,0.000220929,0.000169051,0.000174353,0.000186931,0.000315045,0.000380477,0.000588036,0.000651095,0.000581756,0.000560901,0.000532962,0.000530318,0.000532121,0.000511148,0.000508973,0.00049071,0.000489181,0.000496041,0.000446454,0.000404094,0.000386062,0.000357007,0.000319589,0.00025069,2015-11-30,33.242881,126.3648157
Nov-15,5013030000000000000,제주특별자치도 서귀포시 안덕면 창천리 9999-9744,3.77,2.25,1.65,1.36,1.71,3.22,10.2,27.16,40.53,52.29,57.77,60.13,59.15,58.13,58.7,58.35,62.39,69.24,57.67,38.79,30.15,22.89,13.54,6.96,0.000179728,0.000159358,0.000173444,0.000202315,0.00028332,0.00032005,0.00045916,0.000521803,0.00046355,0.000448354,0.00042572,0.000424186,0.000425392,0.000409051,0.000407967,0.000392737,0.000391928,0.00039808,0.000357143,0.000321766,0.000307936,0.000285237,0.00025345,0.000203036,2015-11-30,33.2522492,126.3662154
Nov-15,5013030000000000000,제주특별자치도 서귀포시 안덕면 창천리 9999-9488,0.39,0.2,0.2,0.16,0.25,0.32,0.9,2.1,3.14,3.99,4.42,4.58,4.52,4.43,4.43,4.39,4.7,5.12,4.35,2.97,2.29,1.75,1.08,0.61,1.84968E-05,1.43732E-05,2.05183E-05,2.31499E-05,4.19142E-05,3.19189E-05,4.02878E-05,4.03096E-05,3.58809E-05,3.41792E-05,3.25638E-05,3.22904E-05,3.24984E-05,3.11616E-05,3.08214E-05,2.95758E-05,2.95022E-05,2.94295E-05,2.69087E-05,2.45955E-05,0.000023398,2.17815E-05,2.02168E-05,1.77829E-05,2015-11-30,33.2522492,126.3662154
Nov-15,5013030000000000000,제주특별자치도 서귀포시 안덕면 감산리 999-9616,5.14,3.15,3.11,2.71,3.46,4.27,10.86,24.27,36.63,46.19,51.23,52.94,52.42,51.2,51.12,50.71,54.19,58.52,50.09,34.62,26.89,20.25,12.68,7.33,0.00024484,0.000223328,0.00032616,0.000402849,0.000572479,0.000423886,0.00048884,0.000466164,0.00041897,0.000395998,0.000377553,0.000373405,0.00037703,0.000360266,0.00035529,0.000341278,0.00034042,0.00033645,0.000310193,0.000287219,0.000274659,0.000252357,0.000237262,0.000213822,2015-11-30,33.2375489,126.3596223
Nov-15,5013030000000000000,제주특별자치도 서귀포시 안덕면 감산리 10-256,1.11,0.59,0.31,0.24,0.39,0.88,3.21,8.64,12.99,16.77,18.54,19.29,18.92,18.66,18.87,18.78,20.08,22.28,18.62,12.52,9.75,7.41,4.34,2.21,5.27435E-05,4.15593E-05,3.23679E-05,3.52196E-05,6.37801E-05,8.69492E-05,0.000144646,0.000166048,0.000148613,0.000143831,0.000136632,0.000136065,0.000136044,0.000131291,0.000131124,0.00012642,0.000126155,0.000128113,0.000115276,0.000103882,9.95599E-05,9.23306E-05,8.12915E-05,0.000064407,2015-11-30,33.2573858,126.3629062
Nov-15,5013030000000000000,제주특별자치도 서귀포시 안덕면 감산리 2000-0,6.17,3.69,2.82,2.25,2.79,4.64,14.51,37.95,57.87,74.42,82.49,85.46,83.88,82.96,83.79,83.67,89.48,98.2,83.13,56.65,44.18,33.74,19.83,10.72,0.000293789,0.000261625,0.00029568,0.000333547,0.000461166,0.000460606,0.000653007,0.000729089,0.000661791,0.000638079,0.000607846,0.000602839,0.000603234,0.000583754,0.000582363,0.000563129,0.000562132,0.000564603,0.000514809,0.000469936,0.000451238,0.000420429,0.000371089,0.000312512,2015-11-30,33.2490573,126.3521306
Nov-15,5013030000000000000,제주특별자치도 서귀포시 안덕면 상창리 9999-9744,3.46,2.12,1.69,1.45,1.69,3.06,9.27,24.03,36.1,46.63,51.77,53.97,52.92,52.11,52.53,52.15,55.7,61.33,50.71,33.98,26.39,19.99,11.89,6.14,0.000164772,0.000150493,0.00017701,0.000215225,0.000278584,0.000304455,0.000417177,0.000461681,0.000412824,0.000399796,0.000381471,0.000380677,0.000380605,0.000366634,0.000365102,0.000351017,0.000349918,0.000352588,0.000314024,0.00028186,0.000269501,0.000249109,0.000222416,0.000178936,2015-11-30,33.2844576,126.3580348
Nov-15,5013030000000000000,제주특별자치도 서귀포시 안덕면 상창리 1999-9488,10.42,6.59,5.44,4.71,5.58,9.02,26.28,67.24,100.34,129,142.8,148.51,146.07,143.42,144.34,143.33,153.04,168.37,139.86,94.43,73.25,55.54,33.37,17.66,0.000496507,0.000467389,0.000570247,0.000698357,0.000922058,0.000895948,0.001182854,0.001291746,0.001147582,0.001106017,0.001052337,0.001047599,0.001050511,0.001009172,0.001003232,0.000964695,0.000961408,0.000968043,0.0008661,0.00078331,0.000748138,0.000692025,0.000624457,0.000514945,2015-11-30,33.2920585,126.3499454
Nov-15,5013030000000000000,제주특별자치도 서귀포시 안덕면 상창리 2999-9872,1.9,1.21,0.99,0.84,0.96,1.61,4.75,12.26,18.37,23.72,26.42,27.48,26.91,26.49,26.64,26.52,28.2,30.72,25.24,16.98,13.15,9.95,5.96,3.17,9.06738E-05,0.00008553,0.000104094,0.000124851,0.000158679,0.000160091,0.000213878,0.000235518,0.000210036,0.000203358,0.000194678,0.000193831,0.000193557,0.000186365,0.000185195,0.000178485,0.000177162,0.000176611,0.000156329,0.000140873,0.000134318,0.000124006,0.000111476,9.24806E-05,2015-11-30,33.2844576,126.3580348
Nov-15,5013030000000000000,제주특별자치도 서귀포시 안덕면 상창리 9999-9488,3.2,2,1.67,1.47,1.73,2.79,8.05,20.35,30.44,39.08,43.25,44.98,44.27,43.47,43.73,43.36,46.36,51.03,42.49,28.71,22.28,16.85,10.14,5.36,0.000152261,0.000141959,0.000175506,0.000218589,0.000286129,0.000276741,0.00036226,0.000390911,0.000348131,0.00033507,0.000318721,0.000317303,0.00031842,0.00030584,0.00030393,0.000291852,0.000291243,0.000293384,0.000263142,0.000238194,0.000227498,0.000209928,0.000189805,0.000156266,2015-11-30,33.2844576,126.3580348
Nov-15,5013030000000000000,제주특별자치도 서귀포시 안덕면 상창리 1000-128,4.89,2.91,2.13,1.73,2.17,4.18,13.32,35.54,53.15,68.54,75.74,78.86,77.53,76.24,76.96,76.52,81.83,90.85,75.7,50.89,39.55,30,17.73,9.06,0.000232948,0.000206118,0.00022294,0.000256677,0.000359107,0.000414913,0.00059977,0.000682702,0.000607909,0.000587701,0.000558129,0.000556303,0.000557603,0.000536451,0.000534892,0.000515031,0.000514027,0.000522337,0.000468747,0.000422117,0.000403976,0.000373792,0.000331834,0.000264012,2015-11-30,33.2900229,126.3672523
Nov-15,5013030000000000000,제주특별자치도 서귀포시 안덕면 사계리 3000-384,7,3.8,3.03,1.92,2.52,4.41,13.64,32.45,52.98,67.49,77,81,82.42,82.25,81.28,81.25,84.25,90.69,79.92,58.27,47.57,36.27,21.12,11.68,0.000333609,0.00026945,0.000317946,0.000284378,0.000415562,0.000437627,0.000614009,0.000623458,0.000605873,0.000578686,0.000567422,0.00057136,0.000592789,0.000578714,0.000564956,0.000546853,0.000529235,0.000521428,0.00049494,0.000483394,0.000485861,0.000452017,0.000395267,0.000340586,2015-11-30,33.2416155,126.2976329
Nov-15,5013030000000000000,제주특별자치도 서귀포시 안덕면 사계리 2000-0,12.3,6.56,5.18,3.44,4.4,7.83,24.43,58.49,95.46,121.76,138.92,146.18,148.7,148.51,146.71,146.66,151.99,163.69,144.1,105.04,85.66,65.3,38,20.95,0.0005858,0.000465261,0.000543437,0.000509892,0.000726421,0.000777775,0.001099758,0.001123566,0.001091736,0.001043972,0.00102374,0.001031156,0.001069481,0.001044999,0.001019733,0.000987102,0.000954766,0.000941126,0.00089233,0.000871373,0.000874847,0.00081373,0.000711082,0.000610778,2015-11-30,33.2383758,126.3026575
Nov-15,5013030000000000000,제주특별자치도 서귀포시 안덕면 사계리 3999-9744,5.55,3.1,2.44,1.54,2,3.2,10.06,24.27,39.48,50.26,56.73,59.13,59.56,59.5,59.26,59.57,62.81,67.59,59.85,43.32,35.15,26.77,15.72,9,0.000264162,0.000219759,0.000256112,0.000228136,0.000331018,0.000318096,0.000452843,0.000466221,0.000451557,0.000430906,0.000418076,0.000417066,0.000428352,0.000418635,0.000411917,0.000400964,0.000394548,0.000388622,0.000370595,0.000359321,0.000358947,0.000333593,0.00029412,0.000262292,2015-11-30,33.2383758,126.3026575
Nov-15,5013030000000000000,제주특별자치도 서귀포시 안덕면 사계리 10-256,7.44,4.1,3.44,2.28,2.97,4.74,14.29,33.14,53.64,68.23,77.34,81.01,82.33,81.9,81,81,84.42,90.86,80.21,58.3,47.53,36,21.19,11.96,0.000354407,0.000290868,0.00036066,0.000338444,0.000491349,0.000471036,0.000643059,0.000636668,0.00061349,0.000585008,0.000569932,0.000571438,0.000592089,0.000576249,0.000563026,0.000545177,0.000530335,0.000522381,0.000496692,0.000483651,0.000485428,0.000448644,0.000396521,0.000348564,2015-11-30,33.2462373,126.3208497
Nov-15,5013030000000000000,제주특별자치도 서귀포시 안덕면 사계리 999-9616,8.85,5.02,4.14,2.9,3.49,5.48,15.94,36.73,59.9,75.79,86.08,90.42,92.5,92.13,90.91,91.06,95.49,102.88,91.47,67.3,55.19,41.8,25.06,14.22,0.000421694,0.000356209,0.00043396,0.000430104,0.000576334,0.000544376,0.000717617,0.000705639,0.000685015,0.000649837,0.000634293,0.000637836,0.000665279,0.000648245,0.000631884,0.000612863,0.000599895,0.000591526,0.000566412,0.000558289,0.000563619,0.000520925,0.000468967,0.000414409,2015-11-30,33.2501968,126.3004237
Nov-15,5013030000000000000,제주특별자치도 서귀포시 안덕면 사계리 20-0,0.26,0.14,0.09,0.06,0.07,0.14,0.5,1.29,2.13,2.73,3.1,3.24,3.25,3.27,3.26,3.27,3.42,3.69,3.24,2.33,1.88,1.45,0.82,0.46,1.23206E-05,9.76337E-06,9.82221E-06,8.3597E-06,0.000012062,1.42708E-05,2.25521E-05,2.47493E-05,2.43107E-05,2.33787E-05,2.28244E-05,0.000022864,2.33813E-05,2.29784E-05,2.26544E-05,2.20332E-05,2.14634E-05,2.11905E-05,2.00453E-05,1.93391E-05,1.92209E-05,1.80848E-05,1.54075E-05,1.33906E-05,2015-11-30,33.2449831,126.3206618
Nov-15,5013030000000000000,제주특별자치도 서귀포시 안덕면 덕수리 1999-9488,5.58,3.04,2.8,1.9,2.43,3.59,11.87,29.27,46.5,60.51,69.76,73.02,72.34,71.96,71.32,71.5,73.63,76.41,63.17,43.98,35.2,26.04,15.23,8.46,0.000265686,0.000215692,0.000293792,0.000281905,0.000401132,0.000356671,0.000534229,0.000562292,0.000531767,0.000518856,0.000514092,0.000515042,0.000520267,0.000506359,0.000495695,0.000481251,0.000462519,0.000439298,0.000391159,0.000364863,0.000359536,0.000324472,0.000284976,0.000246628,2015-11-30,33.2660552,126.3078259
Nov-15,5013030000000000000,제주특별자치도 서귀포시 안덕면 덕수리 9999-9488,1.69,0.99,0.79,0.47,0.59,0.88,3.6,10.34,16.48,21.91,25.34,26.23,25.1,25.17,25.43,25.8,26.79,27.35,21.73,14.34,11.13,8.25,4.57,2.6,8.04172E-05,7.01639E-05,8.31218E-05,7.04391E-05,9.68819E-05,8.78101E-05,0.000161871,0.000198673,0.000188485,0.00018787,0.000186724,0.000185056,0.000180549,0.000177088,0.000176782,0.000173645,0.00016829,0.000157228,0.000134548,0.000118979,0.000113691,0.000102752,8.55894E-05,7.57278E-05,2015-11-30,33.2660467,126.3141897
Nov-15,5013030000000000000,제주특별자치도 서귀포시 안덕면 덕수리 9999-9744,1.9,1.2,1.09,0.67,0.51,1.1,6.07,21.42,33.53,46.82,56.77,59.64,55.22,55.42,55.95,57.03,57.14,54.18,35.92,20.95,15.27,10.38,5.45,2.72,9.05468E-05,8.50335E-05,0.000113847,9.92282E-05,8.47647E-05,0.000109465,0.000273327,0.000411389,0.000383432,0.000401414,0.000418343,0.000420727,0.000397161,0.000389971,0.000388885,0.000383806,0.000358944,0.000311478,0.000222453,0.000173822,0.000155936,0.000129377,0.000102001,7.93718E-05,2015-11-30,33.2660467,126.3141897
Nov-15,5013030000000000000,제주특별자치도 서귀포시 안덕면 덕수리 2999-9872,2.86,1.54,1.32,0.85,1.11,1.78,6.08,15.56,24.96,32.54,37.61,39.41,39.01,38.91,38.67,38.82,39.97,41.6,34.41,23.96,19.18,14.3,8.21,4.53,0.000136431,0.000109383,0.000138245,0.00012683,0.000184015,0.000176647,0.000273867,0.000298906,0.000285442,0.00027901,0.000277125,0.00027798,0.000280542,0.000273787,0.00026879,0.000261305,0.000251105,0.000239186,0.000213104,0.000198761,0.000195835,0.000178194,0.000153725,0.000131933,2015-11-30,33.2512219,126.294475
Nov-15,5013030000000000000,제주특별자치도 서귀포시 안덕면 덕수리 1000-128,2.42,1.4,1.22,0.77,0.92,1.51,5.75,16.1,25.5,34.1,40.05,41.95,40.47,40.39,40.37,40.77,41.53,41.75,32.1,21.17,16.51,12.01,6.74,3.65,0.000115363,9.93594E-05,0.000128388,0.000114414,0.000152015,0.000150423,0.000258667,0.000309337,0.000291667,0.000292363,0.00029514,0.000295925,0.000291095,0.000284172,0.000280597,0.000274434,0.000260895,0.000240045,0.000198771,0.000175573,0.000168658,0.000149617,0.000126154,0.00010626,2015-11-30,33.2571866,126.3126788
Nov-15,5013030000000000000,제주특별자치도 서귀포시 안덕면 서광리 10-256,5,3.58,3.39,2.67,2.41,3.48,13.11,41.25,63.79,88.12,106.03,111.13,103.47,103.74,104.22,105.84,106.45,101.07,67.53,40.55,29.86,20.97,11.83,6.61,0.000238029,0.000253966,0.000355942,0.000396418,0.000397992,0.00034581,0.000590167,0.000792496,0.000729603,0.000755542,0.000781306,0.000783882,0.000744135,0.000729967,0.000724362,0.000712339,0.000668739,0.000581104,0.000418181,0.000336363,0.000304988,0.000261345,0.000221456,0.000192677,2015-11-30,33.2919289,126.3374544
Nov-15,5013030000000000000,제주특별자치도 서귀포시 안덕면 서광리 3000-384,0.76,0.55,0.56,0.47,0.49,0.63,1.58,3.89,5.83,7.74,8.99,9.36,8.91,8.88,8.81,8.83,9.1,8.97,6.51,4.25,3.24,2.44,1.54,0.97,3.61679E-05,3.91008E-05,5.84439E-05,6.94993E-05,8.12398E-05,6.28776E-05,7.12275E-05,7.47345E-05,0.00006668,6.63236E-05,0.00006626,0.000066055,6.40642E-05,6.24617E-05,6.12188E-05,5.94276E-05,0.000057168,5.15687E-05,4.02846E-05,3.52135E-05,0.000033063,3.03421E-05,2.88937E-05,2.82096E-05,2015-11-30,33.300497,126.3123082
Nov-15,5013030000000000000,제주특별자치도 서귀포시 안덕면 서광리 2000-0,1.78,1.14,1.09,0.87,0.75,1.26,5.15,15.59,24.64,35.35,42.13,43.83,41.48,41.32,41.24,42.63,42.52,40.65,27.65,17.02,12.65,9.45,5.33,2.87,8.45612E-05,8.06128E-05,0.000114441,0.000129105,0.000123429,0.000124994,0.000231928,0.000299534,0.000281847,0.000303106,0.000310456,0.000309188,0.000298347,0.000290754,0.000286658,0.000286948,0.000267082,0.000233717,0.00017122,0.000141205,0.000129229,0.000117726,9.98179E-05,8.36183E-05,2015-11-30,33.2873946,126.294787
Nov-15,5013030000000000000,제주특별자치도 서귀포시 안덕면 서광리 20-0,8.02,5.84,5.47,4.22,4.31,6.96,21.79,64.95,104.35,152.54,180.77,187.44,178.71,177.34,176.69,184.22,183.36,176.62,121.11,74.92,55.99,43.19,24.02,12.85,0.000382129,0.00041382,0.000573883,0.000626137,0.000712707,0.000691157,0.000981011,0.001247639,0.001193466,0.001307886,0.00133213,0.001322209,0.00128529,0.001247831,0.00122811,0.001239848,0.001151892,0.001015484,0.000749986,0.000621488,0.00057179,0.000538171,0.000449486,0.000374577,2015-11-30,33.291251,126.3352262
Nov-15,5013030000000000000,제주특별자치도 서귀포시 안덕면 서광리 999-9616,8.03,5.8,5.43,4.19,4.09,6.57,21.72,67.62,108.18,156.95,187.17,194.69,184.39,183.35,183.3,190.29,189.35,181.39,123.01,74.9,55.63,41.8,23.13,12.39,0.000382621,0.000411149,0.000568954,0.000622427,0.000676025,0.000652483,0.00097768,0.001299065,0.001237192,0.001345672,0.001379275,0.001373291,0.001326153,0.001290098,0.001274068,0.001280761,0.0011895,0.001042868,0.000761758,0.000621295,0.000568167,0.000520904,0.000432831,0.000361313,2015-11-30,33.2914579,126.3177388
Nov-15,5013030000000000000,제주특별자치도 서귀포시 안덕면 동광리 9999-9488,2.89,2.02,1.54,1.37,1.05,2.03,6.58,19.94,33.7,46.15,54.16,58.36,53.46,55.95,54.88,56.57,60.65,64.7,44.05,22.32,16.32,12.59,7.93,4.29,0.000137479,0.000143306,0.000161944,0.000203749,0.000173881,0.000201248,0.000296104,0.000383143,0.000385445,0.000395672,0.000399083,0.000411667,0.000384457,0.000393684,0.000381446,0.000380741,0.000380997,0.000372014,0.000272765,0.000185137,0.000166687,0.00015684,0.000148448,0.00012517,2015-11-30,33.3157138,126.3443504
Nov-15,5013030000000000000,제주특별자치도 서귀포시 안덕면 동광리 1000-128,4.5,3.15,2.85,2.37,2.27,3.11,11.71,35.88,55.67,76.59,91.36,95.93,89.47,89.98,90.09,91.4,92.93,89.89,60.85,36.5,27.24,19.56,11.23,6.42,0.000214531,0.000223612,0.000298581,0.000352344,0.000374915,0.000308494,0.000527057,0.000689176,0.000636645,0.000656682,0.000673273,0.000676689,0.000643476,0.000633133,0.000626147,0.000615185,0.000583784,0.000516812,0.000376846,0.000302795,0.000278199,0.000243746,0.00021009,0.000187012,2015-11-30,33.3053653,126.3402424
Nov-15,5013030000000000000,제주특별자치도 서귀포시 안덕면 동광리 1999-9488,0.65,0.5,0.46,0.42,0.41,0.49,1.56,4.57,7.11,9.8,11.7,12.25,11.43,11.53,11.5,11.63,11.82,11.3,7.49,4.55,3.42,2.49,1.45,0.87,3.10555E-05,3.58148E-05,4.82022E-05,6.22278E-05,6.76906E-05,4.88055E-05,7.01472E-05,8.77591E-05,8.12733E-05,0.000084032,8.62154E-05,8.64384E-05,8.21833E-05,8.11361E-05,7.99577E-05,7.82863E-05,7.42676E-05,6.49955E-05,4.63884E-05,3.77519E-05,3.48843E-05,3.10316E-05,2.71284E-05,2.54305E-05,2015-11-30,33.3157138,126.3443504
Nov-15,5013030000000000000,제주특별자치도 서귀포시 안덕면 동광리 9999-9744,0.59,0.36,0.27,0.23,0.19,0.39,1.51,4.74,8.08,11.3,13.59,14.69,13.38,14.12,13.91,14.29,15.16,15.67,10.24,5.11,3.73,2.78,1.69,0.87,2.79912E-05,2.51767E-05,0.000028418,3.40819E-05,3.12291E-05,3.87066E-05,6.81516E-05,9.11273E-05,0.000092447,9.69188E-05,0.000100136,0.000103608,9.62557E-05,9.93204E-05,0.000096704,9.61735E-05,9.52347E-05,9.00689E-05,6.34241E-05,4.23557E-05,3.80912E-05,3.46743E-05,3.16009E-05,2.53333E-05,2015-11-30,33.3157138,126.3443504
Nov-15,5013030000000000000,제주특별자치도 서귀포시 안덕면 광평리 20-0,4.72,3.4,2.51,2.47,1.87,3.53,10.26,30.2,55.01,74.89,92.35,104.09,95.01,101.43,99.39,101.62,108.69,114.08,70.06,30.25,22.03,18.07,11.75,6.69,0.000224613,0.000241035,0.000263522,0.000366986,0.000308766,0.000350611,0.000462071,0.000580139,0.000629124,0.000642115,0.000680522,0.000734268,0.000683286,0.000713676,0.000690848,0.000683945,0.000682809,0.000655885,0.000433869,0.000250935,0.000225034,0.000225221,0.00021979,0.000194951,2015-11-30,33.3334441,126.3951298
Nov-15,5013030000000000000,제주특별자치도 서귀포시 안덕면 광평리 10-256,2.69,1.79,1.2,1.09,0.75,1.88,6.58,21.49,39.18,55.38,66.58,73.04,65.59,70.52,68.99,71.28,76.93,81.67,51.93,23.08,16.62,12.79,8.18,4.24,0.000128334,0.000126617,0.000125696,0.000161456,0.000124531,0.000187176,0.000296059,0.000412919,0.000448126,0.000474848,0.000490666,0.000515225,0.000471723,0.000496234,0.000479537,0.000479728,0.000483289,0.00046953,0.000321573,0.000191444,0.000169747,0.00015942,0.000153058,0.000123693,2015-11-30,33.3331416,126.3965964
Nov-15,5013030000000000000,제주특별자치도 서귀포시 안덕면 상천리 9999-9488,3.35,2.3,1.88,2.01,2.46,3.53,9.37,24.12,44.71,67.86,86.15,94.93,83.22,90.15,91.47,88.68,90.13,82.48,45.26,21.58,17.4,12.09,7.66,4.24,0.000159628,0.000163259,0.000197528,0.000298575,0.00040686,0.000350512,0.000421874,0.000463257,0.000511367,0.000581867,0.000634812,0.000669649,0.000598511,0.000634329,0.000635797,0.000596865,0.00056618,0.000474224,0.000280287,0.000178976,0.000177741,0.000150627,0.000143383,0.000123547,2015-11-30,33.3103324,126.4001704
Nov-15,5013030000000000000,제주특별자치도 서귀포시 안덕면 상천리 9999-9744,3.76,2.76,2.32,2.52,2.93,3.22,6.67,13.7,25.17,37.49,46.45,49.78,43.84,47.8,48.47,47.07,47.65,43.49,24.7,13.75,11.31,8.16,5.64,3.73,0.000179236,0.000195622,0.000243353,0.000373713,0.000483693,0.000319951,0.000300425,0.000263162,0.000287905,0.000321486,0.000342283,0.000351114,0.00031532,0.000336366,0.000336906,0.000316777,0.000299338,0.000250041,0.000152987,0.000114027,0.000115557,0.000101631,0.000105538,0.000108592,2015-11-30,33.3103324,126.4001704
Nov-15,5013030000000000000,제주특별자치도 서귀포시 안덕면 상천리 1000-128,2.47,1.57,1.26,1.29,1.62,2.71,7.24,17.82,36.59,55.37,69.97,75.24,66.57,73.91,74.6,72.26,73.46,66.39,35.85,19.56,16.46,11.06,6.8,3.56,0.000117458,0.000111558,0.000131918,0.000191185,0.000268119,0.000268993,0.000326113,0.000342334,0.000418489,0.000474751,0.000515649,0.000530765,0.000478793,0.000520042,0.000518547,0.00048631,0.000461486,0.000381709,0.00022198,0.000162236,0.000168103,0.000137838,0.000127227,0.000103928,2015-11-30,33.3178037,126.3996741
Nov-15,5013010000000000000,제주특별자치도 서귀포시 서귀동 9999-9744,759.09,497.66,368.36,259,203.42,298.4,684.54,1374.34,2199.84,2935.29,3447.86,3698.36,3754.14,3811.56,3893.15,4068.44,4430.13,4981.58,4963.96,3940.93,3256.78,2640.8,1810.43,1198.86,0.036156274,0.035294186,0.038627013,0.038434739,0.033611783,0.029641001,0.03081401,0.026401515,0.025158965,0.025167524,0.025407479,0.026087833,0.026999872,0.026819436,0.027059801,0.027382395,0.02782994,0.028641297,0.030739592,0.03269115,0.033261605,0.032906588,0.033879488,0.034949367,2015-11-30,33.2464495,126.5637975
Nov-15,5013010000000000000,제주특별자치도 서귀포시 서귀동 1000-128,276.4,181.31,135.34,93.88,73.06,102.74,227.02,435.66,701.36,947.56,1115.09,1206.26,1232.31,1257.78,1288.09,1349.01,1456.86,1631.72,1635.42,1338.47,1119.23,908.63,628.45,424.53,0.013165422,0.012858408,0.01419222,0.013931219,0.012072284,0.010205737,0.010219345,0.00836924,0.008021246,0.008124469,0.00821713,0.008508813,0.008862793,0.008850188,0.008953011,0.009079461,0.009151978,0.0093815,0.010127408,0.01110302,0.011430712,0.011322279,0.01176058,0.0123759,2015-11-30,33.2464495,126.5637975
Nov-15,5013010000000000000,제주특별자치도 서귀포시 서귀동 9999-9488,11.36,7.56,5.73,4.07,3.25,4.59,10.29,19.66,31.46,42.45,50.08,53.76,54.76,55.52,56.63,59.02,63.89,71.27,70.87,56.88,47.03,38.06,26.32,17.54,0.000541185,0.000536134,0.000601182,0.000603828,0.000537009,0.000455507,0.000462972,0.000377617,0.000359846,0.000363994,0.000369054,0.000379184,0.00039385,0.00039063,0.000393646,0.000397246,0.000401328,0.000409761,0.00043885,0.000471811,0.000480295,0.000474268,0.000492446,0.000511194,2015-11-30,33.2464495,126.5637975
Nov-15,5013010000000000000,제주특별자치도 서귀포시 법환동 1000-128,79.5,40.5,28.3,23.17,20.45,44.37,129.04,305.64,503.07,639.69,728.94,769.39,766.52,780.73,787.11,812.57,870.62,974.12,900.57,637.66,514.64,417.13,266.4,153.72,0.003786596,0.002872275,0.002967461,0.003438063,0.003379244,0.004407755,0.005808444,0.005871529,0.005753531,0.00548473,0.005371561,0.00542718,0.005512841,0.005493453,0.005470878,0.00546894,0.005469226,0.005600621,0.005576841,0.00528957,0.005256005,0.005197763,0.004985217,0.004481174,2015-11-30,33.2425049,126.5116558
Nov-15,5013010000000000000,제주특별자치도 서귀포시 법환동 1999-9488,12.51,6.48,4.43,3.35,2.99,6.4,18.49,44.77,73.47,93.87,108.02,114.68,115.25,116.94,117.97,122.08,132.19,148.91,140,99.51,80.64,65.9,42.41,24.44,0.000596072,0.000459257,0.000464231,0.000497526,0.000493332,0.000636027,0.000832133,0.000860033,0.000840212,0.000804811,0.000795975,0.000808961,0.000828891,0.000822821,0.000819988,0.000821661,0.000830424,0.000856132,0.00086693,0.000825461,0.00082353,0.000821127,0.000793665,0.000712374,2015-11-30,33.2429654,126.5123652
Nov-15,5013010000000000000,제주특별자치도 서귀포시 법환동 9999-9744,11.85,7.2,4.97,3.5,3.15,6.7,18.19,42.1,67.31,87.43,103.08,107.81,107.45,107.35,108.35,113.01,125.91,141.07,135.75,96.49,75.15,60.71,38.85,22.61,0.000564588,0.000510438,0.000521591,0.000519884,0.000520265,0.000665562,0.000818854,0.000808831,0.000769826,0.000749637,0.00075957,0.000760468,0.00077275,0.000755347,0.000753079,0.000760594,0.000790963,0.000811078,0.000840663,0.000800443,0.000767488,0.000756443,0.00072697,0.000659171,2015-11-30,33.2429654,126.5123652
Nov-15,5013010000000000000,제주특별자치도 서귀포시 서호동 1000-128,25.72,13.25,9.35,8.38,6.79,15.79,48.59,115.52,193.14,247.29,279.79,290.1,280.57,287.88,290.61,299.99,317.7,346.45,312.34,216.39,171.35,136.3,84.51,49.21,0.001224962,0.000939908,0.000980823,0.001243468,0.00112221,0.001568198,0.002187137,0.002219194,0.002208854,0.002120257,0.002061816,0.002046314,0.002017896,0.00202564,0.002019937,0.002019086,0.001995774,0.001991902,0.001934177,0.001795006,0.001749987,0.001698453,0.00158151,0.001434552,2015-11-30,33.2857414,126.51819
Nov-15,5013010000000000000,제주특별자치도 서귀포시 서호동 1999-9488,9.66,5.04,3.58,3.1,2.65,6.41,18.42,41.42,68.06,86.56,98.11,102.3,100.3,101.99,102.71,105.95,112.97,124.89,113.67,79.99,62.91,49.96,31.37,18.25,0.000460117,0.000357415,0.000374922,0.000459981,0.000438144,0.000637054,0.000829253,0.00079564,0.000778373,0.000742143,0.000722948,0.000721606,0.000721351,0.000717661,0.000713873,0.000713115,0.000709698,0.00071805,0.000703926,0.00066357,0.000642535,0.000622585,0.000586993,0.000532116,2015-11-30,33.2857414,126.51819
Nov-15,5013010000000000000,제주특별자치도 서귀포시 서호동 9999-9744,3.74,1.94,1.29,1.03,0.8,2.17,7,16.81,27.8,35.92,41.2,42.7,41.42,42.17,42.64,44.17,47.59,52.08,47.95,33.32,26.04,20.76,12.88,7.43,0.00017795,0.000137775,0.000135379,0.000153047,0.000131801,0.000215155,0.00031531,0.000322848,0.000317926,0.000307973,0.000303575,0.00030118,0.00029787,0.00029669,0.000296356,0.00029727,0.00029893,0.000299439,0.000296931,0.000276424,0.000265937,0.000258708,0.000241092,0.000216465,2015-11-30,33.2857414,126.51819
Nov-15,5013010000000000000,제주특별자치도 서귀포시 서호동 9999-9488,1.26,0.78,0.64,0.69,0.61,1.2,3.39,8.65,15.29,20.36,23.32,23.96,21.62,22.45,22,23.06,23.91,24.59,18.5,10.64,7.98,6.31,3.52,2.16,6.01899E-05,5.54125E-05,6.66582E-05,0.00010279,0.000100792,0.000118901,0.000152778,0.000166105,0.000174818,0.000174543,0.000171817,0.000169042,0.000155496,0.00015795,0.000152942,0.000155202,0.000150181,0.000141362,0.000114539,8.82701E-05,8.15408E-05,7.86196E-05,6.59526E-05,6.28619E-05,2015-11-30,33.2857414,126.51819
Nov-15,5013010000000000000,제주특별자치도 서귀포시 호근동 9999-9744,10.5,6.5,4.79,3.54,3.27,6.44,16.4,35.19,55.26,72.39,85.48,90.13,89.03,88.78,89.03,93.09,103.32,115.34,110.7,79.36,62.03,49.61,31.91,18.95,0.000500349,0.000460793,0.000502016,0.000525326,0.000539928,0.000639901,0.000738249,0.000676075,0.000632036,0.000620654,0.000629921,0.000635783,0.000640297,0.000624694,0.0006188,0.000626559,0.00064903,0.000663114,0.000685509,0.000658322,0.000633551,0.000618186,0.000597148,0.000552532,2015-11-30,33.2665145,126.5323308
Nov-15,5013010000000000000,제주특별자치도 서귀포시 호근동 9999-9488,0.23,0.16,0.13,0.14,0.14,0.23,1,2.8,5.75,7.81,9.04,9.15,8.16,8.53,8.4,8.74,9.14,9.4,6.2,2.92,1.98,1.59,0.68,0.39,1.07488E-05,1.13945E-05,1.35623E-05,2.03304E-05,2.30225E-05,2.25816E-05,4.48792E-05,5.38081E-05,6.57994E-05,6.70009E-05,6.66359E-05,6.45619E-05,0.000058687,5.99989E-05,5.83737E-05,0.000058842,5.74403E-05,5.40639E-05,3.84145E-05,2.42582E-05,2.01707E-05,1.98709E-05,0.000012669,0.000011243,2015-11-30,33.2665145,126.5323308
Nov-15,5013010000000000000,제주특별자치도 서귀포시 호근동 1000-128,19.42,11.29,7.99,6.03,5,11.09,31.77,74.22,120.66,156.31,181.24,189.16,185.34,187.54,189.43,196.89,214.64,237.3,222.91,157.38,123.84,99.11,62.72,37.06,0.00092506,0.000800904,0.000838313,0.000894785,0.000826002,0.001101533,0.001430193,0.001425744,0.00138001,0.001340213,0.001335569,0.00133434,0.001332954,0.00131962,0.001316687,0.001325188,0.001348369,0.001364368,0.001380404,0.001305504,0.001264821,0.001235031,0.001173718,0.001080275,2015-11-30,33.2811465,126.5313313
Nov-15,5013010000000000000,제주특별자치도 서귀포시 호근동 1999-9488,12.32,7.15,5,3.77,3.19,7.42,21.15,49.05,79.81,103.53,120.2,125.08,122.41,123.55,124.58,129.49,141.36,155.96,146.14,102.58,79.95,63.86,40.2,23.55,0.000586609,0.000507033,0.000524527,0.000560001,0.000526544,0.000737479,0.000952036,0.000942336,0.000912808,0.000887694,0.000885784,0.000882275,0.000880393,0.000869317,0.00086589,0.000871541,0.000888034,0.000896693,0.000905002,0.000850936,0.000816524,0.000795687,0.000752196,0.000686486,2015-11-30,33.2606989,126.5251973
Nov-15,5013010000000000000,제주특별자치도 서귀포시 동홍동 9999-9744,225.13,124.52,88.28,60.41,54.07,98.9,260.27,580.16,928.96,1162.69,1313.7,1384.66,1398.06,1411.3,1451.8,1523.65,1679.97,1959.56,1975.68,1502.11,1225.76,970.76,634.96,393.99,0.010723072,0.008831171,0.009256822,0.008964567,0.008934557,0.009823968,0.011715919,0.011144983,0.010624259,0.00996906,0.009680734,0.009767241,0.010054917,0.009930382,0.010090946,0.010254807,0.010553543,0.011266367,0.01223451,0.012460419,0.012518678,0.012096479,0.011882262,0.011485668,2015-11-30,33.2674043,126.5663635
Nov-15,5013010000000000000,제주특별자치도 서귀포시 동홍동 1999-9488,129.56,70.6,47.96,36.01,36.02,79.07,214.31,501.07,751.78,896.11,1009.5,1064.02,1079.76,1063.93,1077.24,1126.04,1256.84,1450.45,1392.84,992.33,793.85,620.46,395.13,232.61,0.006170948,0.005006978,0.005029286,0.005343432,0.005951543,0.007854499,0.009646869,0.009625626,0.008597917,0.007683317,0.007439064,0.007505496,0.007765634,0.007486208,0.00748746,0.007578721,0.00789542,0.008339299,0.008625236,0.008231648,0.008107569,0.007731399,0.007394326,0.006781071,2015-11-30,33.2815331,126.5597434
Nov-15,5013010000000000000,제주특별자치도 서귀포시 동홍동 1000-128,209.11,111.96,77,56.07,55.09,117.19,321.37,737.59,1133.25,1366.04,1537.07,1615.1,1634.9,1625.34,1659.35,1732.42,1930.01,2246.18,2203.46,1600.57,1285.96,1006.79,643.47,380.29,0.009960386,0.007940576,0.008074975,0.008320969,0.009102158,0.011640498,0.01446614,0.014169364,0.01296069,0.011712556,0.011326724,0.011392741,0.011758243,0.011436454,0.011533495,0.011659978,0.01212425,0.012914268,0.013645014,0.013277149,0.013133512,0.012545385,0.012041626,0.011086195,2015-11-30,33.2701276,126.5706808
Nov-15,5013010000000000000,제주특별자치도 서귀포시 동홍동 9999-9488,4.17,2.13,1.43,1.14,1.07,3.21,13.43,35.9,65.72,89.53,103.51,106.69,104.89,101.34,100.54,106.72,109.43,111.91,82.47,46.47,34.06,24.51,14.43,7.71,0.000198527,0.000150989,0.000149465,0.000169123,0.00017724,0.000318792,0.000604721,0.000689714,0.000751611,0.000767674,0.000762761,0.000752563,0.000754389,0.000713031,0.000698813,0.0007183,0.000687434,0.000643426,0.000510704,0.000385476,0.000347818,0.000305461,0.000270061,0.000224637,2015-11-30,33.2674043,126.5663635
Nov-15,5013010000000000000,제주특별자치도 서귀포시 서홍동 1000-128,94.61,64.31,47.83,33.77,25.61,34.91,79.62,159.67,254.32,341.43,403.54,433.95,441.72,449.04,459,477.37,519.35,582.03,579.02,462.11,383.86,313.53,219.1,146.53,0.004506303,0.004561197,0.005015584,0.005011171,0.004230912,0.003467637,0.003583915,0.003067272,0.002908649,0.002927497,0.002973734,0.003061059,0.00317683,0.003159571,0.003190353,0.003212893,0.003262518,0.003346343,0.003585631,0.00383331,0.003920343,0.003906862,0.004100136,0.004271735,2015-11-30,33.2531192,126.5462032
Nov-15,5013010000000000000,제주특별자치도 서귀포시 서홍동 2999-9872,24.2,15.25,10.82,7.82,6.41,11.24,28.89,64.29,101.17,127.1,146.99,156.23,156.79,159.14,163.35,169.53,186.8,211.77,204.72,152.49,124.1,99.98,65.99,40.88,0.001152435,0.001081276,0.001134518,0.00115997,0.001059036,0.001116665,0.001300387,0.001234992,0.001157097,0.001089743,0.001083187,0.001102043,0.001127665,0.001119774,0.001135357,0.001140998,0.001173494,0.001217546,0.001267747,0.001264987,0.001267419,0.00124583,0.001234867,0.001191831,2015-11-30,33.2870377,126.5409432
Nov-15,5013010000000000000,제주특별자치도 서귀포시 서홍동 1999-9488,18.62,9.96,6.24,4.68,4.43,11.14,31.83,76.08,116.84,138.81,156.8,165.75,165.99,167.15,171.8,178.22,197.76,226.66,215.37,152.94,122.78,96.89,60.54,34.69,0.000886733,0.000706154,0.000653998,0.000695141,0.000731764,0.001106334,0.001432729,0.00146145,0.001336288,0.001190149,0.001155482,0.001169156,0.001193769,0.001176133,0.001194101,0.001199515,0.001242352,0.001303165,0.001333718,0.001268687,0.001253927,0.001207388,0.00113291,0.001011281,2015-11-30,33.2654176,126.555
Nov-15,5013010000000000000,제주특별자치도 서귀포시 서홍동 9999-9744,149.79,86.96,59.12,44.54,41,90.28,239.84,537.3,839.03,1027.89,1183.62,1251.52,1250.8,1265.9,1304.84,1352.15,1501.5,1712.84,1657.38,1200.25,957.95,763.91,482.28,277.44,0.007134827,0.006167283,0.006199772,0.006609556,0.00677402,0.008967787,0.010796203,0.01032168,0.009595822,0.008813224,0.008722146,0.008828062,0.008995816,0.008907334,0.009069438,0.009100563,0.009432412,0.00984787,0.010263421,0.009956407,0.0097836,0.009518977,0.009025108,0.008087917,2015-11-30,33.2870377,126.5409432
Nov-15,5013010000000000000,제주특별자치도 서귀포시 서홍동 9999-9488,1.45,0.89,0.67,0.6,0.6,1.19,3.34,8.41,14.09,18.34,21.22,21.93,21.04,20.73,20.26,21.45,22.63,23.74,18.66,11.01,8.46,6.48,3.91,2.4,6.92874E-05,6.31428E-05,6.97692E-05,8.88898E-05,9.88096E-05,0.000118636,0.000150423,0.000161482,0.000161109,0.000157209,0.000156339,0.000154725,0.000151292,0.000145896,0.000140794,0.000144348,0.000142153,0.000136511,0.000115559,9.13339E-05,8.64022E-05,8.07545E-05,7.31698E-05,6.99945E-05,2015-11-30,33.2870377,126.5409432
Nov-15,5013010000000000000,제주특별자치도 서귀포시 상효동 1000-128,15.08,10.2,8.65,7.43,8.64,16.08,47.03,100.55,168.96,221.2,250.87,260.14,263.19,251.09,245.47,253.91,260.69,273.77,208.07,127.53,93.69,66.66,40.71,23.56,0.000718452,0.000723151,0.000907418,0.001103035,0.001427286,0.001597468,0.002116885,0.001931641,0.001932302,0.00189659,0.001848708,0.001835006,0.001892901,0.001766783,0.001706158,0.001708918,0.001637637,0.00157401,0.001288484,0.001057865,0.000956865,0.000830639,0.000761877,0.0006867,2015-11-30,33.2768392,126.596937
Nov-15,5013010000000000000,제주특별자치도 서귀포시 상효동 9999-9744,4.28,2.15,1.57,1.15,1.58,4.14,15.85,32.01,50.34,63.16,70.37,73.73,76.29,71.48,70.33,71.42,74.85,82.81,67.55,43.7,32.93,23.07,13.69,7.51,0.000203782,0.000152408,0.000164461,0.000170953,0.00026184,0.00041137,0.000713506,0.000614832,0.00057576,0.000541583,0.000518565,0.000520079,0.00054867,0.000502965,0.000488844,0.000480704,0.000470189,0.000476119,0.000418299,0.000362507,0.000336356,0.000287496,0.000256207,0.00021905,2015-11-30,33.3211576,126.5716701
Nov-15,5013010000000000000,제주특별자치도 서귀포시 상효동 1999-9488,4.38,3.19,2.87,2.57,2.85,5.04,13.39,28.73,48.96,64.71,73.87,76.31,76.38,72.89,70.98,74.59,75.35,77.12,57.09,34.13,24.88,17.86,10.99,6.39,0.000208386,0.000226212,0.000301447,0.00038143,0.000471411,0.000500272,0.000602936,0.000551816,0.000559889,0.000554842,0.000544357,0.000538256,0.000549337,0.000512877,0.000493355,0.000502001,0.000473324,0.000443405,0.000353553,0.000283115,0.000254097,0.000222505,0.000205705,0.000186292,2015-11-30,33.3109536,126.5712467
Nov-15,5013010000000000000,제주특별자치도 서귀포시 상효동 9999-9488,4.21,2.92,2.67,2.36,2.41,4.48,12.45,30.88,57.17,78.6,91.23,93.51,91.88,88.34,86.53,93.08,92.5,91.23,64.01,34.78,24.67,17.62,10.87,6.01,0.000200432,0.000206851,0.000279601,0.000349772,0.000397662,0.000444911,0.000560232,0.000593278,0.000653884,0.000673933,0.00067231,0.0006596,0.000660768,0.000621622,0.000601421,0.000626465,0.000581097,0.000524514,0.000396406,0.000288485,0.000251945,0.000219593,0.000203366,0.000175156,2015-11-30,33.3211576,126.5716701
Nov-15,5013010000000000000,제주특별자치도 서귀포시 하효동 1000-128,19.61,11.37,8.53,7.58,8.37,19.6,62.4,112.67,158.72,184.61,195.22,206.49,214.85,197.22,193.49,200.85,212.8,252.89,231.69,163.57,126.53,93.68,56.45,33.65,0.000934015,0.000806436,0.0008948,0.001124157,0.001383224,0.001947218,0.002808679,0.002164426,0.00181522,0.001582909,0.001438564,0.001456558,0.001545193,0.001387718,0.001344848,0.001351791,0.00133681,0.001453963,0.001434748,0.001356843,0.00129224,0.001167364,0.00105634,0.000980973,2015-11-30,33.2510481,126.6209672
Nov-15,5013010000000000000,제주특별자치도 서귀포시 하효동 9999-9744,28.61,17.09,13.11,11.66,12.82,29.63,92.37,164.92,230.76,267.38,281.95,298.29,310.74,284.1,278.14,288.69,305.21,362.71,331.26,233.95,180.64,133.28,80.05,47.86,0.001362489,0.001212266,0.00137441,0.001729914,0.002117576,0.002943426,0.004157861,0.003168164,0.002639119,0.002292502,0.002077736,0.002104083,0.002234865,0.001999034,0.001933233,0.001943,0.001917313,0.002085392,0.002051369,0.001940671,0.001844839,0.001660797,0.001498079,0.001395333,2015-11-30,33.2543893,126.6170647
Nov-15,5013010000000000000,제주특별자치도 서귀포시 신효동 1000-128,20.97,12.36,9.44,8.54,9.38,21.47,67.7,121.2,170.52,198.52,209.93,222.02,231.13,211.72,207.38,215.06,227.62,269.76,246.08,173.43,133.87,98.72,59.46,35.49,0.000998714,0.000876481,0.000989561,0.00126741,0.001549063,0.002132838,0.0030476,0.002328302,0.001950193,0.001702152,0.001547017,0.001566107,0.001662303,0.001489719,0.001441386,0.001447451,0.001429905,0.001550964,0.001523892,0.001438646,0.001367217,0.001230134,0.001112712,0.001034642,2015-11-30,33.2574172,126.6080338
Nov-15,5013010000000000000,제주특별자치도 서귀포시 신효동 9999-9744,15.77,9.04,6.58,5.5,6.16,15.66,50.8,92.8,130.87,152.11,160.76,170.19,177.28,162.45,159.47,165.64,175.05,208.43,190.01,133.51,103.33,76.46,45.66,27.17,0.000751032,0.00064112,0.000690071,0.000815986,0.001018389,0.001555881,0.002286544,0.001782806,0.001496677,0.001304247,0.001184629,0.001200499,0.001275005,0.001143041,0.001108435,0.001114822,0.001099666,0.00119833,0.001176634,0.001107529,0.001055284,0.000952805,0.000854428,0.000792183,2015-11-30,33.2626686,126.60462
Nov-15,5013010000000000000,제주특별자치도 서귀포시 신효동 9999-9488,3.56,2.01,1.42,1.16,1.35,3.49,11.8,22.43,32.88,39.39,42.43,44.78,46.45,43.04,42.35,43.6,46.02,53.36,46.67,31.91,24.46,17.87,10.65,6.23,0.00016963,0.000142715,0.000148976,0.000172833,0.000223451,0.000346207,0.000531108,0.000430945,0.000376032,0.000337763,0.000312637,0.000315847,0.000334063,0.000302851,0.000294331,0.000293418,0.000289128,0.000306788,0.000289037,0.000264703,0.000249763,0.000222704,0.00019928,0.00018156,2015-11-30,33.2626686,126.60462
Nov-15,5013010000000000000,제주특별자치도 서귀포시 신효동 1999-9488,3.95,2.3,1.72,1.54,1.71,3.96,12.68,22.93,32.39,37.7,39.9,42.18,43.89,40.29,39.53,40.99,43.41,51.51,47.01,33.1,25.57,18.9,11.38,6.78,0.000187905,0.000163164,0.00018061,0.000229175,0.000282825,0.000393688,0.000570646,0.000440467,0.000370383,0.000323247,0.000294023,0.000297547,0.000315627,0.000283478,0.00027476,0.000275914,0.000272703,0.000296127,0.000291087,0.000274596,0.000261161,0.000235572,0.000212947,0.000197642,2015-11-30,33.2626686,126.60462
Nov-15,5013010000000000000,제주특별자치도 서귀포시 보목동 1999-9488,5.59,3.25,2.31,1.7,1.63,3.78,11.72,22.47,32.88,39.4,42.69,45.35,46.85,44.39,44.28,46.25,49.44,58.28,55.08,40.34,32.09,24.57,15.39,9.51,0.000266353,0.00023068,0.000242165,0.000252522,0.000269165,0.000375775,0.000527447,0.000431643,0.000376044,0.000337834,0.00031458,0.00031991,0.00033692,0.00031236,0.000307794,0.000311274,0.000310581,0.00033507,0.000341055,0.000334632,0.000327688,0.000306221,0.000288051,0.000277286,2015-11-30,33.2456969,126.6010289
Nov-15,5013010000000000000,제주특별자치도 서귀포시 보목동 1000-128,24.65,13.51,9.28,7,7.63,21.2,70.46,133.52,191.15,223.89,238.29,252.49,262.19,242.88,240.19,250.26,265.42,316.38,292.11,206.95,161.74,121.11,73,43.56,0.00117425,0.000958489,0.000973447,0.001038334,0.001261392,0.002105356,0.003171704,0.002564871,0.002186095,0.00191964,0.001755996,0.00178106,0.001885714,0.001709002,0.001669487,0.001684376,0.001667351,0.001819018,0.001808908,0.001716712,0.001651837,0.001509173,0.001366124,0.001269745,2015-11-30,33.2508684,126.6025353
Nov-15,5013010000000000000,제주특별자치도 서귀포시 보목동 9999-9744,5.72,3.21,2.32,2,2.19,5.54,17.97,33.01,46.74,54.52,57.75,61.1,63.56,58.4,57.42,59.63,63.13,75.04,68.56,48.19,37.32,27.68,16.6,9.89,0.000272339,0.000227773,0.000243703,0.000296695,0.000361751,0.000549939,0.000808711,0.000634145,0.000534508,0.000467423,0.00042557,0.000430986,0.000457109,0.000410956,0.000399103,0.000401321,0.000396604,0.000431438,0.000424555,0.00039978,0.000381153,0.000344887,0.000310682,0.000288384,2015-11-30,33.2456969,126.6010289
Nov-15,5013010000000000000,제주특별자치도 서귀포시 토평동 9999-9744,10.17,5.74,4.24,2.94,2.9,5.44,16.63,34.75,56.33,72.36,82.18,86.79,88.75,86.87,87.43,90.25,96.81,108.53,98.98,71.74,57.18,43.56,28.15,17.14,0.00048444,0.00040713,0.000444272,0.000436139,0.000478571,0.000540502,0.000748782,0.000667469,0.000644193,0.000620434,0.000605613,0.000612179,0.000638305,0.000611243,0.000607688,0.000607411,0.000608137,0.000623993,0.000612949,0.000595076,0.00058397,0.000542815,0.000526779,0.000499533,2015-11-30,33.2874612,126.5731538
Nov-15,5013010000000000000,제주특별자치도 서귀포시 토평동 1000-128,50.48,26.66,18.85,13.34,14.77,31.9,108.13,233,378.41,481.28,542.01,567.8,581.13,562.37,563.09,576.56,616.92,690.57,606.55,418.15,326.58,243.01,152.77,89.32,0.002404452,0.001890619,0.001977131,0.001979666,0.002441159,0.003168646,0.004867211,0.004476053,0.004327808,0.004126549,0.003994087,0.004005175,0.004179501,0.003957057,0.003913801,0.003880475,0.003875496,0.003970397,0.003756077,0.003468702,0.003335365,0.003028161,0.002858819,0.00260377,2015-11-30,33.2612968,126.5813988
Nov-15,5013010000000000000,제주특별자치도 서귀포시 토평동 1999-9488,15.52,8.25,6.56,5.07,6.78,14.58,51.92,107.73,174.5,221.89,251.1,261.17,269.21,255.05,250.52,254.44,267.18,290.23,235.1,150.45,113.73,79.41,48.27,26.3,0.000739124,0.000584951,0.00068752,0.000752274,0.001120999,0.00144827,0.002337065,0.00206945,0.001995658,0.001902474,0.001850339,0.001842278,0.001936195,0.001794623,0.001741298,0.001712505,0.00167839,0.001668663,0.001455866,0.001248023,0.001161551,0.000989565,0.000903276,0.000766743,2015-11-30,33.2776621,126.5839721
Nov-15,5013010000000000000,제주특별자치도 서귀포시 토평동 2999-9872,39.44,20.26,13.86,10.51,13.15,31.97,103.97,234.11,358.22,436.36,487.53,509.96,525.09,499.47,494,508.4,552.07,621.49,540.09,357.12,275.63,202.81,125.25,70.76,0.001878382,0.001436847,0.001453652,0.0015599,0.002171993,0.003175897,0.004680012,0.004497242,0.0040969,0.003741386,0.003592621,0.00359718,0.003776446,0.00351441,0.00343358,0.003421773,0.003468099,0.003573217,0.00334452,0.002962454,0.002815049,0.002527157,0.002343792,0.002062851,2015-11-30,33.2863338,126.561198
Nov-15,5013010000000000000,제주특별자치도 서귀포시 토평동 9999-9488,2.71,1.37,0.91,0.67,0.82,2.22,8.23,20.33,34.11,44.33,50.37,52.28,52.39,50.38,49.89,51.94,54.66,58.43,45.86,27.75,20.75,15.05,9,4.97,0.000128858,9.74682E-05,9.51461E-05,9.94755E-05,0.000134775,0.000220055,0.000370482,0.000390565,0.000390088,0.000380084,0.000371157,0.00036881,0.0003768,0.000354482,0.000346794,0.000349584,0.000343385,0.000335955,0.000283959,0.000230225,0.000211907,0.000187502,0.000168496,0.00014478,2015-11-30,33.2874612,126.5731538
Nov-15,5013010000000000000,제주특별자치도 서귀포시 중문동 9999-9488,5.06,3.52,2.86,2.98,3.37,3.89,8.79,21.41,34.47,50.4,61.86,70.83,66.65,64.42,62.02,60.42,60.19,58.84,39.08,19.89,14.35,11.43,8.03,5.48,0.000241141,0.000249285,0.000300224,0.000442372,0.000556947,0.000386603,0.00039545,0.000411254,0.000394278,0.000432106,0.000455835,0.000499641,0.000479337,0.000453296,0.000431096,0.000406656,0.000378137,0.000338286,0.000242001,0.000164996,0.000146516,0.000142477,0.000150288,0.000159881,2015-11-30,33.3064679,126.4426404
Nov-15,5013010000000000000,제주특별자치도 서귀포시 중문동 9999-9744,1.89,1.07,0.86,0.72,0.91,1.42,4.63,13.46,20.5,29.24,35.45,38.77,36.05,35.46,35.38,35.45,36.63,37.91,27.25,13.7,10.19,7.87,5.09,2.96,9.01499E-05,7.56248E-05,8.97981E-05,0.000107242,0.000149646,0.00014135,0.000208626,0.000258494,0.000234396,0.00025071,0.000261233,0.000273468,0.000259273,0.000249504,0.000245925,0.000238583,0.000230128,0.000217948,0.000168745,0.000113643,0.000104098,9.80709E-05,9.52268E-05,8.63295E-05,2015-11-30,33.3064679,126.4426404
Nov-15,5013010000000000000,제주특별자치도 서귀포시 중문동 1000-128,15.81,8.57,6.94,4.47,5.51,8.04,22.53,54.29,89.06,114.88,133.86,138.74,138.85,135.84,132.63,136.43,144.1,158.1,141.78,97.36,78.42,61.33,41.95,24.52,0.000753159,0.000607575,0.000727752,0.000663681,0.000910601,0.000798171,0.001014171,0.001042947,0.001018564,0.000984979,0.000986426,0.00097864,0.000998601,0.000955799,0.000921889,0.000918234,0.000905249,0.000908987,0.000877986,0.00080766,0.000800949,0.000764273,0.000784994,0.000714803,2015-11-30,33.2646702,126.4265248
Nov-15,5013010000000000000,제주특별자치도 서귀포시 중문동 2999-9872,28.43,16.28,10.9,7.1,7.68,11.45,32.61,81.03,144.66,202.94,248.64,266.6,256.93,264.41,264.05,269.57,279.59,295.05,261.67,187,152.76,122.27,83.67,48.41,0.001353963,0.001154253,0.001143536,0.001052927,0.001268222,0.001137028,0.00146811,0.001556592,0.001654496,0.001740061,0.001832268,0.001880579,0.001847882,0.001860493,0.001835277,0.001814301,0.001756358,0.001696365,0.001620386,0.001551224,0.001560114,0.001523524,0.001565816,0.001411211,2015-11-30,33.3064679,126.4426404
Nov-15,5013010000000000000,제주특별자치도 서귀포시 중문동 1999-9488,110.56,64.01,38.82,22.63,24.83,37.43,111.94,306.51,535.37,686.22,815.65,874.92,860.74,870.99,866.47,913.8,959.2,1065.67,1023.14,759.13,632.35,506.1,347.64,198.72,0.005265861,0.004539731,0.004071289,0.003357978,0.004103297,0.003718154,0.005039,0.005888145,0.006122838,0.005883744,0.006010534,0.006171589,0.006190441,0.006128575,0.006022514,0.006150272,0.006025643,0.006127024,0.006335819,0.006297182,0.006458183,0.006306486,0.006505502,0.005793268,2015-11-30,33.2529539,126.4281851
Nov-15,5013010000000000000,제주특별자치도 서귀포시 회수동 9999-9744,2.8,1.48,1.11,0.72,0.89,1.75,5.52,14.4,22.51,29.09,33.45,34.81,33.88,33.43,32.95,33.62,35.5,38.95,33.54,21.83,17.31,13.8,8.77,4.84,0.000133351,0.000104962,0.000116433,0.000106895,0.000146617,0.000174031,0.000248509,0.000276577,0.00025746,0.000249458,0.000246465,0.000245529,0.000243644,0.000235192,0.000229009,0.0002263,0.000223016,0.000223935,0.000207713,0.000181117,0.000176743,0.000171993,0.00016408,0.000141233,2015-11-30,33.2730775,126.4443267
Nov-15,5013010000000000000,제주특별자치도 서귀포시 회수동 1000-128,8.84,5,4.32,3.57,4.02,6.72,17.92,40.86,62.4,78.46,88.14,90.06,87.93,87.14,85.5,86.23,91.75,101.05,89,59.38,47.01,37.45,23.49,13.5,0.000420853,0.000354389,0.00045301,0.000529679,0.000663798,0.000667516,0.000806715,0.000784952,0.000713634,0.000672702,0.000649493,0.000635292,0.000632424,0.000613129,0.000594267,0.000580353,0.000576381,0.000580975,0.000551147,0.000492574,0.000480066,0.000466633,0.000439512,0.000393565,2015-11-30,33.2646702,126.4265248
Nov-15,5013010000000000000,제주특별자치도 서귀포시 회수동 9999-9488,0.32,0.25,0.22,0.24,0.27,0.29,0.65,1.68,2.46,3.79,4.77,5.46,4.66,4.76,4.89,4.78,4.86,4.6,2.73,0.98,0.68,0.54,0.4,0.28,1.53213E-05,1.76119E-05,2.25806E-05,3.49722E-05,4.51087E-05,2.88065E-05,2.94693E-05,3.22477E-05,2.81649E-05,3.24673E-05,3.51405E-05,3.85119E-05,3.35125E-05,3.35212E-05,0.000034014,0.000032167,3.05074E-05,2.64532E-05,1.68768E-05,8.12109E-06,6.96188E-06,0.000006733,7.54778E-06,8.29867E-06,2015-11-30,33.2730775,126.4443267
Nov-15,5013010000000000000,제주특별자치도 서귀포시 대포동 1000-128,9.99,5.81,5.07,4.29,4.71,7.15,18.65,41.46,63.97,80.47,90.6,92.98,91.25,90.56,88.75,89.88,95.37,104.8,93.68,63.75,50.91,40.3,25.99,15.12,0.000475962,0.000412402,0.000531658,0.000636376,0.000777754,0.000709931,0.000839621,0.00079644,0.000731551,0.000689996,0.000667636,0.000655894,0.000656273,0.000637207,0.000616875,0.000604957,0.000599091,0.000602551,0.000580116,0.000528827,0.000519945,0.000502234,0.000486364,0.000440791,2015-11-30,33.2464263,126.4427952
Nov-15,5013010000000000000,제주특별자치도 서귀포시 대포동 9999-9744,8.3,4.31,3.48,2.65,3.12,5.78,17.4,43.32,66.86,85.87,97.8,100.67,98.56,96.69,94.94,96.38,102.1,112.57,96.48,62.15,48.81,38.71,24.1,13.9,0.000395323,0.000305407,0.000365239,0.000393846,0.000516354,0.000573911,0.000783428,0.000832152,0.000764638,0.000736287,0.000720701,0.000710146,0.000708868,0.000680323,0.000659902,0.000648682,0.000641364,0.000647209,0.000597468,0.000515516,0.000498484,0.000482342,0.000450902,0.000405197,2015-11-30,33.2732739,126.4486127
Nov-15,5013010000000000000,제주특별자치도 서귀포시 대포동 1999-9488,10.19,5.41,4.21,3.28,3.65,6.92,19.96,48.64,75.11,94.61,107.09,109.95,106.81,106.17,104.56,106.15,113.21,125.3,110.66,73.98,58.97,47.25,29.28,16.72,0.000485361,0.000383419,0.000441545,0.000487089,0.000602716,0.000687481,0.000898364,0.000934306,0.000858991,0.000811208,0.000789179,0.000775556,0.000768188,0.000747063,0.000726769,0.000714445,0.000711157,0.000720401,0.000685274,0.000613724,0.000602292,0.000588716,0.000547869,0.000487367,2015-11-30,33.242588,126.4327427
Nov-15,5013010000000000000,제주특별자치도 서귀포시 대포동 2999-9872,5.87,3.22,2.64,2.11,2.36,4.04,11.31,26.93,41.63,52.59,59.48,61.09,59.69,59.11,58.13,59.01,62.73,69.27,61.18,40.93,32.57,25.96,16.34,9.39,0.000279658,0.000228104,0.000276385,0.000313217,0.000389841,0.000401734,0.000509111,0.000517308,0.000476066,0.000450955,0.000438323,0.000430922,0.000429326,0.000415944,0.000404037,0.000397175,0.000394077,0.000398264,0.000378866,0.000339557,0.000332597,0.000323496,0.000305729,0.000273691,2015-11-30,33.2732739,126.4486127
Nov-15,5013010000000000000,제주특별자치도 서귀포시 대포동 9999-9488,1.16,0.77,0.66,0.64,0.72,0.87,2.37,6.88,11.42,17.16,20.59,22.18,19.66,20.04,20.49,20.53,20.73,19.29,12.45,6.09,4.52,3.55,2.38,1.52,5.54585E-05,5.48451E-05,6.88953E-05,0.00009443,0.000118913,8.65188E-05,0.000106864,0.000132205,0.000130604,0.000147169,0.000151709,0.000156476,0.000141402,0.000140983,0.000142418,0.000138167,0.000130194,0.000110913,7.71158E-05,5.04879E-05,0.000046122,0.000044211,4.46068E-05,4.44086E-05,2015-11-30,33.2732739,126.4486127
Nov-15,5013010000000000000,제주특별자치도 서귀포시 월평동 9999-9744,4.32,2.26,1.74,1.37,1.54,3.11,9.15,22.54,34.62,43.78,49.2,50.46,48.85,48.58,47.85,48.4,51.49,56.24,48.7,32.62,25.9,20.59,12.65,7.21,0.000205894,0.000160375,0.000182812,0.000203156,0.000253688,0.000308627,0.000411835,0.000433064,0.00039589,0.000375349,0.000362523,0.00035593,0.000351359,0.000341835,0.000332578,0.000325744,0.000323478,0.000323358,0.000301585,0.000270589,0.000264493,0.000256618,0.000236664,0.000210188,2015-11-30,33.2443528,126.4637697
Nov-15,5013010000000000000,제주특별자치도 서귀포시 월평동 1000-128,1.26,0.75,0.73,0.65,0.72,1.14,2.9,6.44,9.73,12.31,13.54,13.81,13.53,13.47,13.17,13.12,13.83,14.54,12.32,8.49,6.7,5.17,3.32,1.93,5.99676E-05,5.31903E-05,7.67251E-05,9.63097E-05,0.000118307,0.00011357,0.000130496,0.000123746,0.000111257,0.000105576,9.97622E-05,9.74283E-05,9.73369E-05,9.47468E-05,9.15444E-05,8.83169E-05,8.68587E-05,8.36218E-05,7.63232E-05,7.04021E-05,6.83864E-05,6.44017E-05,6.21788E-05,5.63124E-05,2015-11-30,33.2443528,126.4637697
Nov-15,5013010000000000000,제주특별자치도 서귀포시 강정동 9999-9744,54.54,27.45,19.14,16.41,13.69,30.82,93.01,225.98,377.35,481.91,546.46,572.31,560.93,574.93,580.4,599.1,636.16,701.68,639.51,446.56,359.35,289.64,182.1,105.43,0.002597707,0.001946788,0.002007506,0.002434503,0.00226144,0.003060969,0.004186955,0.004341107,0.004315612,0.004131928,0.004026916,0.004037028,0.004034246,0.004045434,0.004034165,0.004032201,0.00399634,0.004034263,0.003960181,0.003704327,0.003669998,0.003609135,0.003407755,0.003073578,2015-11-30,33.2523833,126.4911269
Nov-15,5013010000000000000,제주특별자치도 서귀포시 강정동 1999-9488,12.87,6.62,4.54,3.85,3.41,8.6,26.63,67.01,109.54,140.71,157.66,163.24,157.18,160.57,161.15,165.28,174.02,186.52,162.12,112.41,89.32,70.32,43.54,25.04,0.000612806,0.000469256,0.0004765,0.00057118,0.000563336,0.000854029,0.00119891,0.001287206,0.001252826,0.001206428,0.001161827,0.001151489,0.001130453,0.001129803,0.001120079,0.001112405,0.001093199,0.001072409,0.001003934,0.00093249,0.000912227,0.0008763,0.000814799,0.000730069,2015-11-30,33.2531264,126.4963269
Nov-15,5013010000000000000,제주특별자치도 서귀포시 강정동 6000-0,6.89,3.71,2.69,2.11,2.21,5.22,15.08,38.89,60.74,77.89,86.25,89.53,87.45,88.3,87.83,88.97,93.73,98.55,83.43,59.5,47.68,37.11,23.53,13.39,0.000328337,0.000262949,0.000281628,0.00031381,0.000364395,0.000518351,0.00067889,0.000747095,0.000694649,0.000667866,0.000635578,0.000631521,0.000628967,0.000621281,0.000610464,0.000598794,0.000588805,0.000566606,0.000516616,0.000493572,0.000486916,0.000462455,0.000440267,0.000390212,2015-11-30,33.2523833,126.4911269
Nov-15,5013010000000000000,제주특별자치도 서귀포시 강정동 2999-9872,10.59,6.21,4.54,3.66,3.95,9.79,27.6,72.61,111.06,142.9,155.94,160.86,155.83,157.04,155.44,155.98,162.89,165.05,132.23,95.63,76.02,57.43,36.29,20.55,0.00050462,0.000440179,0.00047587,0.000543677,0.000653333,0.000972732,0.001242393,0.001394829,0.00127018,0.001225257,0.001149162,0.001134693,0.001120739,0.001105012,0.001080417,0.001049805,0.001023241,0.00094893,0.000818814,0.000793262,0.000776394,0.000715655,0.000679088,0.000599039,2015-11-30,33.2380696,126.4845041
Nov-15,5013010000000000000,제주특별자치도 서귀포시 강정동 4000-256,12.27,6.2,4.17,3.12,3.3,8.41,25.34,65.79,103.27,131.99,147.1,153.32,150.24,151.8,151.21,153.77,162.54,174.23,149.97,106.32,85.67,67.51,42.85,24.35,0.000584402,0.000439399,0.00043777,0.000462554,0.000544664,0.00083552,0.001140631,0.001263897,0.001181015,0.001131662,0.001083968,0.001081479,0.001080518,0.001068153,0.001050985,0.00103494,0.001021047,0.001001699,0.000928689,0.000881922,0.000875001,0.000841277,0.000801793,0.000709808,2015-11-30,33.254193,126.4813914
Nov-15,5013010000000000000,제주특별자치도 서귀포시 강정동 1000-128,25.14,13.28,9.38,7.9,7.03,16.5,48.87,122.8,199.58,255.94,286.33,297.95,289.43,295.03,296.24,303.21,320.18,343.2,301.33,211.87,169.29,133.99,83.98,48.41,0.001197272,0.00094187,0.000983619,0.001172089,0.00116115,0.001639055,0.002199996,0.002359058,0.002282556,0.002194457,0.002110002,0.00210169,0.002081613,0.00207591,0.002059067,0.002040735,0.002011371,0.001973215,0.001865976,0.00175755,0.001728976,0.001669644,0.001571579,0.001411162,2015-11-30,33.2417983,126.4975239
Nov-15,5013010000000000000,제주특별자치도 서귀포시 강정동 4999-9616,6.99,4.37,3.06,2.22,2.73,7.5,21.55,59.33,89.03,115.23,124.78,128.04,122.63,122.95,121.29,121.35,125.95,123.91,94.04,69,54.53,39.9,25.26,14.12,0.000332973,0.000310229,0.000320428,0.000329986,0.000451032,0.000744631,0.000969922,0.001139818,0.001018228,0.000987991,0.000919493,0.000903182,0.000881951,0.000865135,0.000843034,0.000816723,0.000791217,0.000712427,0.000582349,0.0005724,0.000556953,0.000497175,0.000472697,0.000411552,2015-11-30,33.2283603,126.4706998
Nov-15,5013010000000000000,제주특별자치도 서귀포시 도순동 1000-128,7.79,3.99,3.41,2.79,3.03,5.48,15.93,37.52,58.08,73.35,82.43,84.61,82.32,82.1,80.94,81.99,87.16,95.71,84.12,56.45,44.86,35.75,22.28,12.88,0.000370935,0.000283067,0.000358074,0.00041378,0.000501098,0.00054431,0.000717062,0.000720777,0.000664257,0.000628885,0.000607423,0.000596848,0.000592067,0.00057768,0.000562563,0.000551836,0.000547547,0.000550287,0.000520948,0.000468269,0.000458105,0.000445496,0.00041685,0.000375461,2015-11-30,33.2540698,126.4698991
Nov-15,5013010000000000000,제주특별자치도 서귀포시 도순동 9999-9744,8.95,4.59,3.32,2.45,2.69,5.99,18.12,45.93,71.52,90.56,102.31,105.36,102.14,102.15,101.15,102.87,109.46,120.23,105.1,70.81,56.52,45.22,27.8,15.81,0.000426346,0.000325335,0.000347657,0.000363622,0.000444919,0.000594771,0.000815658,0.000882291,0.000817963,0.000776491,0.000753957,0.000743165,0.000734613,0.000718786,0.000703053,0.000692381,0.000687646,0.000691238,0.000650831,0.000587417,0.000577284,0.000563504,0.000520154,0.000460945,2015-11-30,33.2985034,126.4824377
Nov-15,5013010000000000000,제주특별자치도 서귀포시 도순동 9999-9488,4.6,3.08,2.68,2.48,2.29,4.12,10.63,26.61,48.22,66.33,75.21,76.97,69.73,71.86,69.96,71.48,73.97,74.97,56.36,32.7,25.27,19.97,11.42,7.47,0.000218881,0.000218624,0.000281069,0.000367876,0.00037844,0.000408886,0.000478291,0.000511257,0.000551422,0.000568758,0.000554231,0.000542971,0.000501531,0.000505658,0.0004863,0.000481121,0.000464703,0.000431011,0.000349033,0.000271253,0.000258117,0.000248893,0.000213783,0.000217884,2015-11-30,33.2985034,126.4824377
Nov-15,5013010000000000000,제주특별자치도 서귀포시 하원동 9999-9744,8.95,4.69,3.69,2.94,3.2,6.22,18.27,44.38,68.41,86.32,97.32,99.76,96.69,96.22,94.79,96.08,102.32,112.72,98.68,65.78,52.24,41.78,25.64,14.71,0.000426172,0.000332593,0.000386876,0.000436485,0.000528692,0.000617485,0.000822635,0.000852464,0.000782372,0.000740157,0.000717122,0.000703712,0.0006954,0.000677014,0.000658857,0.000646627,0.000642757,0.00064807,0.000611089,0.000545661,0.000533552,0.000520568,0.000479752,0.000428771,2015-11-30,33.3064815,126.4708742
Nov-15,5013010000000000000,제주특별자치도 서귀포시 하원동 1000-128,16.19,8.51,6.83,5.38,5.94,11.23,32.87,80.02,123.96,156.83,177.27,181.8,176.1,175.35,172.96,175.45,186.68,205.21,179.63,119.42,94.88,75.86,46.76,26.85,0.000771164,0.000603367,0.000715973,0.00079798,0.000981597,0.001115274,0.001479513,0.001537222,0.001417725,0.001344691,0.001306344,0.001282397,0.001266524,0.001233849,0.001202154,0.001180854,0.001172731,0.001179832,0.001112391,0.000990593,0.000969025,0.000945295,0.000874963,0.000782611,2015-11-30,33.2731128,126.4578374
Nov-15,5013010000000000000,제주특별자치도 서귀포시 하원동 9999-9488,32.29,18.02,14.08,11.38,10.52,21.39,63.37,169.75,287.22,390.28,445.3,459.58,432.22,436.87,435.76,443.1,458.57,468.57,385.72,249.44,196.73,156.62,96.42,56.94,0.001538137,0.001277725,0.001476477,0.001689154,0.001738696,0.002125222,0.002852523,0.003260995,0.003284899,0.003346297,0.003281453,0.003241862,0.00310856,0.003073934,0.003028776,0.002982243,0.002880729,0.00269403,0.002388599,0.002069168,0.002009231,0.001951641,0.001804375,0.001660035,2015-11-30,33.3064815,126.4708742
Nov-15,5013010000000000000,제주특별자치도 서귀포시 하원동 1999-9488,5,2.61,2.14,1.72,1.92,3.56,10.35,24.9,38.17,48.26,54.32,55.66,54.13,53.65,52.75,53.39,56.84,62.49,54.44,36.25,28.72,22.87,14.15,8.14,0.000237933,0.00018496,0.000224058,0.000255688,0.000318074,0.000353426,0.000465897,0.000478414,0.000436582,0.000413749,0.000400289,0.000392589,0.000389305,0.000377507,0.00036665,0.000359307,0.000357046,0.000359256,0.000337118,0.000300707,0.000293349,0.000284921,0.000264721,0.000237251,2015-11-30,33.2529539,126.4281851
Nov-15,5013010000000000000,제주특별자치도 서귀포시 색달동 9999-9488,4.98,3.8,3.21,3.55,4.01,3.88,7.14,14.54,22.34,33.08,40.55,46.38,41.78,41.41,40.9,39.55,39.24,37.02,23.04,11.18,8.04,6.62,5.21,4.16,0.000237394,0.000269734,0.000336472,0.000527057,0.00066198,0.000385245,0.000321492,0.000279414,0.000255497,0.000283631,0.000298847,0.000327141,0.000300505,0.000291406,0.000284301,0.000266193,0.000246503,0.000212846,0.000142654,9.27579E-05,8.21263E-05,8.24409E-05,9.74288E-05,0.000121264,2015-11-30,33.2939837,126.419312
Nov-15,5013010000000000000,제주특별자치도 서귀포시 색달동 2999-9872,66.26,35.35,26.58,20.13,21.13,30.73,80.55,179.7,335.12,490.23,605.44,656.08,636.56,672.44,667.08,675.43,688.96,694.14,576.76,400.55,327,257.41,176.97,106.55,0.003155833,0.002506775,0.002787061,0.002987183,0.003490611,0.003052129,0.003625703,0.003452009,0.003832688,0.004203264,0.004461555,0.004627918,0.004578189,0.004731501,0.004636648,0.004545947,0.004327997,0.003990943,0.003571613,0.003322674,0.003339624,0.003207552,0.003311805,0.003106122,2015-11-30,33.2939837,126.419312
Nov-15,5013010000000000000,제주특별자치도 서귀포시 색달동 1999-9488,51.76,27.2,19.56,12.8,14.88,23.63,67.86,169.92,292.54,393.35,466.01,494.72,490.7,492.9,486.51,501.27,520.46,557.01,489.76,340.76,276.03,216.84,147.66,86.18,0.002465547,0.001928845,0.002051024,0.001899433,0.002459499,0.002346801,0.003054607,0.003264286,0.003345712,0.003372619,0.003434059,0.003489726,0.003529155,0.003468209,0.003381543,0.003373749,0.003269501,0.00320252,0.003032849,0.002826691,0.002819141,0.002702036,0.002763206,0.00251233,2015-11-30,33.2622855,126.4078645
Nov-15,5013010000000000000,제주특별자치도 서귀포시 색달동 1000-128,5.57,2.66,2.23,1.33,1.84,3.28,10.3,26.6,42.06,55.66,64.49,66.38,67.04,63.74,61.84,63.07,66.4,73.07,60.76,37.62,28.89,22.25,14.76,8.68,0.000265417,0.000188412,0.000234265,0.000197022,0.000303258,0.000325745,0.000463437,0.000510962,0.000480995,0.000477238,0.000475225,0.000468204,0.00048217,0.000448464,0.000429843,0.000424514,0.000417115,0.000420106,0.000376261,0.000312038,0.000295068,0.000277237,0.00027628,0.000253012,2015-11-30,33.2750242,126.4135144
Nov-15,5013010000000000000,제주특별자치도 서귀포시 색달동 9999-9744,3.3,2.38,1.96,2.11,2.42,2.44,5.33,12.05,17.94,25.78,31.04,33.81,30.53,30.5,30.83,30.58,31.23,31.18,21.47,11.01,8.2,6.52,4.67,3.3,0.000157294,0.000168838,0.000205987,0.00031292,0.000399975,0.000242537,0.000239851,0.000231542,0.000205129,0.000221012,0.000228745,0.000238513,0.000219594,0.000214627,0.000214318,0.000205824,0.000196163,0.000179262,0.00013294,9.13366E-05,8.37774E-05,8.11948E-05,8.73671E-05,9.61052E-05,2015-11-30,33.2939837,126.419312
Nov-15,5013010000000000000,제주특별자치도 서귀포시 상예동 2999-9872,4.06,2.2,1.37,0.98,1.4,3.08,10.5,24.89,39.62,49.76,55,57.51,58.04,54.79,55.26,57.18,58.9,64.31,56.61,40.57,31.89,23.74,14.95,8.21,0.000193589,0.000155978,0.000143978,0.000146122,0.000230831,0.000305647,0.000472845,0.0004781,0.000453135,0.000426642,0.00040529,0.000405653,0.000417411,0.000385505,0.000384105,0.000384824,0.000369987,0.000369726,0.000350573,0.000336545,0.000325656,0.000295858,0.000279854,0.000239437,2015-11-30,33.2562956,126.3850648
Nov-15,5013010000000000000,제주특별자치도 서귀포시 상예동 4999-9616,4.51,2.46,1.67,1.24,1.7,3.46,11.56,28.88,44.66,57.15,63.53,66.13,65.98,63.55,63.78,64.65,67.86,74.58,63.54,43.56,33.96,25.55,15.77,8.47,0.000214594,0.000174393,0.000175611,0.000184458,0.000281558,0.000343823,0.00052038,0.000554851,0.000510727,0.000490019,0.000468126,0.000466493,0.000474516,0.000447148,0.00044332,0.000435119,0.000426295,0.00042877,0.000393477,0.000361373,0.000346841,0.000318362,0.000295131,0.000247046,2015-11-30,33.2670853,126.3867828
Nov-15,5013010000000000000,제주특별자치도 서귀포시 상예동 9999-9488,0.27,0.14,0.13,0.1,0.15,0.22,0.65,1.53,2.33,2.95,3.25,3.38,3.36,3.24,3.26,3.28,3.46,3.79,3.24,2.27,1.77,1.33,0.82,0.45,1.27493E-05,1.00943E-05,1.35274E-05,1.45429E-05,2.53909E-05,2.23499E-05,2.93343E-05,2.94366E-05,0.000026701,2.53022E-05,2.39666E-05,2.38116E-05,0.000024158,2.28095E-05,2.26567E-05,2.20579E-05,2.17587E-05,2.17674E-05,2.00804E-05,1.88137E-05,1.81111E-05,1.65604E-05,1.53513E-05,1.32448E-05,2015-11-30,33.2700612,126.3856392
Nov-15,5013010000000000000,제주특별자치도 서귀포시 상예동 1000-128,9.79,5.42,4.17,3.02,4.13,7.32,22.03,46.33,75.82,94.7,104.49,108.89,110.51,104.27,104.94,108.54,110.98,118.05,105.56,78.45,62.13,45.71,30.09,16.93,0.000466229,0.000384341,0.000437281,0.000448209,0.000681753,0.000727281,0.000991844,0.00088995,0.000867099,0.000811934,0.000769963,0.000768084,0.000794803,0.000733701,0.000729417,0.000730529,0.000697194,0.000678706,0.000653696,0.000650743,0.000634498,0.000569581,0.000563052,0.000493411,2015-11-30,33.2419985,126.391466
Nov-15,5013010000000000000,제주특별자치도 서귀포시 상예동 9999-9744,3.94,1.9,1.29,0.73,1.03,2.2,7.85,21.96,34.77,46.46,54.11,56.59,56.5,54.19,53.12,54.47,56.92,62.66,51.76,32,24.75,19.15,12.35,7.1,0.000187603,0.000134489,0.000135693,0.000108874,0.000170851,0.000218466,0.000353272,0.000421929,0.000397678,0.000398322,0.000398759,0.000399173,0.000406323,0.00038129,0.00036925,0.000366591,0.000357599,0.000360264,0.000320524,0.000265446,0.000252728,0.000238625,0.000231087,0.000207088,2015-11-30,33.2700612,126.3856392
Nov-15,5013010000000000000,제주특별자치도 서귀포시 상예동 1999-9488,1.2,0.61,0.41,0.26,0.36,0.82,2.95,8.1,12.57,16.7,19.14,20.1,19.76,19.12,19.03,19.27,20.19,22,17.79,11.15,8.6,6.54,4.03,2.22,5.71097E-05,4.32614E-05,4.33086E-05,3.90779E-05,5.99247E-05,8.10223E-05,0.000132597,0.000155661,0.000143752,0.00014319,0.000141068,0.000141816,0.000142148,0.000134535,0.000132294,0.000129687,0.000126806,0.000126515,0.000110137,9.25284E-05,8.78013E-05,8.15063E-05,7.54965E-05,6.47082E-05,2015-11-30,33.2862662,126.3903173
Nov-15,5013010000000000000,제주특별자치도 서귀포시 상예동 4000-256,5.51,3.27,2.63,2.22,2.75,4.66,14.19,36.72,54.97,70.93,78.81,82.1,80.77,79.15,79.58,79.11,84.41,93.12,77.38,51.58,39.95,30.28,18.18,9.57,0.0002624,0.000232264,0.000276175,0.000330134,0.000454833,0.000462625,0.000638782,0.000705486,0.000628681,0.000608164,0.000580765,0.000579124,0.000580869,0.000556925,0.000553152,0.000532474,0.000530268,0.000535403,0.000479171,0.000427829,0.000408027,0.000377289,0.000340262,0.000278938,2015-11-30,33.2802257,126.3811305
Nov-15,5013010000000000000,제주특별자치도 서귀포시 하예동 1000-128,3.56,2.12,1.57,1.26,1.65,2.91,9,20.16,31.85,39.32,42.98,44.91,45.32,42.66,43.18,44.57,45.94,49.89,44.54,32.78,25.82,19.05,12.11,6.68,0.00016971,0.00015054,0.000164216,0.000187327,0.000272525,0.000289191,0.000405173,0.000387357,0.000364241,0.000337165,0.000316685,0.000316793,0.000325976,0.000300154,0.00030013,0.000299953,0.000288598,0.000286817,0.000275847,0.000271881,0.000263707,0.000237342,0.000226639,0.000194698,2015-11-30,33.2419439,126.3826111
Nov-15,5013010000000000000,제주특별자치도 서귀포시 하예동 1999-9488,1.95,1.06,0.62,0.48,0.71,1.6,5.6,13.54,20.95,26.41,28.98,30.23,30.15,28.96,29.3,29.78,31.19,34.25,29.66,21,16.45,12.27,7.53,3.93,9.27378E-05,7.48683E-05,6.54698E-05,7.04886E-05,0.000117426,0.000158502,0.00025205,0.00026005,0.000239604,0.000226428,0.000213562,0.000213232,0.000216844,0.000203747,0.000203688,0.000200439,0.000195905,0.000196905,0.000183692,0.00017422,0.000168014,0.000152953,0.000140875,0.000114627,2015-11-30,33.2399183,126.3797536
Nov-15,5013010000000000000,제주특별자치도 서귀포시 하예동 9999-9744,4.86,2.88,1.8,1.34,1.89,3.87,12.7,27.79,44.89,54.82,59.53,62.37,63.5,58.92,59.92,62.85,63.86,69.16,63.13,47.75,37.88,27.82,17.84,9.83,0.000231694,0.000204511,0.000188754,0.00019905,0.00031163,0.000384086,0.000571636,0.000533931,0.000513353,0.000470007,0.000438689,0.000439932,0.000456723,0.0004146,0.000416456,0.00042304,0.000401135,0.000397614,0.00039095,0.000396078,0.000386856,0.000346694,0.000333893,0.00028645,2015-11-30,33.2399183,126.3797536
Nov-15,5013010000000000000,제주특별자치도 서귀포시 영남동 9999-9488,1.28,0.89,0.74,0.83,0.8,1.47,3.25,7.47,12.94,17.55,20.5,21.08,19,19.33,18.34,19.14,19.41,19.31,14.19,7.87,6.1,4.76,2.75,1.84,6.09044E-05,6.30482E-05,7.80184E-05,0.000123367,0.000132187,0.00014582,0.000146311,0.000143565,0.000147995,0.000150433,0.000151078,0.000148708,0.000136649,0.000136003,0.000127474,0.000128796,0.000121952,0.000111033,8.78971E-05,6.53005E-05,6.23028E-05,5.93717E-05,5.13811E-05,0.000053679,2015-11-30,33.3155041,126.5040805
Nov-15,5013010000000000000,제주특별자치도 서귀포시 영남동 9999-9744,4.61,2.41,1.7,1.49,1.33,3.11,10.54,27.9,49.28,64.86,73.54,75.17,69.07,72.02,71.9,74.26,78.32,83.42,66.8,40.82,31.93,25.45,14.62,8.84,0.0002195,0.000171202,0.000178408,0.000220815,0.000220256,0.000308958,0.00047424,0.000535897,0.000563595,0.000556099,0.000541908,0.000530253,0.000496765,0.000506732,0.000499782,0.000499816,0.000492015,0.000479619,0.000413652,0.000338616,0.000326129,0.000317078,0.000273598,0.000257696,2015-11-30,33.3155041,126.5040805
Nov-15,5013010000000000000,제주특별자치도 서귀포시 영남동 1000-128,0.07,0.04,0.03,0.02,0.03,0.07,0.44,1.34,2.83,3.95,4.47,4.49,3.8,4.16,4.13,4.28,4.54,4.71,2.88,1.19,0.84,0.66,0.25,0.21,3.55646E-06,2.83681E-06,3.32068E-06,3.56153E-06,5.28747E-06,7.38373E-06,2.00163E-05,2.56714E-05,3.23126E-05,3.38563E-05,3.29397E-05,3.16743E-05,2.73297E-05,2.92478E-05,2.87339E-05,2.87996E-05,2.85369E-05,2.70971E-05,1.78077E-05,9.89628E-06,8.59596E-06,8.18677E-06,4.64719E-06,6.13169E-06,2015-11-30,33.3155041,126.5040805
Nov-15,5013030000000000000,제주특별자치도 서귀포시 남원읍 남원리 10-256,48.33,32.26,26.23,23.48,25.4,38.76,100.22,199.37,291.89,352.5,386.24,400.14,417.07,382.91,368.98,381.36,401.21,468.98,423.08,310.54,249.95,185.01,117.51,72.35,0.002301822,0.002288199,0.002750708,0.003484264,0.004197259,0.0038503,0.004511208,0.003829882,0.003338236,0.003022338,0.002846217,0.002822539,0.002999551,0.002694295,0.002564616,0.002566751,0.002520397,0.002696357,0.002619936,0.002575988,0.002552782,0.002305354,0.002199018,0.002109164,2015-11-30,33.2831937,126.7223633
Nov-15,5013030000000000000,제주특별자치도 서귀포시 남원읍 남원리 999-9616,32.54,20.56,15.58,13.19,14.59,25.08,71.96,149.75,221.08,267.29,293.35,305.09,317.46,291.62,281.88,291.72,306.7,359.25,321.44,234.84,188.52,139.41,86.97,51.97,0.001549949,0.001458076,0.001634262,0.001957357,0.002411196,0.002491098,0.00323933,0.002876757,0.002528488,0.002291742,0.002161701,0.002152095,0.002283213,0.002051952,0.001959235,0.00196342,0.001926656,0.002065508,0.001990552,0.001948079,0.001925365,0.001737165,0.001627433,0.001514925,2015-11-30,33.292888,126.7079875
Nov-15,5013030000000000000,제주특별자치도 서귀포시 남원읍 남원리 2000-0,31.69,19.94,15.38,13.15,14.53,25.7,73.99,150.5,219.77,263.5,288.82,300.57,313.08,286.5,278.26,288.2,302.13,354.26,314.11,228.89,183.72,135.03,84.19,50.25,0.001509209,0.00141401,0.001613254,0.001951619,0.002400015,0.002552585,0.003330574,0.002891068,0.002513445,0.002259251,0.002128361,0.002120176,0.002251656,0.002015916,0.00193406,0.001939718,0.001897991,0.002036809,0.001945138,0.001898722,0.001876322,0.001682553,0.001575447,0.001465036,2015-11-30,33.2915367,126.6916199
Nov-15,5013030000000000000,제주특별자치도 서귀포시 남원읍 태흥리 1000-128,18.99,13.19,11.27,10.33,11.07,16.42,41.4,83.23,122.61,148.19,163.05,168.67,173.46,159.69,152.97,157.04,162.47,182.67,157.41,113.84,91.06,67.36,43.12,27.17,0.00090442,0.000935463,0.001182056,0.001533189,0.001828859,0.001631241,0.00186356,0.001598804,0.001402278,0.001270597,0.001201538,0.001189758,0.001247537,0.001123623,0.001063228,0.001056949,0.001020645,0.001050274,0.000974798,0.000944297,0.000930038,0.000839416,0.000806877,0.000792154,2015-11-30,33.2840558,126.7402451
Nov-15,5013030000000000000,제주특별자치도 서귀포시 남원읍 태흥리 9999-9744,14.86,9.12,6.56,5.42,6.08,11.48,35.43,76.32,113.85,137.84,152.33,158.31,163.71,149.42,145.44,150.12,156.71,180.32,157.03,113.25,90.46,66.6,41.03,24.2,0.000707942,0.000646676,0.000688114,0.000804856,0.001005005,0.001140471,0.00159475,0.001466156,0.001302096,0.001181843,0.001122496,0.00111672,0.001177438,0.001051352,0.001010892,0.001010372,0.000984448,0.001036751,0.000972387,0.000939427,0.00092388,0.0008299,0.000767797,0.000705348,2015-11-30,33.2924853,126.7415146
Nov-15,5013030000000000000,제주특별자치도 서귀포시 남원읍 태흥리 1999-9488,7.4,5.15,4.46,4.08,4.35,6.38,15.79,31.09,45.6,55.05,60.52,62.5,64.45,59.36,56.79,58.32,60.49,68.34,59.58,43.29,34.73,25.72,16.6,10.5,0.000352423,0.0003655,0.000467726,0.000606004,0.00071882,0.00063361,0.000710895,0.000597281,0.000521542,0.000472033,0.000445943,0.000440899,0.000463545,0.000417675,0.000394726,0.000392513,0.000379978,0.000392915,0.000368971,0.000359142,0.000354681,0.000320484,0.000310644,0.00030604,2015-11-30,33.2962945,126.7267189
Nov-15,5013030000000000000,제주특별자치도 서귀포시 남원읍 한남리 20-0,4.43,2.87,2.29,1.73,1.87,3.73,15.34,39.59,71.01,96.75,107.59,112.42,106.1,104.81,105.77,107.29,105.53,105.3,64.38,30.92,23.48,16.96,9.98,5.62,0.000210863,0.000203447,0.000240557,0.000256826,0.000309317,0.000370246,0.000690519,0.000760626,0.000812089,0.000829548,0.000792809,0.000792979,0.000763096,0.000737484,0.000735177,0.000722102,0.000662953,0.000605405,0.000398666,0.000256493,0.000239829,0.000211369,0.000186767,0.000163738,2015-11-30,33.3171531,126.6630634
Nov-15,5013030000000000000,제주특별자치도 서귀포시 남원읍 한남리 2000-0,1.4,1.08,0.98,0.89,0.96,1.65,4.7,10.67,16.15,19.49,21.6,22.53,22.31,20.79,19.79,20.07,19.76,19.9,13.74,8.99,6.9,4.99,3.08,1.96,0.00006689,7.64049E-05,0.000102941,0.000131974,0.000158679,0.000163733,0.000211777,0.000204884,0.000184661,0.000167112,0.000159194,0.00015891,0.000160449,0.000146281,0.000137539,0.000135093,0.000124136,0.000114433,8.50939E-05,7.45525E-05,7.04528E-05,6.21879E-05,5.76064E-05,0.000057255,2015-11-30,33.3395875,126.6639058
Nov-15,5013030000000000000,제주특별자치도 서귀포시 남원읍 한남리 10-256,3.23,2.26,1.91,1.7,1.88,3.82,12.75,30.87,47.51,57.49,64.59,67.08,66.37,60.85,58.73,59.34,58.42,57.86,38.97,24.96,18.85,13.56,7.96,4.85,0.000154087,0.000160564,0.000200289,0.000252572,0.000310474,0.000379219,0.000573872,0.000593022,0.000543306,0.000492914,0.000475977,0.000473147,0.000477333,0.000428192,0.000408199,0.000399362,0.000366966,0.000332647,0.000241344,0.000207028,0.000192556,0.000168919,0.000148966,0.000141398,2015-11-30,33.3070363,126.7023361
Nov-15,5013030000000000000,제주특별자치도 서귀포시 남원읍 한남리 999-9616,2.65,1.41,0.94,0.81,0.96,3.15,13.17,33.52,52.92,64.88,73.18,76.16,75.14,68.67,67.61,68.43,67.47,67.19,44.36,27.26,20.58,14.6,8.24,4.43,0.000126064,0.000100187,9.82571E-05,0.000120152,0.000159065,0.000312567,0.000592943,0.000644013,0.00060524,0.000556325,0.00053927,0.000537198,0.00054038,0.000483188,0.000469904,0.000460544,0.000423843,0.00038629,0.000274673,0.000226132,0.000210181,0.000181912,0.000154118,0.000129135,2015-11-30,33.3374342,126.685668
Nov-15,5013030000000000000,제주특별자치도 서귀포시 남원읍 수망리 9999-9744,3.15,2.2,1.91,1.75,1.94,3.86,12.35,30.2,46.73,56.65,63.79,66.12,65.24,59.95,57.53,58,56.95,55.53,36.78,23.41,17.58,12.71,7.51,4.61,0.000150244,0.000156119,0.000200289,0.000259398,0.000321379,0.000382961,0.000555821,0.000580062,0.000534424,0.00048572,0.000470077,0.000466384,0.000469234,0.000421803,0.000399865,0.00039039,0.000357767,0.000319276,0.000227789,0.000194201,0.000179562,0.000158365,0.00014062,0.000134421,2015-11-30,33.3506943,126.7234633
Nov-15,5013030000000000000,제주특별자치도 서귀포시 남원읍 수망리 9999-9488,3.66,2.99,3.97,1.11,1.21,3.46,15.31,45.19,69.72,94.68,112.8,127.27,111.64,116.03,115.63,116.47,118.26,118.14,61.31,29.13,19.99,15.05,9.53,5.1,0.000174139,0.000212099,0.000416133,0.000165067,0.000200428,0.000344155,0.000689318,0.000868159,0.000797354,0.000811819,0.000831202,0.000897725,0.000802916,0.00081646,0.000803719,0.000783915,0.000742891,0.000679233,0.000379686,0.00024165,0.000204203,0.000187573,0.000178296,0.000148676,2015-11-30,33.3506943,126.7234633
Nov-15,5013030000000000000,제주특별자치도 서귀포시 남원읍 수망리 1000-128,3.22,2.06,1.81,1.24,1.31,3.2,13.4,37.98,58.65,77,90.67,100.22,91.02,90.51,90.81,91.47,91.98,91.58,50.26,25.73,18.26,13.58,8.43,4.69,0.000153595,0.000146261,0.000189873,0.000183419,0.000215685,0.000317798,0.000603356,0.000729646,0.000670784,0.000660192,0.000668154,0.000706922,0.000654583,0.000636883,0.000631212,0.00061562,0.000577799,0.000526524,0.000311242,0.00021341,0.000186469,0.000169214,0.000157761,0.000136685,2015-11-30,33.3402779,126.6917438
Nov-15,5013030000000000000,제주특별자치도 서귀포시 남원읍 의귀리 2000-0,8.13,6.6,6.13,5.61,5.95,9.35,25.83,60.12,91.92,111.33,124.38,129.18,127.3,118.34,112.02,112.79,110.55,108.05,72.85,47.32,35.81,26.18,16.13,10.78,0.000387035,0.000468311,0.000642603,0.000833151,0.000982588,0.000928562,0.001162748,0.001154981,0.001051284,0.000954518,0.000916543,0.000911198,0.000915529,0.000832693,0.000778593,0.000759129,0.000694443,0.000621254,0.000451111,0.000392525,0.000365738,0.00032625,0.000301893,0.000314222,2015-11-30,33.3236289,126.704479
Nov-15,5013030000000000000,제주특별자치도 서귀포시 남원읍 의귀리 10-256,4.43,3.3,2.84,2.6,2.78,5.06,15.93,38.59,59.57,72.22,81.22,84.3,83.23,76.58,73.44,73.99,72.77,71.48,48.03,30.84,23.3,16.86,10,6.29,0.000210911,0.000234155,0.000298092,0.000386475,0.000458633,0.000502259,0.000717137,0.000741275,0.000681287,0.000619265,0.000598514,0.000594666,0.000598559,0.000538844,0.000510456,0.000497954,0.000457116,0.000410966,0.000297412,0.000255796,0.000237919,0.000210119,0.000187091,0.000183504,2015-11-30,33.3040547,126.7360842
Nov-15,5013030000000000000,제주특별자치도 서귀포시 남원읍 의귀리 999-9616,8.88,7.16,6.67,6.07,6.47,9.93,26.48,60.43,91.86,111.21,123.82,128.66,127.02,118.5,111.71,112.65,110.71,109.32,75.47,49.8,37.97,27.9,17.42,11.72,0.000423107,0.000507861,0.000699404,0.000900275,0.001068895,0.000986506,0.001192127,0.001160789,0.001050564,0.000953566,0.000912453,0.000907537,0.000913536,0.00083381,0.000776484,0.000758196,0.000695458,0.000628552,0.000467356,0.000413069,0.000387782,0.000347661,0.000326045,0.000341722,2015-11-30,33.3013974,126.7194959
Nov-15,5013030000000000000,제주특별자치도 서귀포시 남원읍 신흥리 1999-9488,7.29,4.92,3.97,3.48,3.78,7.53,25.33,61.39,94.29,114.73,128.86,134.01,133.15,122.18,118.19,119.64,119.2,121.3,86.45,57.05,43.56,31.64,18.68,11.23,0.000347231,0.000348574,0.000416308,0.000515977,0.000625023,0.000747743,0.001140106,0.001179353,0.001078336,0.000983673,0.000949541,0.000945268,0.000957595,0.00085968,0.000821497,0.000805244,0.000748838,0.000697427,0.000535377,0.00047323,0.000444893,0.000394244,0.000349568,0.000327399,2015-11-30,33.3359995,126.732983
Nov-15,5013030000000000000,제주특별자치도 서귀포시 남원읍 신흥리 1000-128,13.28,7.09,4.22,2.97,3.61,9.79,38.18,89.82,136.08,165.15,183.63,191.49,196.54,178.99,175.38,180.61,187.14,211.85,177.68,125.82,99.52,72.83,43.39,24.31,0.000632383,0.00050318,0.000442664,0.000440591,0.000596713,0.000972798,0.001718539,0.001725528,0.001556304,0.001415991,0.001353181,0.001350737,0.001413495,0.001259455,0.00121901,0.001215567,0.00117559,0.001218035,0.001100296,0.001043749,0.001016349,0.000907481,0.000811942,0.00070873,2015-11-30,33.3287153,126.7571255
Nov-15,5013030000000000000,제주특별자치도 서귀포시 남원읍 신흥리 9999-9744,5.01,2.72,1.71,1.22,1.42,3.48,12.62,28.6,42.81,52.42,57.69,60.14,62.02,56.91,55.79,57.79,60.67,70.96,62.36,45,35.78,26.28,15.88,9.03,0.000238791,0.000192667,0.000179596,0.000181292,0.000234136,0.000345645,0.00056829,0.000549492,0.000489656,0.000449455,0.000425121,0.000424237,0.000446086,0.000400425,0.000387761,0.00038893,0.000381152,0.000407998,0.000386139,0.000373321,0.000365456,0.000327454,0.000297195,0.000263225,2015-11-30,33.3339276,126.7417324
Nov-15,5013030000000000000,제주특별자치도 서귀포시 남원읍 신흥리 9999-9488,0.09,0.03,0.01,0.01,0.02,0.1,0.54,1.48,2.33,2.89,3.32,3.49,3.39,3.11,3.09,3.12,3.09,3.04,1.9,1.12,0.83,0.59,0.32,0.17,4.11216E-06,2.43493E-06,1.50304E-06,1.53344E-06,2.58866E-06,9.93327E-06,2.42477E-05,2.84377E-05,2.66819E-05,2.47677E-05,0.00002448,2.46392E-05,2.43642E-05,2.18643E-05,2.14983E-05,2.09833E-05,1.94343E-05,1.75071E-05,1.17824E-05,9.31837E-06,8.43255E-06,7.2979E-06,6.00704E-06,4.83927E-06,2015-11-30,33.3339276,126.7417324
Nov-15,5013030000000000000,제주특별자치도 서귀포시 남원읍 신흥리 2999-9872,0.04,0.04,0.05,0.04,0.04,0.05,0.07,0.12,0.16,0.19,0.2,0.21,0.2,0.21,0.17,0.17,0.16,0.15,0.11,0.09,0.07,0.06,0.05,0.05,2.11165E-06,3.09686E-06,4.82372E-06,6.23268E-06,7.27027E-06,4.90041E-06,0.000003151,2.27322E-06,1.84132E-06,1.66052E-06,1.4689E-06,1.48132E-06,1.4456E-06,1.50578E-06,1.20246E-06,1.15315E-06,1.02396E-06,8.75832E-07,6.9563E-07,7.24455E-07,7.04698E-07,7.0196E-07,9.232E-07,1.32157E-06,2015-11-30,33.3339276,126.7417324
Nov-15,5013030000000000000,제주특별자치도 서귀포시 남원읍 위미리 999-9616,10.89,7.77,7.34,6.64,7.44,13.88,38.48,69.2,95.1,107.91,117.76,123.65,128.27,115.74,114.57,117.84,120.32,137,109.27,77.06,60.82,43.03,26.75,16.16,0.00051864,0.000550815,0.000769977,0.000985109,0.001229337,0.001378406,0.001731968,0.001329347,0.001087649,0.000925189,0.000867809,0.000872199,0.000922524,0.000814387,0.000796352,0.00079312,0.000755828,0.000787683,0.000676676,0.000639249,0.000621118,0.000536219,0.000500667,0.000471032,2015-11-30,33.302706,126.6568975
Nov-15,5013030000000000000,제주특별자치도 서귀포시 남원읍 위미리 3000-384,31.54,19.63,16.9,14.94,16.87,39.18,124.13,239.63,334.29,381.46,415.36,438.1,453.4,410.26,406.8,421.37,429.01,492.52,390.28,273.23,215.58,151.65,90.8,52.58,0.00150235,0.001392214,0.001771808,0.0022172,0.002786937,0.003892218,0.005587634,0.004603443,0.003823241,0.003270679,0.003060821,0.003090328,0.003260871,0.002886735,0.002827488,0.002836029,0.002695029,0.002831723,0.002416833,0.002266496,0.002201703,0.001889656,0.001699162,0.001532883,2015-11-30,33.302706,126.6568975
Nov-15,5013030000000000000,제주특별자치도 서귀포시 남원읍 위미리 5000-128,8.88,5.98,5.52,4.93,5.55,11.07,32,59.13,82.81,95.49,104.29,109.86,113.32,102.8,102.19,105.17,107.12,121.11,95.12,65.88,51.89,36.65,22.51,13.49,0.000422822,0.000423986,0.000578916,0.000731746,0.000917596,0.001099513,0.001440366,0.001135822,0.000947073,0.000818721,0.000768523,0.000774931,0.000815018,0.000723311,0.000710263,0.000707874,0.000672944,0.000696313,0.000589025,0.000546513,0.00052995,0.000456744,0.000421154,0.000393341,2015-11-30,33.302706,126.6568975
Nov-15,5013030000000000000,제주특별자치도 서귀포시 남원읍 위미리 3999-9744,13.34,7.78,6.08,5.34,6.17,16.48,57.92,114.34,164.17,192.19,211.96,225.24,230.76,209.9,209.23,215.93,218.41,242.3,184.9,126.54,98.59,69.43,40.53,22.76,0.000635511,0.000551926,0.00063757,0.00079244,0.0010196,0.001636671,0.002607375,0.002196532,0.001877623,0.001647849,0.001561937,0.001588823,0.001659599,0.001476915,0.001454284,0.001453293,0.001372029,0.001393107,0.00114498,0.001049722,0.001006932,0.000865164,0.000758377,0.000663456,2015-11-30,33.302706,126.6568975
Nov-15,5013030000000000000,제주특별자치도 서귀포시 남원읍 위미리 2000-0,16.69,12.09,11.85,10.73,11.99,21.55,55.8,97,132.42,150.04,164.1,172.06,178.97,160.81,159.49,163.41,167.17,189.65,151.44,106.95,84.34,59.55,37.77,23.64,0.000795091,0.000857238,0.001242352,0.001591855,0.001981424,0.002140321,0.002511825,0.00186347,0.001514438,0.001286453,0.001209246,0.001213687,0.001287179,0.001131525,0.001108523,0.001099799,0.001050149,0.001090409,0.000937829,0.000887214,0.000861346,0.000742072,0.000706816,0.000689139,2015-11-30,33.302706,126.6568975
Nov-15,5013030000000000000,제주특별자치도 서귀포시 남원읍 위미리 10-256,5.31,3.96,3.63,3.31,3.67,6.67,18.07,32.2,44.2,50.17,54.75,57.43,59.66,53.85,53.2,54.66,55.94,63.82,51.49,36.51,28.82,20.59,12.8,7.8,0.000252905,0.00028101,0.00038027,0.000490996,0.000606682,0.000662714,0.000813558,0.000618668,0.000505538,0.000430146,0.000403473,0.000405095,0.000429079,0.000378903,0.000369745,0.000367886,0.000351386,0.000366905,0.000318846,0.000302853,0.000294346,0.000256535,0.000239539,0.000227446,2015-11-30,33.302706,126.6568975
Nov-15,5013030000000000000,제주특별자치도 서귀포시 남원읍 위미리 20-0,1.43,0.76,0.6,0.43,0.46,1.19,5.52,13.45,23.8,32.52,35.76,37.87,36.14,35.45,36.21,36.97,36.38,37.13,22.9,11.47,9,6.38,3.67,1.97,6.83189E-05,5.40886E-05,6.24637E-05,6.43549E-05,7.68335E-05,0.000117842,0.000248569,0.00025834,0.000272194,0.000278827,0.00026349,0.000267131,0.000259896,0.00024946,0.000251659,0.000248842,0.000228524,0.000213463,0.000141789,9.51414E-05,9.19172E-05,7.94794E-05,6.86474E-05,5.75076E-05,2015-11-30,33.302706,126.6568975
Nov-15,5013030000000000000,제주특별자치도 서귀포시 남원읍 하례리 1999-9488,5.8,3.18,2.08,1.71,2.11,5.83,22.03,47.18,77.39,99.99,113.06,118.29,119.86,112.38,111.14,115.84,118.65,125.44,96.6,59.71,44.25,31.49,18.57,9.99,0.000276276,0.000225574,0.000218186,0.000254451,0.000347982,0.000579209,0.000991604,0.00090631,0.000885124,0.000857302,0.000833145,0.00083443,0.000862017,0.000790745,0.000772481,0.000779661,0.000745373,0.000721214,0.000598188,0.000495323,0.00045196,0.000392375,0.000347479,0.000291367,2015-11-30,33.3252261,126.5961931
Nov-15,5013030000000000000,제주특별자치도 서귀포시 남원읍 하례리 1000-128,11.66,6.34,4.26,3.45,4.03,11.7,42.53,84.47,128.13,157.03,173.5,183.8,187.97,173.97,172.49,178.58,184.23,203.11,165.77,109.92,83.39,60.77,35.69,20.45,0.00055522,0.00044947,0.000446299,0.00051192,0.00066534,0.001161762,0.001914501,0.001622618,0.001465386,0.001346403,0.001278547,0.00129651,0.0013519,0.001224132,0.001198922,0.001201949,0.001157351,0.001167781,0.001026566,0.000911851,0.000851643,0.000757295,0.000667885,0.000596047,2015-11-30,33.3252261,126.5961931
Nov-15,5013030000000000000,제주특별자치도 서귀포시 남원읍 하례리 9999-9744,12.2,7.08,5.3,4.74,5.16,12.55,40.26,72.82,102.16,118.56,125.41,132.81,138.2,126.29,123.84,128.6,135.56,160.69,145.35,102.4,79.15,58.33,34.9,20.81,0.000580909,0.000502282,0.000555567,0.000703946,0.000852274,0.001246592,0.001812079,0.00139894,0.001168427,0.00101652,0.000924153,0.000936825,0.000993912,0.000888646,0.000860761,0.000865512,0.000851553,0.000923859,0.000900114,0.000849459,0.000808408,0.000726778,0.000653126,0.000606716,2015-11-30,33.3252261,126.5961931
Nov-15,5013030000000000000,제주특별자치도 서귀포시 남원읍 하례리 9999-9488,3.94,3.09,2.73,2.44,2.52,4.43,11.06,24.28,42.69,56.93,65.1,66.71,64.95,63.25,61.77,65.4,65.51,66.32,47.97,26.87,19.17,14.13,8.96,5.32,0.000187556,0.000219262,0.000286417,0.000362781,0.000416609,0.000440209,0.000497903,0.000466471,0.000488204,0.00048813,0.000479698,0.000470579,0.000467144,0.000445063,0.000429317,0.000440155,0.000411536,0.000381278,0.000297083,0.000222883,0.00019577,0.000176088,0.000167636,0.000155119,2015-11-30,33.3252261,126.5961931
Nov-15,5013030000000000000,제주특별자치도 서귀포시 남원읍 신례리 10-256,9.95,5.71,4.17,3.9,4.33,11.18,38.56,72.2,103.27,121.35,131.94,140.6,144.7,131.86,130.53,134.73,138.94,156.73,129.94,90.04,69.2,50.08,29.46,17.04,0.000474152,0.000405286,0.000437036,0.000578155,0.000714635,0.001110175,0.001735629,0.001386939,0.001181023,0.001040491,0.000972241,0.000991767,0.001040691,0.00092782,0.00090729,0.000906779,0.000872794,0.000901124,0.000804635,0.000746946,0.000706785,0.000624051,0.000551337,0.000496735,2015-11-30,33.3330338,126.6180657
Nov-15,5013030000000000000,제주특별자치도 서귀포시 남원읍 신례리 2000-0,6.01,3.44,2.2,2.1,2.43,7.33,30.25,61.68,97.45,123.7,140.73,151.49,150.45,139.62,141.16,143.92,142.9,143.14,94.69,58.12,43.44,30.75,16.99,9.05,0.000286438,0.000243682,0.000230839,0.000310941,0.000402123,0.000727976,0.001361516,0.001184828,0.00111448,0.001060637,0.001037076,0.001068594,0.001082077,0.000982417,0.000981173,0.00096867,0.000897696,0.000822962,0.000586375,0.000482128,0.000443626,0.000383229,0.000318024,0.000263964,2015-11-30,33.3330338,126.6180657
Nov-15,5013030000000000000,제주특별자치도 서귀포시 남원읍 신례리 20-0,3.42,2.61,1.93,1.25,1.77,3.04,10.24,24.22,42.48,58.2,65.68,66.93,62.14,63.33,64.12,64.99,65.58,67.69,46.08,22.5,16.03,12.26,7.6,4.35,0.000162946,0.000185102,0.000202561,0.00018609,0.000292023,0.000302402,0.000460826,0.000465242,0.000485798,0.000499027,0.000484021,0.000472112,0.000446886,0.000445607,0.000445658,0.000437389,0.000411949,0.000389187,0.000285377,0.000186669,0.000163701,0.000152807,0.000142285,0.000126802,2015-11-30,33.3330338,126.6180657
Nov-15,5013030000000000000,제주특별자치도 서귀포시 남원읍 신례리 999-9616,7.82,4.94,3.55,3.74,4.42,10.74,39.23,73.62,110.31,135.25,155.17,167.61,169.15,153.47,154.69,156.87,156.86,156.97,107.41,70.49,52.06,36.54,20.55,11.35,0.000372571,0.000350347,0.000372125,0.000555104,0.000730166,0.001066767,0.001765744,0.001414289,0.001261583,0.001159671,0.001143475,0.001182269,0.001216501,0.00107985,0.001075176,0.001055818,0.000985405,0.000902467,0.00066514,0.000584732,0.00053172,0.000455306,0.0003846,0.00033079,2015-11-30,33.3330338,126.6180657
Nov-15,5011030000000000000,제주특별자치도 제주시 구좌읍 동복리 2000-0,1.23,0.74,0.55,0.47,0.56,1.16,2.44,5.61,9.59,12.84,14.53,14.51,14.45,14.93,14.19,14.74,15.33,15.98,12.69,8.44,6.77,5.15,3.16,1.86,5.88086E-05,0.000052292,5.73953E-05,6.97961E-05,0.000092035,0.000114729,0.000109865,0.000107763,0.000109633,0.000110103,0.000107104,0.000102357,0.000103889,0.000105062,9.86131E-05,9.91843E-05,9.63299E-05,9.18876E-05,0.000078602,7.00426E-05,6.91524E-05,6.41151E-05,5.92095E-05,5.42134E-05,2015-11-30,33.5359923,126.7190983
Nov-15,5011030000000000000,제주특별자치도 제주시 구좌읍 동복리 999-9616,2.41,1.43,1.05,0.86,1.05,2.29,5.07,11.73,19.82,26.49,29.96,29.98,29.8,30.66,29.33,30.32,31.65,33.03,26.28,17.63,14.15,10.65,6.44,3.78,0.000114823,0.000101629,0.000109967,0.000128067,0.000173991,0.000227207,0.000228312,0.000225356,0.000226623,0.00022712,0.000220799,0.000211485,0.000214322,0.000215741,0.000203859,0.000204065,0.000198795,0.000189927,0.000162759,0.000146254,0.000144477,0.0001327,0.000120534,0.000110293,2015-11-30,33.5446407,126.7199049
Nov-15,5011030000000000000,제주특별자치도 제주시 구좌읍 동복리 20-0,0.79,0.5,0.35,0.28,0.34,0.75,1.74,4.05,6.61,8.71,9.79,9.84,9.82,9.92,9.68,9.91,10.42,11,8.92,6.2,4.97,3.73,2.21,1.29,3.76604E-05,3.54129E-05,3.70867E-05,0.000041106,5.55184E-05,7.47644E-05,7.85199E-05,7.77761E-05,0.000075593,7.47148E-05,7.21307E-05,6.93774E-05,7.06473E-05,6.97959E-05,6.72959E-05,6.67009E-05,6.54728E-05,0.000063265,5.52541E-05,5.14474E-05,5.07451E-05,4.65288E-05,4.14192E-05,3.77424E-05,2015-11-30,33.5493689,126.7266723
Nov-15,5011030000000000000,제주특별자치도 제주시 구좌읍 동복리 10-256,0.85,0.72,0.69,0.57,0.7,0.87,1.35,2.21,3.25,4.14,4.48,4.45,4.49,4.47,4.41,4.44,4.64,4.82,4.06,2.95,2.46,1.94,1.34,0.99,4.04547E-05,5.07081E-05,7.27752E-05,8.51799E-05,0.000115553,0.000086883,6.08893E-05,4.24996E-05,3.71618E-05,3.54997E-05,0.000033033,3.13875E-05,3.22778E-05,3.14525E-05,3.06592E-05,2.99168E-05,2.91546E-05,2.77104E-05,2.51108E-05,2.44351E-05,2.51649E-05,2.41408E-05,0.00002502,2.89968E-05,2015-11-30,33.5506439,126.7264319
Nov-15,5011030000000000000,제주특별자치도 제주시 구좌읍 덕천리 9999-9488,1.17,0.92,0.94,0.82,0.9,1.21,2.54,5.8,9.48,13.49,15.61,15.65,14.35,14.66,14.49,14.27,14.26,14.06,9.42,6.07,4.75,3.72,2.42,1.6,5.57761E-05,6.51049E-05,9.89561E-05,0.000122279,0.00014882,0.000119961,0.000114546,0.000111343,0.000108413,0.000115705,0.000115055,0.000110393,0.000103186,0.000103127,0.000100682,9.60524E-05,8.95663E-05,8.08659E-05,5.83524E-05,5.03275E-05,4.85561E-05,4.63875E-05,4.52118E-05,4.67505E-05,2015-11-30,33.4850905,126.7468625
Nov-15,5011030000000000000,제주특별자치도 제주시 구좌읍 덕천리 9999-9744,0.37,0.19,0.12,0.12,0.19,0.36,0.91,3.53,6.45,8.81,9.68,10.26,10.17,10.67,9.68,9.18,9.55,9.2,5.45,3.89,3.33,2.52,1.48,0.78,1.76553E-05,1.34749E-05,1.25836E-05,1.85002E-05,3.14494E-05,3.55942E-05,0.000041053,0.000067838,7.37975E-05,0.000075535,7.13275E-05,7.23658E-05,7.31309E-05,7.50638E-05,6.72612E-05,6.18146E-05,5.99761E-05,5.29083E-05,3.37432E-05,3.22604E-05,0.000034006,3.14013E-05,2.76586E-05,2.28845E-05,2015-11-30,33.4850905,126.7468625
Nov-15,5011030000000000000,제주특별자치도 제주시 구좌읍 덕천리 1000-128,0.96,0.79,0.83,0.74,0.85,0.97,1.71,3.72,6.1,8.15,8.97,9.35,9.07,9.04,8.68,8.45,8.58,8.08,5.38,3.74,3.17,2.54,1.72,1.24,4.58847E-05,5.63108E-05,8.68269E-05,0.000109319,0.000140559,9.63858E-05,7.68093E-05,7.14944E-05,6.97412E-05,6.98532E-05,6.61176E-05,6.59727E-05,6.52509E-05,0.000063618,6.03106E-05,5.68453E-05,5.38763E-05,4.64517E-05,3.32953E-05,3.10133E-05,3.23889E-05,3.16837E-05,3.21997E-05,3.61876E-05,2015-11-30,33.4865852,126.7530257
Nov-15,5011030000000000000,제주특별자치도 제주시 구좌읍 덕천리 1999-9488,0.34,0.22,0.24,0.19,0.18,0.36,1.16,3.16,5.4,8.2,9.79,9.72,8.55,8.92,9,8.86,8.72,8.68,5.43,3.16,2.35,1.8,1.08,0.6,1.61787E-05,1.57207E-05,2.50274E-05,2.75029E-05,0.000030458,3.57929E-05,5.23966E-05,6.07942E-05,6.17508E-05,7.02934E-05,7.21307E-05,6.85897E-05,6.14847E-05,6.27361E-05,6.25556E-05,5.96609E-05,5.48039E-05,4.99282E-05,3.36111E-05,2.62103E-05,2.40278E-05,0.000022388,2.02979E-05,1.74233E-05,2015-11-30,33.4850905,126.7468625
Nov-15,5011030000000000000,제주특별자치도 제주시 구좌읍 송당리 999-9616,12.24,10.17,10.9,9.32,10.98,12.71,23.06,42.79,67.08,90.63,101.81,104.62,97.5,93.61,95.49,95.89,94.33,86.66,60.93,41.12,33.75,27.59,18.86,14.74,0.00058291,0.000721118,0.001143361,0.001383357,0.001814538,0.001262485,0.001038194,0.000822048,0.000767177,0.000777048,0.000750255,0.000737959,0.000701256,0.000658684,0.000663743,0.000645378,0.00059256,0.000498239,0.000377339,0.00034113,0.000344645,0.00034374,0.000352962,0.000429636,2015-11-30,33.4758557,126.776499
Nov-15,5011030000000000000,제주특별자치도 제주시 구좌읍 송당리 20-0,5.2,4.38,4.97,4.18,4.71,5.4,9.56,18.73,29.45,41.5,47.92,48.35,43.8,43.87,44.36,44.02,43.45,42.02,28.52,18.08,14.38,11.61,8.32,6.08,0.000247809,0.000310891,0.000520682,0.00062025,0.000778249,0.000536661,0.000430546,0.000359835,0.000336766,0.000355848,0.000353137,0.000341072,0.000315018,0.000308652,0.0003083,0.000296245,0.000272979,0.000241601,0.000176595,0.000149973,0.000146846,0.000144612,0.000155603,0.000177226,2015-11-30,33.4563407,126.8095629
Nov-15,5011030000000000000,제주특별자치도 제주시 구좌읍 송당리 2000-0,4.87,4.05,4.38,3.77,4.32,5.07,9.42,18.18,28.63,39.65,45.28,45.99,42.14,41.37,42.01,41.92,41.29,38.87,26.72,17.4,13.99,11.36,7.83,5.9,0.000231932,0.000286991,0.000459127,0.000559605,0.000713698,0.000503153,0.000424109,0.000349243,0.000327476,0.000339986,0.000333653,0.000324382,0.000303043,0.000291115,0.000291979,0.000282136,0.00025936,0.000223498,0.000165463,0.00014433,0.000142914,0.000141534,0.000146527,0.000172047,2015-11-30,33.4620531,126.7687598
Nov-15,5011030000000000000,제주특별자치도 제주시 구좌읍 송당리 3000-384,1.78,1.38,1.63,1.31,1.46,1.93,4.32,9.99,16.21,23.61,27.9,27.93,24.76,25.13,25.57,25.45,24.94,24.37,15.91,9.77,7.29,5.72,3.68,2.32,8.48152E-05,9.78938E-05,0.000170578,0.000195093,0.000240855,0.000192209,0.000194266,0.000191815,0.000185359,0.000202458,0.000205619,0.000196999,0.000178091,0.00017683,0.000177695,0.000171301,0.000156677,0.000140122,9.85503E-05,8.10284E-05,7.44836E-05,7.12386E-05,6.89593E-05,6.75069E-05,2015-11-30,33.4564636,126.7691579
Nov-15,5011030000000000000,제주특별자치도 제주시 구좌읍 송당리 10-256,3.11,2.55,2.75,2.36,2.78,3.25,5.89,11.19,17.66,23.83,26.81,27.55,25.75,24.83,25.18,25.22,24.88,22.95,16.04,10.85,8.93,7.26,4.92,3.78,0.000148307,0.000181131,0.000288095,0.000350168,0.000459074,0.000323063,0.000265314,0.000214951,0.000201958,0.000204341,0.000197557,0.000194363,0.000185164,0.000174722,0.00017504,0.000169733,0.000156289,0.000131936,9.93285E-05,8.99956E-05,9.12465E-05,9.04117E-05,9.21266E-05,0.000110263,2015-11-30,33.4587871,126.8126087
Nov-15,5011030000000000000,제주특별자치도 제주시 구좌읍 월정리 9999-9488,2.83,2.05,1.79,1.44,1.82,2.85,5.82,12.03,18.6,24.21,26.71,26.89,26.87,26.79,26.46,26.55,27.85,29.19,23.32,16.66,13.58,10.27,6.2,3.97,0.000134685,0.000145529,0.000188125,0.000214236,0.000300945,0.000282601,0.000261983,0.000231094,0.00021275,0.000207548,0.000196864,0.000189677,0.000193245,0.00018849,0.000183902,0.000178711,0.000174922,0.000167826,0.000144416,0.000138227,0.000138666,0.000127915,0.000116024,0.000115851,2015-11-30,33.5446034,126.7803854
Nov-15,5011030000000000000,제주특별자치도 제주시 구좌읍 월정리 1999-9488,4.09,3.13,2.78,2.26,2.89,4.32,8.44,17,25.43,32.57,36.06,36.03,36.02,36.05,36.08,36.4,37.61,39.9,32.75,23.14,18.67,13.77,8.37,5.49,0.000194684,0.000221863,0.000291346,0.000335575,0.000478241,0.000429117,0.00037971,0.000326594,0.000290852,0.00027923,0.000265748,0.000254177,0.000259083,0.000253684,0.00025079,0.000245006,0.000236284,0.000229414,0.000202835,0.000191928,0.000190643,0.000171586,0.00015657,0.000160007,2015-11-30,33.5446034,126.7803854
Nov-15,5011030000000000000,제주특별자치도 제주시 구좌읍 월정리 1000-128,4.11,2.82,2.12,1.7,2.35,4.68,11.05,26.29,40.13,51.59,58.01,58.04,57.87,58.56,58.65,59.43,60.7,64.88,52.49,36.03,28.49,19.9,11.13,6.56,0.000195875,0.000200279,0.000221821,0.000251533,0.000388904,0.000465109,0.000497347,0.000504988,0.000458903,0.00044235,0.000427481,0.000409436,0.000416176,0.000412037,0.000407661,0.000400015,0.000381312,0.000373028,0.000325041,0.000298896,0.000290976,0.000248004,0.000208338,0.000191161,2015-11-30,33.5496652,126.7895098
Nov-15,5011030000000000000,제주특별자치도 제주시 구좌읍 월정리 9999-9744,3.21,1.96,1.07,0.8,1.44,4.05,11.12,29.33,44.91,57.66,65.47,65.54,65.19,66.58,66.76,67.82,68.5,73.59,59.17,39.85,31.02,20.77,11.02,6.01,0.000152785,0.000139004,0.000111854,0.000119163,0.000238267,0.000402066,0.000500573,0.000563374,0.000513594,0.00049436,0.000482471,0.000462295,0.000468872,0.000468464,0.000464047,0.000456483,0.000430294,0.000423086,0.000366442,0.000330603,0.000316767,0.00025882,0.00020631,0.000175215,2015-11-30,33.5446034,126.7803854
Nov-15,5011030000000000000,제주특별자치도 제주시 구좌읍 행원리 999-9616,2.03,1.2,0.62,0.48,0.86,2.58,7.21,19.2,29.46,37.86,43.01,43.05,42.82,43.74,43.86,44.56,44.99,48.36,38.86,26.14,20.33,13.6,7.18,3.88,9.69135E-05,8.54354E-05,6.49105E-05,0.000070637,0.000142872,0.000256576,0.000324373,0.00036887,0.000336965,0.000324644,0.00031694,0.000303649,0.000307967,0.000307765,0.000304871,0.000299888,0.000282603,0.000278039,0.000240649,0.00021685,0.000207651,0.000169501,0.000134332,0.000113052,2015-11-30,33.5367251,126.8037263
Nov-15,5011030000000000000,제주특별자치도 제주시 구좌읍 행원리 10-256,1.28,0.78,0.41,0.32,0.55,1.63,4.51,11.99,18.45,23.67,26.9,26.93,26.79,27.33,27.4,27.84,28.12,30.26,24.35,16.41,12.8,8.56,4.53,2.44,6.10631E-05,5.51051E-05,4.27843E-05,0.000046844,9.11538E-05,0.000161714,0.000202909,0.000230319,0.000210996,0.000202969,0.000198215,0.000189931,0.000192696,0.000192303,0.000190466,0.000187376,0.000176655,0.00017398,0.000150764,0.000136123,0.000130693,0.000106669,8.47285E-05,7.11898E-05,2015-11-30,33.5582664,126.8224554
Nov-15,5011030000000000000,제주특별자치도 제주시 구좌읍 행원리 3999-9744,0.35,0.2,0.1,0.08,0.15,0.43,1.22,3.31,5.14,6.63,7.52,7.56,7.52,7.69,7.66,7.74,7.83,8.37,6.61,4.46,3.49,2.35,1.25,0.66,0.000016528,1.43496E-05,0.000010766,1.19707E-05,2.42893E-05,4.31104E-05,5.47523E-05,6.36438E-05,5.88306E-05,5.68635E-05,5.54472E-05,5.33133E-05,5.40889E-05,5.41142E-05,5.32418E-05,5.21205E-05,4.91983E-05,4.81075E-05,4.09513E-05,3.70246E-05,3.56468E-05,0.000029229,2.32983E-05,1.93474E-05,2015-11-30,33.5332052,126.7939455
Nov-15,5011030000000000000,제주특별자치도 제주시 구좌읍 행원리 2000-0,1.57,0.93,0.48,0.36,0.68,1.99,5.54,14.79,22.76,29.28,33.23,33.33,33.13,33.87,33.89,34.38,34.74,37.25,29.78,20.05,15.61,10.46,5.54,3,7.50032E-05,6.62633E-05,5.05442E-05,5.33735E-05,0.000112083,0.000197606,0.000249559,0.00028414,0.000260327,0.000251064,0.000244903,0.000235078,0.000238291,0.000238305,0.000235529,0.000231386,0.000218215,0.00021415,0.000184422,0.000166321,0.00015947,0.000130357,0.000103698,8.74373E-05,2015-11-30,33.5248744,126.7975394
Nov-15,5011030000000000000,제주특별자치도 제주시 구좌읍 행원리 3000-384,0.36,0.18,0.1,0.1,0.18,0.39,1.1,3.84,6.7,9.03,10.01,10.46,10.37,10.8,10.06,9.71,10.02,9.92,6.43,4.5,3.74,2.74,1.54,0.8,1.73536E-05,1.29784E-05,1.06611E-05,1.46418E-05,2.89709E-05,3.87397E-05,4.96207E-05,0.000073742,7.65919E-05,7.74242E-05,7.37912E-05,7.37978E-05,7.46101E-05,7.59832E-05,6.99163E-05,6.53638E-05,6.29244E-05,5.70249E-05,3.98305E-05,3.73703E-05,3.81592E-05,3.40887E-05,2.88188E-05,2.33607E-05,2015-11-30,33.5146296,126.7855974
Nov-15,5011030000000000000,제주특별자치도 제주시 구좌읍 행원리 20-0,0.26,0.11,0.05,0.06,0.11,0.25,0.71,3.01,5.54,7.57,8.31,8.83,8.77,9.2,8.34,7.89,8.21,7.91,4.63,3.31,2.84,2.14,1.22,0.62,1.23841E-05,8.08492E-06,5.4529E-06,9.20062E-06,1.89468E-05,2.48663E-05,3.20501E-05,5.77334E-05,6.33176E-05,6.49174E-05,6.12712E-05,6.22576E-05,6.30405E-05,6.47391E-05,5.79798E-05,5.31346E-05,5.15959E-05,4.54628E-05,2.86529E-05,0.000027438,2.89607E-05,2.66786E-05,0.000022818,1.79675E-05,2015-11-30,33.5587804,126.8191795
Nov-15,5011030000000000000,제주특별자치도 제주시 구좌읍 세화리 1999-9488,18.7,12.75,10.89,8.25,10.87,20.21,34.78,73.37,114.77,145.96,165.84,172.47,176.89,167.02,163.67,164.6,175.86,189.81,159.05,120.44,101.53,70.32,44.67,27.99,0.00089075,0.000904353,0.001142313,0.001224424,0.001796693,0.002007315,0.001565446,0.001409492,0.001312602,0.001251491,0.001222069,0.001216591,0.001272179,0.001175244,0.001137609,0.001107862,0.001104721,0.001091294,0.000984894,0.000999109,0.001036894,0.000876275,0.000835995,0.000815913,2015-11-30,33.5019841,126.8427373
Nov-15,5011030000000000000,제주특별자치도 제주시 구좌읍 세화리 9999-9744,3.43,2.34,1.99,1.5,1.99,3.77,6.85,14.58,23.04,28.75,32.23,33.37,33.71,32.25,31.86,32,33.96,35.9,29.69,22.2,18.73,13.08,8.3,5.13,0.000163153,0.000165646,0.000208294,0.00022314,0.000328594,0.000374286,0.000308333,0.000280029,0.000263472,0.000246503,0.0002375,0.000235384,0.000242424,0.000226915,0.000221447,0.000215365,0.00021334,0.000206384,0.000183851,0.000184122,0.000191269,0.000163038,0.000155316,0.000149434,2015-11-30,33.4902403,126.8326492
Nov-15,5011030000000000000,제주특별자치도 제주시 구좌읍 세화리 1000-128,20.75,14.44,12.76,9.75,12.7,22.28,36.85,75.12,116.8,148.81,169.85,176.73,182.26,171.12,167.52,168.04,180.06,195.27,165.29,125.63,105.96,73.25,47.24,30.02,0.000988537,0.00102435,0.001337953,0.001446772,0.00209863,0.002213595,0.00165885,0.001443046,0.001335804,0.001275899,0.001251665,0.001246655,0.001310814,0.001204067,0.001164359,0.001130968,0.001131161,0.001122696,0.001023552,0.001042104,0.001082189,0.000912735,0.000883958,0.000875014,2015-11-30,33.5171775,126.8544107
Nov-15,5011030000000000000,제주특별자치도 제주시 구좌읍 세화리 4000-256,5.39,3.76,3.37,2.57,3.37,5.8,9.75,19.83,30.95,39.57,45.19,46.96,48.12,45.24,44.44,44.55,47.5,51.07,42.93,32.47,27.3,18.92,12.19,7.76,0.000256779,0.000266708,0.000353739,0.000381232,0.000556782,0.000576361,0.000438859,0.000380934,0.000353979,0.000339275,0.000332973,0.000331276,0.000346049,0.000318341,0.000308902,0.000299875,0.000298394,0.000293647,0.000265819,0.000269318,0.000278867,0.000235784,0.000228105,0.00022628,2015-11-30,33.4902403,126.8326492
Nov-15,5011030000000000000,제주특별자치도 제주시 구좌읍 세화리 9999-9488,1.18,0.85,0.84,0.65,0.84,1.29,2.29,4.48,7.08,9.17,10.48,10.82,10.75,10.17,10.18,10.14,10.56,10.85,8.8,6.46,5.38,3.81,2.48,1.62,5.63476E-05,6.06133E-05,8.76658E-05,9.69527E-05,0.000138851,0.00012794,0.000102993,8.59853E-05,8.09874E-05,7.86417E-05,7.71957E-05,7.63184E-05,7.72807E-05,7.15644E-05,7.07365E-05,0.00006824,6.63167E-05,0.00006237,5.45213E-05,5.35958E-05,5.49392E-05,4.74509E-05,4.63284E-05,4.71877E-05,2015-11-30,33.4902403,126.8326492
Nov-15,5011030000000000000,제주특별자치도 제주시 구좌읍 세화리 2999-9872,1.59,1.14,1.08,0.85,1.09,1.71,2.72,5.1,7.93,9.94,11.38,11.78,12.16,11.44,11.24,11.14,11.92,12.83,11,8.35,7.05,4.86,3.25,2.12,7.56383E-05,8.06365E-05,0.000113392,0.000125742,0.000179994,0.000170289,0.000122364,9.80238E-05,9.06895E-05,8.52523E-05,8.38623E-05,0.000083116,8.74671E-05,0.000080463,0.000078132,7.49525E-05,7.48958E-05,7.37884E-05,6.80995E-05,6.92435E-05,0.000071995,6.05929E-05,6.08813E-05,6.17444E-05,2015-11-30,33.4937326,126.8246047
Nov-15,5011030000000000000,제주특별자치도 제주시 구좌읍 상도리 10-256,3.1,2.13,1.86,1.44,1.87,3.23,5.65,11.83,18.28,23.01,25.9,26.77,27.39,25.94,25.54,25.74,27.44,29.39,24.46,18.49,15.59,10.93,7.03,4.43,0.000147815,0.00015132,0.000195535,0.000214335,0.000308656,0.00032101,0.000254391,0.0002272,0.000209025,0.00019729,0.000190853,0.000188828,0.00019697,0.000182506,0.00017751,0.000173251,0.00017235,0.00016899,0.000151501,0.000153352,0.000159228,0.000136222,0.000131581,0.000129037,2015-11-30,33.4989003,126.8771178
Nov-15,5011030000000000000,제주특별자치도 제주시 구좌읍 상도리 20-0,1.36,1,0.92,0.78,0.92,1.32,2.46,4.82,7.26,8.71,9.41,9.51,9.5,9.21,9.27,9.37,9.82,10.03,8.12,6.04,5.09,3.77,2.52,1.62,6.46831E-05,7.06367E-05,9.66841E-05,0.000115206,0.000151519,0.000130622,0.00011084,9.26257E-05,8.29812E-05,7.46719E-05,6.93624E-05,6.70543E-05,6.83147E-05,6.47719E-05,6.44091E-05,6.30575E-05,6.17015E-05,5.76669E-05,5.02876E-05,0.000050098,5.20319E-05,4.69981E-05,0.000047183,4.73335E-05,2015-11-30,33.4972181,126.8758289
Nov-15,5011030000000000000,제주특별자치도 제주시 구좌읍 상도리 999-9616,2.31,1.58,1.38,1.07,1.39,2.54,4.97,10.54,16.71,20.32,22.27,22.89,22.64,22.04,22.05,22.11,23.28,23.86,19.34,14.21,11.99,8.55,5.44,3.34,0.000110123,0.000112338,0.000144607,0.000158587,0.000229069,0.000251908,0.000223556,0.000202566,0.000191089,0.000174269,0.000164141,0.000161496,0.000162861,0.000155102,0.000153227,0.000148841,0.000146238,0.000137176,0.000119787,0.000117868,0.000122413,0.000106528,0.000101777,9.73199E-05,2015-11-30,33.4940506,126.8564857
Nov-15,5011030000000000000,제주특별자치도 제주시 구좌읍 한동리 1000-128,6.4,3.93,2.47,1.8,2.71,7.2,15.56,38.78,60.2,78.03,88.96,91.21,92.61,90.39,89.04,90.53,94.4,102.65,83.86,60.65,49.52,33.69,19.43,11.35,0.000304998,0.000278575,0.000258558,0.000266818,0.000447122,0.000714798,0.000700332,0.00074495,0.000688499,0.000669078,0.000655524,0.000643364,0.000666018,0.000635994,0.000618911,0.000609338,0.000592995,0.000590163,0.000519287,0.000503104,0.000505735,0.000419781,0.000363566,0.000331004,2015-11-30,33.5351911,126.8261665
Nov-15,5011030000000000000,제주특별자치도 제주시 구좌읍 한동리 9999-9744,2.35,1.53,1.14,0.85,1.18,2.58,4.9,11.32,17.6,22.73,25.93,26.8,27.42,26.28,25.77,26.11,27.58,29.99,24.84,18.4,15.26,10.47,6.34,3.85,0.000112155,0.000108768,0.000119754,0.000126434,0.00019448,0.000255815,0.00022048,0.000217441,0.000201317,0.000194924,0.000191087,0.000189021,0.000197205,0.000184911,0.00017912,0.000175707,0.000173232,0.000172428,0.000153804,0.000152622,0.000155847,0.000130428,0.0001186,0.000112178,2015-11-30,33.5191109,126.8108162
Nov-15,5011030000000000000,제주특별자치도 제주시 구좌읍 한동리 9999-9488,0.41,0.3,0.29,0.25,0.32,0.41,0.7,1.85,3.14,4.17,4.57,4.81,4.82,4.92,4.54,4.35,4.54,4.44,2.92,2.13,1.84,1.4,0.91,0.59,0.000019624,2.12288E-05,3.04104E-05,3.69509E-05,5.21036E-05,4.09582E-05,0.00003163,3.55583E-05,3.59228E-05,3.57197E-05,3.36618E-05,3.39645E-05,3.46704E-05,3.46024E-05,3.15396E-05,2.92527E-05,2.85285E-05,2.55026E-05,1.80637E-05,1.76966E-05,0.000018809,1.73829E-05,1.69607E-05,1.70735E-05,2015-11-30,33.5191109,126.8108162
Nov-15,5011030000000000000,제주특별자치도 제주시 구좌읍 한동리 2999-9872,2.39,1.42,0.8,0.55,0.91,2.68,6.19,15.81,24.57,31.89,36.33,37.13,37.61,36.94,36.44,37.09,38.51,41.88,34.08,24.42,19.82,13.46,7.62,4.39,0.000113886,0.000100683,8.41005E-05,8.12227E-05,0.000150583,0.000266112,0.000278563,0.000303798,0.000280997,0.000273388,0.000267696,0.000261946,0.000270507,0.000259911,0.000253262,0.000249641,0.000241927,0.000240792,0.000211013,0.00020256,0.000202453,0.00016769,0.000142641,0.000128027,2015-11-30,33.5383572,126.8112657
Nov-15,5011030000000000000,제주특별자치도 제주시 구좌읍 한동리 4000-256,1.39,0.74,0.42,0.28,0.5,1.5,3.7,9.75,15.88,21.37,24.35,25.22,24.98,24.28,23.81,24,24.8,25.7,19.44,14.07,11.58,8.15,4.63,2.68,0.000066112,5.24574E-05,4.44272E-05,4.16006E-05,8.27819E-05,0.000149363,0.000166508,0.000187262,0.000181665,0.000183203,0.000179407,0.000177876,0.000179628,0.000170838,0.000165462,0.000161537,0.000155824,0.000147734,0.000120391,0.000116682,0.000118294,0.000101606,8.66061E-05,7.81085E-05,2015-11-30,33.5328318,126.8057397
Nov-15,5011030000000000000,제주특별자치도 제주시 구좌읍 한동리 1999-9488,2.51,1.65,1.17,0.92,1.3,2.93,6.58,16.02,24.7,31.65,36,36.45,36.69,36.5,36.34,36.77,37.8,40.73,33.29,23.31,18.66,12.64,7.22,4.19,0.000119618,0.000116806,0.000122306,0.000136179,0.000215464,0.00029078,0.000296089,0.000307698,0.000282465,0.000271359,0.000265259,0.000257135,0.000263885,0.000256855,0.000252579,0.00024751,0.000237461,0.0002342,0.00020616,0.00019336,0.000190599,0.000157505,0.000135074,0.00012209,2015-11-30,33.5328346,126.8208597
Nov-15,5011030000000000000,제주특별자치도 제주시 구좌읍 한동리 4999-9616,1.46,0.9,0.63,0.51,0.73,1.59,3.51,9.67,15.87,20.93,23.51,24.37,24.47,24.57,23.52,23.28,24.18,25.08,18.58,13.34,11.01,7.74,4.51,2.6,6.94938E-05,0.000064112,6.62737E-05,7.52868E-05,0.000120731,0.000157575,0.000158045,0.000185815,0.000181539,0.000179493,0.000173229,0.000171917,0.000175955,0.000172869,0.000163509,0.000156705,0.000151883,0.000144171,0.000115082,0.000110695,0.000112452,9.65009E-05,8.43293E-05,7.57569E-05,2015-11-30,33.5191109,126.8108162
Nov-15,5011030000000000000,제주특별자치도 제주시 구좌읍 하도리 3000-384,6.89,5,4.77,3.78,4.75,7.38,11.97,22.58,34.92,43.45,49.18,50.79,52.05,49.06,48.48,48.17,51.57,54.99,46.9,35.4,29.9,20.83,13.98,9.08,0.000328306,0.000354791,0.000500059,0.000561238,0.000784694,0.000732777,0.000538641,0.000433686,0.000399375,0.000372534,0.000362383,0.000358267,0.000374312,0.00034518,0.000336964,0.000324205,0.000323968,0.000316139,0.000290412,0.000293661,0.000305339,0.000259621,0.000261646,0.000264673,2015-11-30,33.5279933,126.8737422
Nov-15,5011030000000000000,제주특별자치도 제주시 구좌읍 하도리 999-9616,5.54,4.15,3.93,3.36,3.96,5.4,9.59,18.49,27.56,32.94,35.54,35.84,36.04,34.78,35.06,35.36,37.13,38.06,30.99,23.19,19.57,14.48,9.9,6.44,0.000263892,0.000294249,0.000412498,0.000498664,0.000653829,0.000536231,0.000431717,0.000355135,0.000315162,0.000282397,0.000261911,0.000252804,0.000259191,0.000244741,0.000243712,0.000238018,0.000233235,0.000218833,0.00019192,0.00019239,0.000199838,0.000180466,0.000185245,0.000187702,2015-11-30,33.5000681,126.888274
Nov-15,5011030000000000000,제주특별자치도 제주시 구좌읍 하도리 2000-0,4.19,2.94,2.61,2.04,2.66,4.32,7.34,15.23,23.37,29.39,33.02,34.08,34.96,33.04,32.52,32.83,34.99,37.53,31.3,23.75,20,14.11,9.16,5.85,0.000199654,0.000208837,0.000273519,0.000302483,0.000439686,0.000429514,0.00033051,0.000292631,0.000267227,0.000251959,0.000243346,0.000240397,0.000251438,0.0002325,0.000226057,0.000220976,0.000219833,0.000215773,0.00019381,0.000197055,0.000204291,0.000175818,0.000171466,0.000170405,2015-11-30,33.523126,126.8816741
Nov-15,5011030000000000000,제주특별자치도 제주시 구좌읍 하도리 20-0,1.73,1.38,1.43,1.25,1.43,1.64,2.67,4.4,6.25,7.09,7.44,7.29,7.34,7.11,7.33,7.33,7.64,7.55,6.24,4.68,3.96,3.12,2.4,1.68,0.000082259,9.80592E-05,0.0001495,0.000185744,0.00023689,0.000162641,0.000119978,8.44613E-05,7.14301E-05,6.08219E-05,5.48528E-05,5.14181E-05,5.28255E-05,5.00097E-05,5.09805E-05,0.000049314,0.000047965,4.34064E-05,3.86642E-05,3.88302E-05,4.04436E-05,3.89276E-05,4.48438E-05,4.90146E-05,2015-11-30,33.519157,126.8995817
Nov-15,5011030000000000000,제주특별자치도 제주시 구좌읍 하도리 10-256,1.29,0.94,0.91,0.74,0.92,1.31,2.5,5.16,7.88,9.32,9.99,10.09,9.92,9.71,9.87,9.93,10.36,10.41,8.33,6.11,5.14,3.76,2.51,1.56,6.15077E-05,6.64524E-05,9.54257E-05,0.000109418,0.000151574,0.000130291,0.000112536,9.90548E-05,9.01368E-05,7.98878E-05,7.35972E-05,7.11455E-05,7.13305E-05,6.83136E-05,6.85702E-05,6.68468E-05,6.50917E-05,0.000059844,5.15819E-05,5.07174E-05,5.24949E-05,0.000046886,4.70395E-05,4.55455E-05,2015-11-30,33.52003,126.8989668
Nov-15,5011030000000000000,제주특별자치도 제주시 구좌읍 종달리 1999-9488,8.02,5.86,5.48,4.68,5.52,8.21,16.68,34.2,52.95,61.91,65.49,65.94,63.86,63.56,64.89,65.32,67.67,66.48,52.16,37.67,31.86,23.89,15.76,9.76,0.000381827,0.000415853,0.000574896,0.000694251,0.000912254,0.000815389,0.000750838,0.000657031,0.000605606,0.00053078,0.000482594,0.000465122,0.000459295,0.000447249,0.000450991,0.000439646,0.000425116,0.000382244,0.000322983,0.000312517,0.000325383,0.000297664,0.000294906,0.00028438,2015-11-30,33.4895462,126.8977384
Nov-15,5011030000000000000,제주특별자치도 제주시 구좌읍 종달리 1000-128,9.39,6.85,6.35,5.38,6.39,9.64,19.92,40.97,63.44,74.18,78.49,79.08,76.55,76.22,77.79,78.31,81.13,79.71,62.5,45.06,38.16,28.59,18.74,11.51,0.000447304,0.000485521,0.000666302,0.00079897,0.001055676,0.000957997,0.000896549,0.000787072,0.000725513,0.000636013,0.000578429,0.000557854,0.000550547,0.000536306,0.000540675,0.000527056,0.000509656,0.000458298,0.000387043,0.000373824,0.000389736,0.000356226,0.000350685,0.000335455,2015-11-30,33.4954915,126.9003099
Nov-15,5011030000000000000,제주특별자치도 제주시 구좌읍 종달리 2999-9872,4.48,3.47,3.41,2.95,3.45,4.45,8.12,15.14,22.67,26.25,27.69,27.58,27.11,26.67,27.34,27.47,28.5,28.08,22.44,16.48,13.96,10.67,7.5,4.93,0.000213292,0.000245975,0.000358004,0.000438118,0.000569394,0.000441931,0.000365546,0.000290799,0.000259244,0.00022505,0.000204044,0.000194535,0.00019495,0.000187631,0.000189998,0.000184874,0.000179053,0.000161473,0.000138965,0.000136709,0.00014256,0.000132911,0.000140445,0.000143584,2015-11-30,33.491428,126.8845994
Nov-15,5011030000000000000,제주특별자치도 제주시 구좌읍 종달리 4999-9616,2.13,1.53,1.5,1.27,1.47,2.1,4.31,8.88,14.07,17.54,18.99,19.24,18.6,18.62,18.66,18.81,19.37,18.86,14.44,10.39,8.35,6.25,4.09,2.56,0.000101232,0.000108674,0.000157715,0.000189008,0.000242893,0.000208334,0.000194056,0.000170517,0.000160919,0.000150378,0.000139946,0.0001357,0.000133774,0.000131017,0.000129687,0.000126595,0.00012168,0.000108423,8.94473E-05,8.61687E-05,8.53128E-05,7.78719E-05,7.64759E-05,0.000074756,2015-11-30,33.4512258,126.8117452
Nov-15,5011030000000000000,제주특별자치도 제주시 구좌읍 종달리 4000-256,2.77,1.81,1.5,1.19,1.52,3.08,7.28,16.5,26.41,31.17,33.07,33.6,32.11,32.31,32.86,33.13,34.29,33.58,25.91,18.43,15.54,11.5,7.08,4.09,0.000131922,0.000128342,0.000157715,0.000176691,0.000251485,0.000306243,0.000327719,0.000316925,0.000302014,0.000267272,0.000243667,0.000237001,0.00023091,0.000227366,0.000228418,0.000222959,0.000215415,0.000193089,0.000160445,0.000152882,0.000158724,0.000143275,0.00013256,0.000119252,2015-11-30,33.4816835,126.8693854
Nov-15,5011030000000000000,제주특별자치도 제주시 구좌읍 종달리 9999-9744,2.86,2.07,1.91,1.6,1.89,2.7,5.52,11.21,17.29,20.35,21.63,21.78,21.27,21.09,21.54,21.64,22.43,22.06,17.56,12.82,10.9,8.25,5.54,3.45,0.000136416,0.000146782,0.000199835,0.000237089,0.000312181,0.000268066,0.000248689,0.000215341,0.000197718,0.000174515,0.000159373,0.00015366,0.000152986,0.000148387,0.000149693,0.00014564,0.000140896,0.000126823,0.000108718,0.000106384,0.000111353,0.000102794,0.000103698,0.000100643,2015-11-30,33.4791521,126.8667686
Nov-15,5011030000000000000,제주특별자치도 제주시 구좌읍 종달리 9999-9488,1.04,0.69,0.61,0.49,0.6,1.11,2.64,5.9,9.56,11.8,12.74,12.97,12.4,12.45,12.55,12.66,13.01,12.64,9.58,6.79,5.56,4.12,2.53,1.49,0.000049711,4.90769E-05,6.36871E-05,7.31103E-05,9.94154E-05,0.000110491,0.000118628,0.000113392,0.000109282,0.000101143,0.000093867,9.15195E-05,8.91452E-05,8.75791E-05,8.72628E-05,8.51962E-05,8.17536E-05,7.26921E-05,0.000059335,5.63444E-05,5.67606E-05,5.12763E-05,4.73639E-05,0.000043466,2015-11-30,33.4791521,126.8667686
Nov-15,5011030000000000000,제주특별자치도 제주시 구좌읍 평대리 2000-0,9.99,6.51,4.83,3.6,4.89,10.74,19.38,43.98,68.73,89.01,101.69,105.91,109.06,103.08,100.47,101.79,108.61,118.65,98.7,74.62,62.62,43.07,26.5,16.29,0.000475645,0.000461692,0.000506176,0.00053413,0.000807496,0.001067263,0.000872451,0.000844908,0.000786085,0.000763201,0.000749386,0.000747061,0.000784365,0.000725302,0.000698357,0.000685087,0.000682281,0.000682148,0.000611178,0.000618986,0.000639539,0.000536717,0.000495989,0.000474783,2015-11-30,33.5325104,126.8433778
Nov-15,5011030000000000000,제주특별자치도 제주시 구좌읍 평대리 3000-384,5.01,3.45,3.13,2.43,3.15,5.47,10.73,22.46,35.9,47.24,54.1,55.88,55.17,52.4,52.32,52.53,54.32,55.61,44.1,32.1,26.61,18.82,11.73,7.42,0.000238457,0.000244841,0.000327733,0.0003611,0.000521146,0.000543118,0.000483093,0.000431521,0.00041059,0.000405055,0.000398666,0.000394185,0.000396755,0.000368681,0.000363633,0.000353539,0.000341237,0.000319732,0.000273118,0.000266262,0.000271741,0.0002345,0.000219578,0.000216183,2015-11-30,33.4824779,126.8084776
Nov-15,5011030000000000000,제주특별자치도 제주시 구좌읍 평대리 10-256,4.88,3.27,2.69,2.03,2.7,5.23,8.99,19.28,30.09,38.7,44.22,46.08,47.52,44.67,43.58,43.95,47.09,51.31,43.04,32.72,27.57,19.03,12,7.5,0.000232615,0.000232075,0.000282397,0.000301147,0.000446185,0.000519311,0.000404483,0.000370311,0.000344135,0.000331844,0.000325823,0.000325015,0.000341756,0.0003143,0.00030288,0.000295783,0.00029585,0.000294977,0.000266521,0.000271394,0.000281549,0.000237109,0.000224649,0.000218758,2015-11-30,33.5282879,126.8509471
Nov-15,5011030000000000000,제주특별자치도 제주시 구좌읍 평대리 20-0,0.3,0.13,0.12,0.08,0.15,0.35,1.43,3.52,5.96,8.41,9.69,9.91,9.04,8.79,9.06,9.17,8.92,8.21,5.44,3.5,2.71,2.08,1.06,0.63,1.42893E-05,9.50333E-06,1.23739E-05,1.11298E-05,2.46198E-05,3.51307E-05,6.44904E-05,6.76907E-05,6.81325E-05,7.21482E-05,7.14331E-05,6.98899E-05,6.50423E-05,6.18542E-05,6.29773E-05,6.17294E-05,0.000056052,4.72163E-05,3.36833E-05,2.89948E-05,2.76841E-05,2.58895E-05,1.97927E-05,1.83756E-05,2015-11-30,33.5273582,126.8526721
Nov-15,5011030000000000000,제주특별자치도 제주시 구좌읍 평대리 999-9616,5.21,3.52,2.94,2.23,2.95,5.57,9.47,20.06,31.28,40.14,45.85,47.76,49.28,46.33,45.23,45.55,48.78,53.07,44.63,33.94,28.61,19.73,12.52,7.85,0.00024819,0.000249616,0.000308089,0.000330777,0.000487934,0.00055368,0.00042609,0.000385384,0.000357699,0.000344153,0.000337878,0.00033692,0.00035444,0.000326003,0.000314363,0.000306572,0.000306462,0.000305115,0.000276396,0.000281578,0.000292143,0.00024579,0.000234262,0.000228962,2015-11-30,33.5223926,126.8447784
Nov-15,5011030000000000000,제주특별자치도 제주시 구좌읍 김녕리 4000-256,14.58,12.85,12.97,10.97,13.18,15.07,21.44,30.32,41.41,51.33,54.27,53.63,54.31,53.32,53.51,53.05,55.42,57.66,50.28,38.22,32.62,26.69,19.76,15.88,0.000694319,0.000911161,0.001359834,0.001627866,0.002178548,0.001497208,0.000965121,0.000582501,0.000473565,0.00044012,0.000399886,0.000378295,0.000390575,0.000375159,0.000371946,0.000357066,0.000348176,0.00033153,0.000311337,0.000317043,0.000333111,0.00033258,0.000369729,0.000462801,2015-11-30,33.5578255,126.7464631
Nov-15,5011030000000000000,제주특별자치도 제주시 구좌읍 김녕리 6000-0,9.03,7.58,7.45,6.27,7.59,9.21,14.3,22.75,32.95,41.73,45.14,44.84,45.09,44.88,44.45,44.64,46.64,48.68,41.14,30.14,25.2,20.07,13.98,10.47,0.000430189,0.000537813,0.000781547,0.000929905,0.001253626,0.00091492,0.000643509,0.000436951,0.000376825,0.00035782,0.000332617,0.000316329,0.000324293,0.000315824,0.000308971,0.000300472,0.000292995,0.000279881,0.000254733,0.000250053,0.000257416,0.000250106,0.000261565,0.000305234,2015-11-30,33.5558787,126.7279093
Nov-15,5011030000000000000,제주특별자치도 제주시 구좌읍 김녕리 9999-9744,22.92,19.87,19.76,16.67,20.1,23.71,35.3,53.19,74.28,93.02,99.46,98.55,99.54,97.91,98.07,97.75,102.22,106.63,91.53,68.57,57.92,46.65,33.2,25.84,0.001091769,0.00140933,0.002072416,0.002474472,0.003321357,0.002355608,0.001588973,0.001021848,0.000849483,0.000797541,0.000732945,0.00069518,0.000715911,0.00068891,0.000681675,0.00065789,0.000642124,0.000613065,0.000566821,0.000568775,0.000591528,0.000581277,0.000621301,0.000753371,2015-11-30,33.5389636,126.7494481
Nov-15,5011030000000000000,제주특별자치도 제주시 구좌읍 김녕리 1999-9488,22.93,18.68,17.87,14.91,18.07,23.45,39.66,68.54,100.19,127.87,139.28,138.82,139.4,137.75,137.63,138.18,144.78,152.19,127.06,92.69,76.62,59.78,39.25,28.18,0.001092404,0.00132484,0.001873525,0.002212501,0.002986098,0.00232945,0.00178513,0.001316643,0.001145855,0.001096365,0.001026388,0.000979242,0.001002581,0.000969278,0.00095661,0.000930001,0.000909473,0.000875002,0.000786846,0.000768932,0.000782569,0.000744971,0.000734536,0.000821442,2015-11-30,33.5431091,126.7497649
Nov-15,5011030000000000000,제주특별자치도 제주시 구좌읍 김녕리 1000-128,24.27,19.72,18.81,15.63,19.01,24.81,42.3,73.69,107.91,137.82,150.28,149.81,150.37,148.62,148.47,149.15,156.27,164.24,136.97,99.8,82.43,64.21,41.98,30.01,0.001155944,0.001398384,0.001972936,0.002318852,0.003140647,0.002464742,0.001904043,0.001415531,0.001234093,0.001181718,0.001107384,0.001056757,0.001081437,0.001045721,0.001031957,0.001003868,0.000981686,0.000944273,0.000848218,0.000827834,0.000841818,0.000800139,0.0007855,0.00087482,2015-11-30,33.5446382,126.7548378
Nov-15,5011030000000000000,제주특별자치도 제주시 구좌읍 김녕리 9999-9488,3.29,2.42,2.17,1.76,2.16,3.31,6.72,13.29,20.19,26.14,28.89,28.93,28.92,28.66,28.59,28.86,30.3,32.01,26.18,18.72,15.21,11.51,7,4.58,0.000156484,0.000171438,0.000227099,0.000260833,0.00035729,0.000329222,0.000302316,0.000255324,0.000230889,0.000224104,0.000212855,0.000204067,0.000207965,0.000201643,0.000198725,0.000194261,0.000190344,0.000184055,0.000162135,0.00015531,0.000155303,0.000143478,0.000130926,0.000133566,2015-11-30,33.5389636,126.7494481
Nov-15,5011030000000000000,제주특별자치도 제주시 구좌읍 김녕리 2999-9872,3.98,3.19,3.03,2.52,3.07,4.06,7.07,12.47,18.34,23.45,25.58,25.53,25.6,25.31,25.29,25.41,26.63,28.02,23.32,16.95,13.96,10.83,7.02,4.95,0.000189747,0.000225976,0.000318016,0.000373565,0.000506991,0.000403125,0.000318251,0.000239482,0.000209757,0.000201051,0.000188522,0.000180055,0.000184145,0.000178074,0.000175751,0.000171003,0.000167316,0.000161107,0.000144435,0.000140633,0.000142611,0.000134897,0.000131425,0.000144401,2015-11-30,33.5455268,126.7405954
Nov-15,5011030000000000000,제주특별자치도 제주시 구좌읍 김녕리 4999-9616,6.79,4.55,3.69,2.84,3.63,6.81,15.78,34.56,53.52,69.89,77.84,78.02,77.86,77.32,77.03,78.02,81.97,86.81,70.28,49.72,40,29.97,17.24,10.45,0.000323463,0.000322404,0.000386771,0.000420805,0.000599632,0.000676389,0.000710355,0.000663992,0.000612037,0.000599227,0.00057358,0.000550359,0.000559962,0.000544076,0.00053539,0.000525123,0.00051495,0.000499107,0.000435202,0.00041242,0.00040848,0.000373439,0.000322596,0.000304583,2015-11-30,33.5418004,126.7341192
Nov-15,5011030000000000000,제주특별자치도 제주시 우도면 연평리 999-9616,8.4,4.56,5.3,2.76,5.06,8.17,22.85,65.96,93.22,113.78,126.8,127.47,126.29,127.11,134.18,138.32,139.95,127.03,107.2,86.24,71.88,51.99,28.62,14.97,0.000400006,0.000323255,0.000556196,0.000409427,0.00083542,0.00081168,0.001028771,0.001267202,0.001066118,0.000975548,0.000934396,0.00089919,0.000908248,0.000894357,0.00093266,0.000930968,0.000879194,0.000730363,0.000663823,0.000715361,0.000734074,0.000647901,0.000535637,0.000436321,2015-11-30,33.5149227,126.9512178
Nov-15,5011030000000000000,제주특별자치도 제주시 우도면 연평리 2000-0,3.48,1.93,2.41,1.26,2.23,2.95,8.17,21.75,31.18,37.81,42.31,42.16,42.16,42.27,44.68,45.54,46.26,42.06,35.74,28.44,24.06,17.34,10.12,5.43,0.000165518,0.000136995,0.000252756,0.000186387,0.000369242,0.000292634,0.000367796,0.00041776,0.000356563,0.000324201,0.00031175,0.000297361,0.000303235,0.000297436,0.000310568,0.000306511,0.000290585,0.000241818,0.000221347,0.000235893,0.000245701,0.000216038,0.000189337,0.000158413,2015-11-30,33.5031839,126.9480391
Nov-15,5011030000000000000,제주특별자치도 제주시 우도면 연평리 10-256,3.96,2.13,2.98,1.48,2.8,3.29,9.27,23.84,34.14,40.9,45.95,45.43,45.64,45.67,48.51,49.26,50.08,45.19,38.61,30.52,26.01,18.45,10.9,5.76,0.000188397,0.000151226,0.000312703,0.000219133,0.000462433,0.000326341,0.000417447,0.000457897,0.000390401,0.00035067,0.000338618,0.000320479,0.000328237,0.000321336,0.000337156,0.000331569,0.00031458,0.000259833,0.00023908,0.000253153,0.00026563,0.000229911,0.00020399,0.000167995,2015-11-30,33.5149204,126.9676201
Nov-15,5011030000000000000,제주특별자치도 제주시 우도면 연평리 3000-384,2.48,1.35,1.64,0.84,1.52,2.15,6.07,16.08,23.43,28.33,31.56,31.53,31.34,31.47,33.12,33.73,34.32,31.44,26.43,20.79,17.58,12.67,7.39,3.95,0.000117887,9.54588E-05,0.000171766,0.000124851,0.000251981,0.000213333,0.000273267,0.000308889,0.000267929,0.000242879,0.000232582,0.000222383,0.000225432,0.000221464,0.000230198,0.000227051,0.00021561,0.000180753,0.000163663,0.000172445,0.000179582,0.000157854,0.000138355,0.000115025,2015-11-30,33.5054213,126.9554832
Nov-15,5011030000000000000,제주특별자치도 제주시 우도면 연평리 20-0,3.31,1.87,2.41,1.26,2.12,2.07,5.81,13.06,19.83,23.85,27.01,26.43,27.05,26.88,28.37,28.11,28.83,26.6,23.01,17.82,15.63,11.32,7.58,4.35,0.000157738,0.000132456,0.000252721,0.000187425,0.000351121,0.00020542,0.000261443,0.000250823,0.000226745,0.00020445,0.000199045,0.000186432,0.000194525,0.000189168,0.000197173,0.00018922,0.000181124,0.000152916,0.000142505,0.0001478,0.000159592,0.000141048,0.000141823,0.000126861,2015-11-30,33.5133848,126.9635337
Nov-15,5013030000000000000,제주특별자치도 서귀포시 성산읍 성산리 10-256,111.74,67.25,44.33,31.02,30.14,50.75,151.11,376.76,634.57,830.46,925.72,945.01,950.51,953.82,968.7,957.78,982.08,974.47,820.4,641.94,549.54,436.94,297.15,184.66,0.005322304,0.004769561,0.004648842,0.004602634,0.004980246,0.005040736,0.006802073,0.007237695,0.007257393,0.007120481,0.006821673,0.006665975,0.006836069,0.006711417,0.006733042,0.006446279,0.006169392,0.005602671,0.005080389,0.005325082,0.005612429,0.005444678,0.005560676,0.005383377,2015-11-30,33.4668202,126.9323267
Nov-15,5013030000000000000,제주특별자치도 서귀포시 성산읍 오조리 9999-9744,12.49,8.29,6.52,5.27,5.55,8.39,20.68,45.91,74.08,93.75,102.76,104.12,103.43,103.53,105.07,103.84,106.82,106,87.8,67.36,57.04,44.51,30.23,18.91,0.000594913,0.000588095,0.00068329,0.000781607,0.000917762,0.000833832,0.00093109,0.000881868,0.000847192,0.00080384,0.000757234,0.000734423,0.000743903,0.000728452,0.000730334,0.000698873,0.00067107,0.000609428,0.000543718,0.000558757,0.000582598,0.000554619,0.000565728,0.000551278,2015-11-30,33.4605544,126.903981
Nov-15,5013030000000000000,제주특별자치도 서귀포시 성산읍 오조리 1999-9488,5.22,3.63,2.93,2.49,2.56,3.93,9.46,21.21,34.54,44.43,48.98,50.16,49.58,49.75,49.6,49.92,51.93,52.66,43.77,32.93,26.57,20.17,13.08,8.16,0.000248603,0.00025763,0.000306796,0.000369707,0.000423658,0.000390841,0.00042603,0.000407438,0.000395078,0.000380965,0.000360914,0.000353851,0.000356545,0.000350025,0.000344735,0.000335955,0.000326244,0.000302794,0.000271019,0.000273131,0.000271384,0.000251285,0.000244754,0.000237979,2015-11-30,33.4579227,126.8916572
Nov-15,5013030000000000000,제주특별자치도 서귀포시 성산읍 오조리 1000-128,7.92,5.6,4.63,3.93,4.17,5.91,13.98,29.96,47.66,60.2,65.9,66.76,66.15,66.07,66.75,66.16,68.33,68.4,56.96,43.49,36.17,27.87,18.8,11.78,0.00037735,0.000396941,0.000485797,0.000583646,0.000688913,0.000587487,0.000629404,0.000575464,0.000545071,0.000516164,0.000485633,0.000470941,0.000475765,0.000464896,0.000463973,0.000445291,0.000429224,0.000393241,0.000352726,0.000360795,0.000369371,0.000347279,0.000351901,0.000343277,2015-11-30,33.4566129,126.9114474
Nov-15,5013030000000000000,제주특별자치도 서귀포시 성산읍 시흥리 10-256,2.78,1.98,1.81,1.49,1.8,2.89,6.22,13.21,20.65,24.45,25.94,26.24,25.3,25.32,25.75,25.83,26.73,26.23,20.45,14.73,12.33,9.16,5.92,3.56,0.000132383,0.000140233,0.000189978,0.000220518,0.000296649,0.000287038,0.000280049,0.000253832,0.000236214,0.00020964,0.000191153,0.000185094,0.000181958,0.000178142,0.000179002,0.000173818,0.000167936,0.000150789,0.00012665,0.00012217,0.000125944,0.000114204,0.000110834,0.000103665,2015-11-30,33.4775018,126.9090288
Nov-15,5013030000000000000,제주특별자치도 서귀포시 성산읍 시흥리 3000-384,1.32,0.91,0.82,0.67,0.81,1.36,3,6.55,10.42,12.48,13.31,13.51,13.03,13.07,13.22,13.34,13.83,13.61,10.59,7.6,6.31,4.69,2.97,1.78,6.27461E-05,0.000064703,8.59531E-05,0.000099426,0.000133233,0.000135324,0.000135253,0.000125892,0.000119224,0.000106991,9.80722E-05,0.000095298,9.37193E-05,9.19979E-05,9.19058E-05,8.98088E-05,8.68755E-05,7.82308E-05,6.55585E-05,6.30138E-05,6.44374E-05,5.84662E-05,5.55479E-05,5.18327E-05,2015-11-30,33.4693635,126.8824129
Nov-15,5013030000000000000,제주특별자치도 서귀포시 성산읍 시흥리 2000-0,3.71,2.41,2.08,1.68,1.93,3.81,9.16,21.12,34.74,43.77,47.51,48.69,46.84,47.45,47.13,47.64,49.32,48.49,37.31,26.77,21.38,15.66,9.56,5.63,0.000176743,0.000171036,0.000217976,0.000249258,0.000319121,0.000377961,0.000412421,0.000405638,0.000397286,0.0003753,0.000350111,0.00034343,0.000336867,0.000333861,0.000327599,0.000320663,0.00030981,0.0002788,0.00023105,0.000222037,0.000218368,0.00019517,0.00017892,0.000164059,2015-11-30,33.4652916,126.8774988
Nov-15,5013030000000000000,제주특별자치도 서귀포시 성산읍 시흥리 999-9616,7.06,5.21,4.97,4.24,5,7.13,14.04,28.22,43.43,50.9,53.87,54.14,52.65,52.31,53.36,53.63,55.62,54.66,43.01,31.14,26.22,19.69,13.22,8.32,0.00033626,0.000369377,0.000520857,0.000629451,0.000825451,0.000708474,0.000631835,0.000542051,0.000496675,0.000436385,0.000396968,0.000381893,0.00037866,0.000368041,0.000370897,0.00036096,0.000349428,0.000314266,0.000266337,0.000258277,0.000267806,0.000245366,0.000247374,0.00024242,2015-11-30,33.477192,126.8980247
Nov-15,5013030000000000000,제주특별자치도 서귀포시 성산읍 고성리 1999-9488,9.36,6.24,4.81,3.85,4.24,7.07,16.77,39.71,64.52,79.73,87.71,90.74,90.06,89.62,89.62,92.7,98.03,103.11,88.58,66.14,53.26,39.94,24.55,15,0.000445637,0.000442212,0.000504009,0.000571625,0.000700369,0.000702646,0.000754724,0.000762854,0.000737948,0.000683588,0.000646342,0.000640105,0.000647719,0.000630619,0.000622887,0.000623905,0.000615795,0.000592806,0.00054852,0.000548686,0.000543908,0.000497702,0.000459379,0.000437138,2015-11-30,33.4322621,126.8997223
Nov-15,5013030000000000000,제주특별자치도 서귀포시 성산읍 고성리 1000-128,39.84,27.64,21.61,18.28,19.17,28.3,67.42,156.61,253.95,317.25,349.76,360.15,358.47,356.47,357.3,366.25,384.68,400.57,343.61,258.74,210.2,158.89,100.3,62.07,0.001897434,0.00196057,0.002265855,0.0027125,0.00316791,0.002811015,0.003035086,0.003008539,0.002904337,0.002720138,0.002577384,0.002540432,0.002578103,0.002508275,0.00248343,0.002465018,0.00241656,0.002303039,0.002127802,0.002146311,0.00214675,0.001979865,0.001877027,0.001809576,2015-11-30,33.4456503,126.9143081
Nov-15,5013030000000000000,제주특별자치도 서귀포시 성산읍 고성리 2999-9872,5.92,4.1,3.16,2.66,2.76,4.21,10.17,23.75,38.35,47.44,52.11,53.62,53.52,53.12,53.23,54.71,57.71,60.41,52.08,39.33,32,24.18,15.21,9.37,0.000281865,0.000290513,0.000331683,0.000394192,0.000456209,0.000417727,0.00045763,0.000456181,0.000438553,0.000406793,0.000383979,0.000378199,0.000384927,0.000373754,0.000369952,0.000368245,0.000362556,0.000347309,0.000322529,0.000326218,0.000326864,0.000301361,0.000284707,0.000273011,2015-11-30,33.4384409,126.9082434
Nov-15,5013030000000000000,제주특별자치도 서귀포시 성산읍 고성리 9999-9744,41.7,27.38,21.23,18,19.21,27.63,64.58,149.21,256.36,346.92,397.33,415.68,403.57,408.05,413.31,418.37,425.62,425.88,347.93,251.02,201.47,153.64,98.6,61.9,0.00198625,0.001941942,0.002226356,0.00267184,0.003174299,0.002744562,0.002907245,0.002866287,0.002931869,0.002974518,0.002927933,0.002932179,0.002902516,0.002871147,0.002872751,0.002815822,0.002673758,0.002448582,0.002154603,0.002082283,0.002057607,0.001914507,0.001845084,0.001804552,2015-11-30,33.4384409,126.9082434
Nov-15,5013030000000000000,제주특별자치도 서귀포시 성산읍 수산리 5000-128,1.5,0.82,0.73,0.5,0.46,1.29,3.88,9.96,17.88,25.64,28.96,30.17,29.16,30.04,28.63,29.15,30.17,29.59,22.2,15.99,11.49,8.27,4.76,2.74,7.13356E-05,5.81547E-05,0.000076061,7.39512E-05,7.61726E-05,0.00012794,0.0001747,0.000191335,0.000204489,0.000219866,0.000213376,0.000212842,0.000209736,0.000211341,0.000199008,0.000196215,0.00018955,0.00017012,0.000137501,0.000132636,0.000117385,0.000103101,8.90389E-05,7.98674E-05,2015-11-30,33.4404188,126.8545014
Nov-15,5013030000000000000,제주특별자치도 서귀포시 성산읍 수산리 10-256,1.87,1.17,0.9,0.7,0.68,1.51,4.12,10.33,17.76,23.7,26.43,27.48,26.88,27.29,26.51,27.25,28.5,28.93,23.22,17,12.95,9.5,5.65,3.37,8.90861E-05,8.29532E-05,0.000094447,0.000104521,0.000112854,0.000149529,0.000185339,0.000198519,0.000203097,0.000203241,0.000194757,0.000193836,0.000193295,0.000192041,0.000184289,0.0001834,0.000179013,0.00016632,0.000143789,0.000141061,0.000132235,0.000118345,0.00010575,9.81167E-05,2015-11-30,33.4404188,126.8545014
Nov-15,5013030000000000000,제주특별자치도 서귀포시 성산읍 수산리 999-9616,4.52,2.6,2.11,1.49,1.44,3.55,10.82,27.65,48.49,67.26,75.52,78.74,76.47,78.23,75.29,76.99,80.04,79.86,61.83,44.91,33.28,24.2,14.04,8.07,0.000215166,0.00018418,0.000220807,0.000220518,0.000237165,0.000352399,0.000487129,0.000531203,0.000554606,0.000576706,0.000556474,0.000555397,0.00054997,0.000550486,0.000523303,0.000518177,0.000502813,0.000459147,0.000382859,0.000372541,0.000339862,0.000301614,0.0002628,0.000235385,2015-11-30,33.4385351,126.8795365
Nov-15,5013030000000000000,제주특별자치도 서귀포시 성산읍 수산리 3999-9744,2.29,1.08,1.06,0.67,0.6,2.21,6.9,18.32,33.86,50.52,57.38,59.92,57.5,59.78,56.35,57.11,58.71,56.47,40.68,28.97,19.88,14.03,7.93,4.48,0.000109218,7.62867E-05,0.000111645,9.91787E-05,9.84791E-05,0.000219227,0.000310658,0.000351952,0.000387237,0.000433158,0.000422861,0.000422697,0.000413515,0.000420602,0.000391661,0.000384376,0.000368842,0.000324692,0.000251936,0.000240284,0.000203031,0.000174776,0.000148342,0.000130573,2015-11-30,33.4274294,126.840379
Nov-15,5013030000000000000,제주특별자치도 서귀포시 성산읍 수산리 3000-384,2.87,1.68,1.59,1.18,1.07,2.66,7.87,19.45,34.96,51.13,57.9,60.31,58.06,60.07,56.93,57.74,59.5,57.8,42.62,30.67,21.63,15.55,9.04,5.17,0.000136765,0.000118815,0.000166663,0.000174762,0.000176304,0.000264424,0.000354052,0.000373602,0.000399844,0.000438377,0.000426675,0.00042542,0.000417581,0.000422645,0.000395697,0.000388607,0.00037375,0.000332337,0.000263947,0.000254452,0.000220914,0.000193729,0.000169183,0.000150775,2015-11-30,33.4507399,126.8511503
Nov-15,5013030000000000000,제주특별자치도 서귀포시 성산읍 수산리 2000-0,2.68,1.56,1.37,1.03,0.98,2.3,7.01,17.33,30.38,43.19,48.67,50.67,48.98,50.32,48.05,48.89,50.47,49.62,37.45,27.03,19.61,14.11,8.21,4.69,0.000127826,0.000110636,0.000143698,0.000153294,0.000162259,0.00022873,0.00031567,0.000332921,0.000347421,0.00037033,0.000358632,0.000357428,0.000352256,0.000354081,0.000333964,0.000329065,0.00031707,0.000285314,0.000231923,0.000224199,0.000200226,0.000175814,0.000153588,0.000136841,2015-11-30,33.4394223,126.8711251
Nov-15,5013030000000000000,제주특별자치도 서귀포시 성산읍 온평리 1999-9488,10.84,7.81,6.35,5.7,5.98,9.02,20.35,44.47,70.14,86.15,94.67,97.32,96.56,95.44,95.19,98.06,103.41,108.54,93.33,69.88,56.19,41.89,26.25,16.46,0.00051621,0.000553794,0.000665603,0.000846308,0.000987435,0.000896047,0.00091622,0.00085427,0.000802131,0.000738674,0.00069765,0.000686463,0.000694484,0.000671549,0.00066163,0.000659983,0.000649627,0.000624023,0.000577938,0.000579691,0.000573842,0.00052198,0.000491155,0.000479826,2015-11-30,33.4135767,126.8906932
Nov-15,5013030000000000000,제주특별자치도 서귀포시 성산읍 온평리 2999-9872,4.17,3.14,2.64,2.54,2.54,3.65,8.26,16.8,25.98,32.13,35.47,36.27,35.89,35.35,35.2,35.96,37.71,39.17,33.36,24.93,20.02,14.97,9.56,6.08,0.000198415,0.000222855,0.000277259,0.000376632,0.000419197,0.000362399,0.000371728,0.000322733,0.000297111,0.000275475,0.000261395,0.000255859,0.000258141,0.000248728,0.000244667,0.000242,0.000236902,0.000225185,0.000206588,0.000206796,0.000204516,0.000186576,0.000178864,0.000177178,2015-11-30,33.4111905,126.8935582
Nov-15,5013030000000000000,제주특별자치도 서귀포시 성산읍 온평리 1000-128,6.05,4.14,3.12,2.69,2.71,4.69,12.69,29.33,46.69,58.08,64.05,66.43,65.61,65.15,64.77,66.85,70.06,73.25,61.89,45.59,36.56,27.11,16.41,9.88,0.000288121,0.000293374,0.000326929,0.000399584,0.000447452,0.000466367,0.000571171,0.000563528,0.000534016,0.000497944,0.00047202,0.000468559,0.00047185,0.000458404,0.00045022,0.000449923,0.000440117,0.00042117,0.000383249,0.000378224,0.000373388,0.000337805,0.000307095,0.000288043,2015-11-30,33.4033553,126.9025844
Nov-15,5013030000000000000,제주특별자치도 서귀포시 성산읍 온평리 9999-9744,2.72,1.94,1.54,1.39,1.37,2.06,4.86,10.78,17.74,23.09,26.07,27.06,26.54,26.5,26.68,27.44,28.29,29.03,24.26,17.75,14.17,10.66,6.81,4.17,0.000129604,0.000137562,0.000161175,0.000206519,0.000227031,0.000204592,0.000218559,0.000207042,0.000202842,0.000197979,0.000192114,0.000190883,0.000190872,0.000186468,0.000185429,0.000184686,0.000177717,0.000166885,0.000150211,0.000147211,0.000144705,0.000132832,0.000127427,0.000121555,2015-11-30,33.4111905,126.8935582
Nov-15,5013030000000000000,제주특별자치도 서귀포시 성산읍 신산리 999-9616,21.22,15.92,14.96,14.56,15.63,21.03,48.96,93.14,135.16,172.61,193.81,199.75,193.56,190.48,186.6,187.55,190.32,191.53,151.75,109.39,86.72,62.62,39.56,26.75,0.001010955,0.001128934,0.001569282,0.002160711,0.002582929,0.0020889,0.002204063,0.001789325,0.001545744,0.001480017,0.001428161,0.001409017,0.001392082,0.001340253,0.001296996,0.001262288,0.001195573,0.001101181,0.000939689,0.000907402,0.000885636,0.000780273,0.00074025,0.000779793,2015-11-30,33.383712,126.8750621
Nov-15,5013030000000000000,제주특별자치도 서귀포시 성산읍 신산리 2000-0,7.07,5.24,4.91,4.82,5.25,7.09,16.27,30.35,43.72,55.6,62.38,64.17,62.28,61.14,59.97,60.25,61.13,61.49,48.85,35.29,27.97,20.34,12.94,8.88,0.000336863,0.000371859,0.000515159,0.000715026,0.000867861,0.000704467,0.000732172,0.00058302,0.000499995,0.00047674,0.000459689,0.000452683,0.000447915,0.000430172,0.000416843,0.000405484,0.000384025,0.000353554,0.00030249,0.000292738,0.000285699,0.000253487,0.00024224,0.000258988,2015-11-30,33.3858087,126.8675588
Nov-15,5013030000000000000,제주특별자치도 서귀포시 성산읍 신산리 10-256,6.15,4.49,4.18,4.02,4.38,6.03,14.71,28.76,42.15,54.16,60.85,62.82,60.83,59.96,58.7,59.06,59.86,60.27,47.63,34.29,27.11,19.43,12.07,7.97,0.000293011,0.000318574,0.000438189,0.000596952,0.000722896,0.000598943,0.00066219,0.000552476,0.000482081,0.000464368,0.00044839,0.000443135,0.000437484,0.000421878,0.000407967,0.000397477,0.000376026,0.000346525,0.000294953,0.000284437,0.000276916,0.000242139,0.000225791,0.000232479,2015-11-30,33.3915967,126.8935488
Nov-15,5013030000000000000,제주특별자치도 서귀포시 성산읍 삼달리 1000-128,4.15,2.66,2.29,1.96,2.25,4.12,12.47,27.21,41.16,53.9,60.58,63.16,60.93,60.4,58.97,59.6,60.19,60.66,47.31,33.77,26.52,18.6,10.86,6.44,0.000197447,0.000188412,0.000239753,0.00029071,0.000371775,0.000408953,0.000561523,0.000522777,0.000470759,0.000462133,0.000446388,0.000445495,0.000438198,0.000425021,0.000409878,0.000401166,0.000378114,0.000348744,0.00029297,0.000280135,0.000270897,0.000231792,0.000203198,0.000187876,2015-11-30,33.3805588,126.8428677
Nov-15,5013030000000000000,제주특별자치도 서귀포시 성산읍 삼달리 1999-9488,4.63,3,2.42,2.07,2.2,3.85,12.26,30.06,49.48,71.35,84.6,93.1,93.95,91.93,85.62,81.59,79.55,76.72,57.3,38.97,30.55,22.07,12.89,7.79,0.000220453,0.000213045,0.000254154,0.000307479,0.000364009,0.000382629,0.00055189,0.000577411,0.000565943,0.000611731,0.000623456,0.000656734,0.000675665,0.000646842,0.00059514,0.000549117,0.000499704,0.000441113,0.000354852,0.000323289,0.000312021,0.000274952,0.000241173,0.000227057,2015-11-30,33.4019044,126.8143658
Nov-15,5013030000000000000,제주특별자치도 서귀포시 성산읍 삼달리 9999-9744,2.07,1.46,1.32,1.28,1.39,2.11,5.27,10.4,15.31,19.68,22.09,22.83,22.12,21.8,21.36,21.5,21.79,21.91,17.27,12.41,9.81,7.05,4.34,2.83,0.00009866,0.000103827,0.000138629,0.000190146,0.000229895,0.000209426,0.00023727,0.000199877,0.000175043,0.000168724,0.00016277,0.000161073,0.000159112,0.000153418,0.000148488,0.000144696,0.000136882,0.000125966,0.000106927,0.000102947,0.000100214,8.78447E-05,8.12291E-05,8.25494E-05,2015-11-30,33.3854117,126.8354134
Nov-15,5013030000000000000,제주특별자치도 서귀포시 성산읍 신풍리 2000-0,1.7,1.07,0.83,0.68,0.68,1.31,4.29,11.55,19.77,29.46,35.61,39.86,40.87,39.68,36.54,34.09,32.79,31.28,22.97,15.28,12.02,8.76,5.13,3.14,8.11317E-05,7.62158E-05,8.65473E-05,0.000100514,0.000111698,0.000129894,0.000192931,0.000221821,0.000226074,0.000252562,0.000262395,0.000281149,0.00029395,0.000279219,0.000253946,0.000229448,0.000205961,0.000179852,0.000142226,0.000126741,0.000122713,0.000109165,9.59192E-05,9.15963E-05,2015-11-30,33.3697855,126.8320995
Nov-15,5013030000000000000,제주특별자치도 서귀포시 성산읍 신풍리 999-9616,0.62,0.36,0.28,0.16,0.2,0.79,2.66,6.45,9.35,11.28,12.53,12.61,12.77,12.08,12.04,12.04,12.31,13.39,10.79,7.33,5.89,4.18,2.33,1.35,2.92932E-05,2.55077E-05,2.89074E-05,0.000023051,0.000033267,7.80424E-05,0.000119738,0.000123842,0.000106987,9.67302E-05,9.23146E-05,8.89448E-05,0.000091835,8.49663E-05,8.36508E-05,8.10166E-05,7.73499E-05,7.70004E-05,6.68362E-05,6.08238E-05,6.01445E-05,5.20863E-05,4.35775E-05,3.92389E-05,2015-11-30,33.3642091,126.8312835
Nov-15,5013030000000000000,제주특별자치도 서귀포시 성산읍 신풍리 10-256,0.7,0.37,0.26,0.23,0.27,0.72,2.67,6.25,9.39,12.01,13.44,13.87,13.55,13.27,13.06,13.17,13.35,13.78,10.85,7.6,5.99,4.18,2.32,1.31,3.35641E-05,2.59569E-05,2.77189E-05,0.000033884,4.40072E-05,7.13871E-05,0.000120398,0.000120122,0.00010741,0.000103001,9.90032E-05,9.78468E-05,9.74352E-05,9.33606E-05,9.07705E-05,8.86175E-05,8.38664E-05,7.92407E-05,6.71892E-05,6.30608E-05,6.11658E-05,5.21361E-05,4.33467E-05,0.00003817,2015-11-30,33.3697855,126.8320995
Nov-15,5013030000000000000,제주특별자치도 서귀포시 성산읍 신천리 1000-128,4.25,2.85,2.72,2.01,2.43,4.31,11.8,25.99,37.88,45.96,51.08,51.16,51.41,49.23,48.94,48.9,50.56,54.18,44.53,31,24.96,17.83,10.7,6.6,0.000202464,0.000202052,0.000285683,0.000298476,0.000400911,0.000427793,0.000531048,0.000499205,0.00043322,0.000394023,0.000376377,0.000360872,0.000369747,0.000346425,0.00034014,0.000329139,0.000317642,0.000311478,0.000275734,0.000257148,0.000254903,0.00022216,0.000200147,0.000192395,2015-11-30,33.3534237,126.8441786
Nov-15,5013030000000000000,제주특별자치도 서귀포시 성산읍 신천리 9999-9744,3.2,2.04,1.78,1.22,1.37,2.36,6.62,14.96,22.25,27.45,30.63,31.34,31.5,30.54,30.27,30.42,31.86,34.26,28.71,20.77,16.78,12.39,7.75,4.8,0.000152594,0.000144465,0.000186203,0.000180599,0.000225984,0.000234789,0.000297844,0.000287367,0.00025449,0.000235334,0.000225704,0.000221085,0.000226556,0.000214916,0.000210421,0.00020472,0.000200129,0.000196949,0.000177813,0.000172307,0.000171371,0.000154348,0.000145042,0.000139824,2015-11-30,33.3506155,126.8524692
Nov-15,5013030000000000000,제주특별자치도 서귀포시 성산읍 난산리 2000-0,4.08,3.19,3,2.89,2.97,4.2,9.75,18.39,27.08,34.9,39.15,40.37,39.17,38.64,37.8,38.15,38.85,39.1,30.96,22.58,17.88,13.09,8.18,5.46,0.000194097,0.000226212,0.00031459,0.000429313,0.000491239,0.000417164,0.000439054,0.000353226,0.000309692,0.000299196,0.000288466,0.000284784,0.000281736,0.000271877,0.000262703,0.000256746,0.000244071,0.000224784,0.000191701,0.000187302,0.000182582,0.000163162,0.000153133,0.000159171,2015-11-30,33.396621,126.8542799
Nov-15,5013030000000000000,제주특별자치도 서귀포시 성산읍 난산리 999-9616,3.42,2.62,2.44,2.41,2.51,3.36,8.37,16,23.01,29.58,33.23,34.26,33.21,32.71,32,32.21,32.62,32.93,26.15,19.19,15.4,11.05,6.8,4.45,0.000162914,0.000185551,0.000255482,0.000358033,0.000414075,0.000333493,0.000376619,0.000307346,0.00026314,0.000253628,0.000244842,0.000241683,0.000238862,0.000230131,0.000222404,0.000216783,0.000204903,0.000189327,0.000161962,0.000159148,0.000157274,0.000137671,0.000127296,0.000129679,2015-11-30,33.4009983,126.8669535
Nov-15,5013030000000000000,제주특별자치도 서귀포시 성산읍 난산리 10-256,1.47,0.99,0.91,0.93,0.98,1.53,3.82,7.5,10.88,13.89,15.54,16.04,15.54,15.35,15.03,15.13,15.35,15.42,12.23,8.85,6.96,4.95,3.12,1.99,7.00178E-05,7.04239E-05,9.53558E-05,0.000138454,0.000162645,0.000152476,0.000171894,0.00014402,0.000124436,0.000119126,0.000114481,0.00011314,0.000111752,0.00010798,0.000104489,0.000101829,9.64053E-05,8.86296E-05,7.57184E-05,7.34078E-05,7.11133E-05,6.16894E-05,5.84049E-05,5.79352E-05,2015-11-30,33.3957701,126.882407
Nov-15,5013030000000000000,제주특별자치도 서귀포시 성산읍 난산리 3000-384,2.93,1.62,1.43,1.1,1.1,2.62,8.78,21.53,36.93,53.12,60.93,64.5,62.77,63.66,60.19,60.07,60.8,59.03,43.6,30.65,22.43,15.92,8.97,5.23,0.00013975,0.000115198,0.000149605,0.000162989,0.000181426,0.000260318,0.00039512,0.000413668,0.000422325,0.000455497,0.000449011,0.000454981,0.000451477,0.000447967,0.000418377,0.000404325,0.000381929,0.000339418,0.000269995,0.00025427,0.000229129,0.000198389,0.000167866,0.000152476,2015-11-30,33.4134721,126.8199291
Nov-15,5013030000000000000,제주특별자치도 서귀포시 표선면 표선리 10-256,58.15,39.82,33.19,22.29,20.19,27.76,61.27,141.59,217.93,266.16,297.78,312.88,323.76,317.55,315.24,319.1,351.8,393.67,357.14,274.98,227.42,181.2,125.43,82.45,0.00276956,0.002823884,0.003480278,0.003308166,0.003336338,0.00275764,0.002758218,0.002720077,0.00249239,0.002282121,0.002194385,0.002207023,0.002328472,0.002234371,0.002191126,0.002147651,0.002209971,0.002263395,0.002211583,0.00228101,0.002322693,0.002257866,0.002347292,0.00240364,2015-11-30,33.3170413,126.8417557
Nov-15,5013030000000000000,제주특별자치도 서귀포시 표선면 표선리 3000-384,33.17,22.4,18.41,12.42,11.08,16.52,40.4,95.52,146.2,181.07,201.47,211.67,216.95,210.51,208.57,211.44,229.62,255.25,226.07,171.37,139.87,110.05,74.51,48.25,0.001580052,0.001588356,0.001930781,0.001842646,0.001830896,0.001641009,0.001818486,0.001834898,0.001671994,0.001552476,0.001484677,0.001493073,0.001560296,0.001481224,0.001449675,0.001423065,0.001442467,0.001467555,0.001399921,0.001421538,0.001428485,0.001371269,0.001394412,0.001406673,2015-11-30,33.324883,126.8245979
Nov-15,5013030000000000000,제주특별자치도 서귀포시 표선면 표선리 2000-0,39.59,25.94,21.8,14.88,13.6,22.05,58.76,138.41,211.95,266.65,295.25,306.84,308.17,297.05,295.4,299.45,319.69,351.89,302.31,223.02,179.01,138.15,91.64,58.06,0.001885669,0.001839722,0.002286128,0.002208742,0.002246844,0.002190385,0.002645157,0.002658803,0.002424051,0.002286291,0.002175707,0.002164446,0.002216396,0.002090131,0.002053219,0.002015413,0.002008297,0.002023145,0.001872084,0.001849987,0.001828253,0.001721439,0.001714993,0.001692443,2015-11-30,33.3339408,126.8211746
Nov-15,5013030000000000000,제주특별자치도 서귀포시 표선면 표선리 999-9616,96.43,64.95,50.92,32.73,27.6,41.68,98.72,244.05,378.51,466.05,520.52,552.65,569.86,558.42,555.21,565.53,622.25,699.56,630.68,485.48,400.08,320.42,218.6,142.81,0.004593214,0.004605995,0.005339402,0.004857184,0.004560222,0.004140219,0.004443672,0.004688334,0.004328963,0.003995928,0.00383577,0.003898358,0.004098414,0.003929235,0.00385907,0.003806249,0.003908939,0.004022084,0.003905542,0.004027185,0.004086052,0.003992696,0.004090742,0.00416323,2015-11-30,33.3227357,126.8292127
Nov-15,5013030000000000000,제주특별자치도 서귀포시 표선면 표선리 20-0,0.5,0.32,0.31,0.23,0.24,0.35,0.89,1.93,2.91,3.7,4.09,4.16,4.12,3.94,3.93,3.94,4.15,4.48,3.77,2.71,2.14,1.61,1.07,0.67,2.38791E-05,2.27891E-05,3.28572E-05,3.37851E-05,3.99314E-05,3.47333E-05,4.01677E-05,3.71079E-05,0.0000333,3.16928E-05,3.01124E-05,2.93653E-05,2.96647E-05,0.000027742,2.72905E-05,2.65022E-05,2.60618E-05,2.57824E-05,2.33294E-05,2.24692E-05,2.18729E-05,2.01118E-05,2.00546E-05,0.000019532,2015-11-30,33.3186088,126.8413053
Nov-15,5013030000000000000,제주특별자치도 서귀포시 표선면 하천리 2999-9872,5.28,4.58,4.36,3.93,4.21,5.79,13.09,26.05,36.55,45.21,49.37,51.12,52.41,48.86,46.79,46.27,46.61,49.51,39.89,28.78,22.68,16.45,10.58,7.28,0.000251699,0.000324934,0.000457344,0.000582508,0.000694972,0.000575533,0.000589056,0.000500333,0.00041799,0.000387661,0.000363825,0.000360567,0.000376963,0.000343794,0.000325199,0.000311397,0.000292778,0.000284672,0.000246994,0.000238741,0.00023158,0.000205022,0.000197976,0.000212316,2015-11-30,33.3534541,126.8199344
Nov-15,5013030000000000000,제주특별자치도 서귀포시 표선면 하천리 1000-128,6.32,4.08,3.17,1.88,1.92,4.52,13.41,32.94,48.75,58.54,64.87,66.23,67.64,64.61,64.62,65.31,69.03,76.7,65.14,46.67,38,28.61,17.54,10.95,0.000301092,0.000289166,0.000332138,0.000279283,0.000316532,0.000449083,0.000603566,0.000632768,0.000557556,0.00050196,0.000478043,0.000467151,0.000486495,0.000454593,0.000449119,0.000439549,0.000433651,0.000440984,0.000403366,0.000387158,0.000388061,0.000356563,0.000328322,0.000319178,2015-11-30,33.3513112,126.8333849
Nov-15,5013030000000000000,제주특별자치도 서귀포시 표선면 하천리 1999-9488,13.12,8.69,7.07,5.02,5.94,15.17,49.88,120.13,174.01,212.87,235.2,240.55,245.36,229.38,225.39,225.61,230.38,249.48,200.91,137.92,109.28,77.53,43.38,25.93,0.000624936,0.000616534,0.000741594,0.000744953,0.000981982,0.001507274,0.002245536,0.002307658,0.001990092,0.001825179,0.001733184,0.001696785,0.001764627,0.001613988,0.001566571,0.001518446,0.001447256,0.001434348,0.001244116,0.001144075,0.00111611,0.000966109,0.000811842,0.000756015,2015-11-30,33.3667766,126.8136039
Nov-15,5013030000000000000,제주특별자치도 서귀포시 표선면 하천리 9999-9744,8.28,5.51,4.71,3.14,3.34,6.12,16.51,38.6,56.97,68.38,75.83,76.85,78.51,75.12,74.99,75.43,79.86,88.3,75.39,54.14,44.12,33.16,20.81,13.16,0.000394148,0.00039044,0.000494152,0.000466115,0.000551219,0.000607817,0.000743125,0.000741454,0.000651532,0.00058628,0.000558815,0.000542115,0.000564613,0.000528568,0.000521255,0.000507709,0.000501708,0.000507647,0.000466827,0.000449101,0.000450636,0.000413189,0.000389397,0.000383575,2015-11-30,33.3534541,126.8199344
Nov-15,5013030000000000000,제주특별자치도 서귀포시 표선면 성읍리 2000-0,4.71,3.14,2.67,2.25,2.08,3.37,10.31,27.15,46.99,71.25,86.76,97.63,100.07,97.05,89.27,82.23,78.19,73.77,53.73,35.85,28.12,20.67,12.64,7.85,0.00022412,0.000222548,0.000279671,0.00033424,0.000342859,0.000334884,0.000463962,0.000521541,0.000537439,0.000610917,0.000639334,0.000688702,0.000719728,0.000682852,0.000620475,0.000553456,0.000491185,0.000424152,0.000332701,0.000297416,0.000287159,0.000257595,0.000236476,0.000228952,2015-11-30,33.4046807,126.787181
Nov-15,5013030000000000000,제주특별자치도 서귀포시 표선면 성읍리 10-256,2.8,1.76,1.33,1.09,1.03,1.89,6.56,18.27,32.14,49.1,59.84,67.53,69.32,67.57,61.68,57.3,54.74,51.6,37.42,24.77,19.34,14.18,8.34,5.02,0.000133351,0.000124914,0.000139329,0.000162495,0.000170686,0.000187474,0.000295384,0.000350896,0.000367523,0.000420954,0.000440996,0.000476335,0.000498539,0.000475432,0.00042874,0.000385684,0.000343861,0.000296658,0.000231729,0.000205455,0.000197554,0.00017674,0.000156021,0.000146373,2015-11-30,33.4272443,126.8186083
Nov-15,5013030000000000000,제주특별자치도 서귀포시 표선면 성읍리 3000-384,3.46,1.95,1.63,1.28,1.14,2.17,9.26,27.26,47.53,73.69,90.22,99.94,99.92,98.76,91.91,85.82,82.4,79.19,55.8,35.45,27.58,19.64,11.7,6.59,0.00016482,0.000138578,0.000170927,0.000190542,0.000188201,0.000215121,0.000416997,0.000523756,0.000543634,0.000631834,0.000664804,0.000704996,0.000718594,0.000694921,0.000638816,0.000577577,0.000517612,0.000455283,0.000345575,0.00029404,0.000281679,0.000244706,0.000218898,0.000192016,2015-11-30,33.4204261,126.7664784
Nov-15,5013030000000000000,제주특별자치도 서귀포시 표선면 성읍리 999-9616,8.24,4.97,3.75,3.01,2.85,5.53,20.3,57.48,101.06,154.47,188.75,213.33,219.53,213.86,194.82,180.75,172.87,162.97,118.08,77.82,61.01,44.74,25.97,15.68,0.000392338,0.000352805,0.000393273,0.000447269,0.000471521,0.000549045,0.000913924,0.001104113,0.001155778,0.001324399,0.001390886,0.001504794,0.001578871,0.001504789,0.001354146,0.001216559,0.001085958,0.000937,0.0007312,0.000645514,0.000623076,0.00055756,0.000486021,0.000456961,2015-11-30,33.3837498,126.7990114
Nov-15,5013030000000000000,제주특별자치도 서귀포시 표선면 성읍리 20-0,1.3,0.69,0.46,0.33,0.28,0.76,3.32,9.66,17.32,26.64,32.49,36.68,37.57,36.9,33.55,31.4,30.23,28.41,20.45,13.45,10.4,7.69,4.39,2.58,6.21428E-05,4.89114E-05,4.87615E-05,4.91689E-05,4.66509E-05,7.54597E-05,0.000149267,0.000185572,0.000198096,0.000228426,0.00023945,0.000258767,0.000270214,0.00025962,0.000233161,0.000211329,0.000189881,0.000163342,0.000126621,0.000111583,0.000106205,9.58197E-05,8.21211E-05,7.52613E-05,2015-11-30,33.4248294,126.8197697
Nov-15,5013030000000000000,제주특별자치도 서귀포시 표선면 가시리 2999-9872,4.61,4.46,4.43,4.44,4.41,4.9,8.52,15.25,22.68,29.58,33.14,34.25,33.06,32.75,30.13,29.57,29.7,30.48,20.71,14.75,11.33,8.6,6.45,5.22,0.000219818,0.000316541,0.000465034,0.000658784,0.000728624,0.000486896,0.000383356,0.000292964,0.000259378,0.000253602,0.000244196,0.000241575,0.000237792,0.000230469,0.000209443,0.000199019,0.000186606,0.000175249,0.000128264,0.000122342,0.000115676,0.000107184,0.000120777,0.000152058,2015-11-30,33.3828211,126.7313785
Nov-15,5013030000000000000,제주특별자치도 서귀포시 표선면 가시리 1000-128,3.89,3.4,3.22,2.9,3.04,4.31,11.14,23.25,33.11,43.43,48.11,51.94,53.92,49.34,46.23,44.66,43.7,44.8,34.95,25.18,19.19,13.45,8.59,5.56,0.000185238,0.000240822,0.000337521,0.000429659,0.000502255,0.000427826,0.000501444,0.000446544,0.000378712,0.000372393,0.000354535,0.000366355,0.000387782,0.000347195,0.000321311,0.00030055,0.000274552,0.000257567,0.000216456,0.00020887,0.000195981,0.000167577,0.00016083,0.000162213,2015-11-30,33.3828211,126.7313785
Nov-15,5013030000000000000,제주특별자치도 서귀포시 표선면 가시리 9999-9488,2.35,2.33,3.88,0.5,0.59,2.12,9.84,31.44,52.51,77.55,94.77,106.36,89.55,98.92,95.71,95.93,98.85,99.04,46.4,20.47,13.17,10.15,6.58,3.37,0.00011179,0.000165434,0.00040694,0.000073506,9.78182E-05,0.000210552,0.000442745,0.000603902,0.000600543,0.000664899,0.000698358,0.000750223,0.000644049,0.000696038,0.000665219,0.000645674,0.000620975,0.000569417,0.000287336,0.000169777,0.000134523,0.00012644,0.000123197,9.81458E-05,2015-11-30,33.3828211,126.7313785
Nov-15,5013030000000000000,제주특별자치도 서귀포시 표선면 가시리 1999-9488,2.67,2.15,2.06,1.97,1.93,3.19,10.32,22.46,31.18,39.87,43.4,46.53,48.66,43.77,40.93,40.65,40.41,42.1,33.04,23.81,17.87,12.04,7.03,4.25,0.000127382,0.000152715,0.000216438,0.000292985,0.000319286,0.000317302,0.000464532,0.000431528,0.00035662,0.000341852,0.000319834,0.000328217,0.000349986,0.000307988,0.000284475,0.000273563,0.000253855,0.000242042,0.000204631,0.000197483,0.000182534,0.000150016,0.000131575,0.000123819,2015-11-30,33.3828211,126.7313785
Nov-15,5013030000000000000,제주특별자치도 서귀포시 표선면 가시리 4000-256,1.85,1.71,1.7,1.63,1.64,2.05,4.42,8.79,12.68,16.36,18.05,19.18,18.99,18.34,16.85,16.65,16.53,16.81,11.92,8.31,6.31,4.6,3.14,2.29,8.82446E-05,0.000120967,0.000177744,0.000242283,0.000271368,0.000203996,0.000198768,0.000168763,0.000144987,0.000140252,0.000133043,0.000135263,0.000136545,0.000129033,0.000117111,0.000112091,0.000103854,9.66654E-05,7.38028E-05,0.000068956,6.44816E-05,5.73365E-05,5.87916E-05,6.66614E-05,2015-11-30,33.3828211,126.7313785
Nov-15,5013030000000000000,제주특별자치도 서귀포시 표선면 가시리 9999-9744,6.54,6.12,5.99,5.68,5.88,7.45,15.79,29.27,39.84,50.11,54.03,56.98,58.78,54.03,50.53,49.87,49.34,51.58,40.85,30.35,23.47,16.94,11.45,8.34,0.00031173,0.00043408,0.000627992,0.000842351,0.000970912,0.000740459,0.00071094,0.000562215,0.000455689,0.000429617,0.000398167,0.000401956,0.000422757,0.000380157,0.00035122,0.000335614,0.000309923,0.000296541,0.000252962,0.000251795,0.000239683,0.000211136,0.000214351,0.000243168,2015-11-30,33.3828211,126.7313785
Nov-15,5013030000000000000,제주특별자치도 서귀포시 표선면 세화리 2000-0,7.2,4.82,4.27,3.58,3.54,7.28,25.48,58.71,84.64,109.03,118.7,124.99,126.55,116.14,111.54,112.51,113.62,120.68,95.16,67.04,50.59,35.32,20.81,12.27,0.00034296,0.000342025,0.000447313,0.000531855,0.000585257,0.000722811,0.001147113,0.001127895,0.000967949,0.000934832,0.000874736,0.000881642,0.00091012,0.00081719,0.000775289,0.000757229,0.000713743,0.000693831,0.000589291,0.000556146,0.000516629,0.000440075,0.000389341,0.000357756,2015-11-30,33.3323409,126.7949114
Nov-15,5013030000000000000,제주특별자치도 서귀포시 표선면 세화리 10-256,2.16,1.25,1.09,0.81,0.74,1.81,6.42,15.07,22.81,29.71,32.57,33.4,32.49,30.63,30.46,30.93,31.65,34.06,27.05,18.62,14.12,10.36,6.24,3.69,0.000102994,8.87687E-05,0.000114022,0.000119707,0.000121942,0.000180024,0.000288796,0.000289474,0.000260857,0.000254728,0.000240032,0.00023559,0.000233676,0.000215523,0.000211723,0.000208143,0.000198818,0.000195811,0.000167498,0.000154461,0.000144191,0.000129119,0.000116841,0.000107581,2015-11-30,33.3323978,126.8077407
Nov-15,5013030000000000000,제주특별자치도 서귀포시 표선면 세화리 999-9616,7.53,6.33,5.91,5.25,5.36,7.56,18.4,37.42,52.32,66.02,71.52,75.61,77.84,71.84,68,68,68.66,72.92,58.77,43.34,33.54,24.41,15.79,10.59,0.000358631,0.000448713,0.000619778,0.000778442,0.000885927,0.000751021,0.000828352,0.000718824,0.000598416,0.000566063,0.000527069,0.000533368,0.000559816,0.000505465,0.000472673,0.000457663,0.000431347,0.000419242,0.000363928,0.000359529,0.000342562,0.000304157,0.00029548,0.000308654,2015-11-30,33.3356645,126.797676
Nov-15,5013030000000000000,제주특별자치도 서귀포시 표선면 세화리 20-0,0.29,0.24,0.24,0.22,0.22,0.35,0.9,1.79,2.47,3.11,3.37,3.56,3.67,3.36,3.15,3.13,3.13,3.28,2.6,1.9,1.45,1.02,0.62,0.4,1.37336E-05,1.73282E-05,2.46779E-05,0.000032499,3.60209E-05,3.43029E-05,4.06629E-05,3.43929E-05,2.82907E-05,2.66512E-05,2.48632E-05,2.50813E-05,2.63971E-05,2.36656E-05,2.18898E-05,0.000021091,1.96751E-05,1.88735E-05,1.61233E-05,1.57915E-05,1.47953E-05,1.26727E-05,1.16897E-05,1.16123E-05,2015-11-30,33.3279531,126.8081636
Nov-15,5013030000000000000,제주특별자치도 서귀포시 표선면 토산리 1999-9488,2,1.82,1.8,1.75,1.78,2.2,4.81,9.52,13.2,16.58,17.97,18.9,19.4,17.84,16.69,16.67,16.63,17.44,13.75,10.08,7.64,5.54,3.65,2.66,9.52623E-05,0.000128981,0.000189034,0.000259497,0.000294556,0.000218101,0.000216353,0.000182965,0.000150938,0.000142182,0.000132446,0.000133337,0.000139535,0.00012555,0.000116034,0.000112172,0.00010445,0.000100282,8.51641E-05,8.35999E-05,7.80581E-05,6.90912E-05,6.83106E-05,7.76032E-05,2015-11-30,33.3426253,126.755901
Nov-15,5013030000000000000,제주특별자치도 서귀포시 표선면 토산리 1000-128,4.43,2.62,2.21,1.75,1.68,4.12,15.11,36.34,54.5,70.68,77.25,80.03,78.43,73.11,72.04,73.13,74.07,79.02,61.39,42.08,31.63,22.61,13.24,7.63,0.000210942,0.000185457,0.000231259,0.000260338,0.000277702,0.000409416,0.00068003,0.000698083,0.00062331,0.000606052,0.000569276,0.00056449,0.000564088,0.000514423,0.000500755,0.000492166,0.00046531,0.000454313,0.000380187,0.000349055,0.000323014,0.00028176,0.000247817,0.000222364,2015-11-30,33.3190973,126.7728145
Nov-15,5013030000000000000,제주특별자치도 서귀포시 표선면 토산리 9999-9744,3.48,1.66,1.29,0.84,0.68,2.83,11.87,29.56,44.95,59.07,64.62,66.47,64.12,60.36,60.18,61.42,62.5,67.35,52.69,35.8,26.88,19.37,11.33,6.33,0.000165629,0.000117964,0.000135588,0.000125198,0.000112689,0.000280648,0.000534124,0.000567895,0.000514047,0.00050645,0.000476218,0.000468865,0.000461153,0.00042473,0.000418305,0.000413413,0.000392648,0.000387233,0.00032629,0.000296999,0.000274475,0.000241362,0.00021208,0.000184504,2015-11-30,33.3249072,126.773206
Nov-15,5013030000000000000,제주특별자치도 서귀포시 표선면 토산리 9999-9488,0.08,0.03,0.03,0.02,0.02,0.11,0.59,1.44,2.02,2.6,2.83,3.06,3.22,2.86,2.67,2.68,2.68,2.81,2.19,1.54,1.14,0.73,0.38,0.19,3.65172E-06,2.22217E-06,2.65654E-06,3.1658E-06,2.53358E-06,1.06286E-05,2.65434E-05,2.77141E-05,0.000023148,2.22898E-05,0.000020847,2.15637E-05,2.31679E-05,2.01263E-05,1.85257E-05,1.80174E-05,0.000016842,1.61502E-05,1.35741E-05,1.27803E-05,1.16531E-05,9.05072E-06,7.12361E-06,5.48062E-06,2015-11-30,33.3249072,126.773206
Nov-15,5011010000000000000,제주특별자치도 제주시 일도일동 1000-128,177.22,117.35,75.26,54.42,56.43,102.62,189.58,366.6,602.4,881.25,1125.77,1236.14,1275,1342.67,1381.13,1407.85,1470.15,1538.51,1430.63,1136.86,929.26,734.8,475.23,297.24,0.008441254,0.00832227,0.007892198,0.008075471,0.009324563,0.010193552,0.008533772,0.007042461,0.006889512,0.007555934,0.00829589,0.008719573,0.009169863,0.009447522,0.009599708,0.009475462,0.009235464,0.008845599,0.008859236,0.009430571,0.009490514,0.009156163,0.008893153,0.008665297,2015-11-30,33.5067036,126.53242
Nov-15,5011010000000000000,제주특별자치도 제주시 일도이동 1000-128,217.03,136.34,87.77,60.75,58.45,108.76,211.94,468.29,761.24,1016.81,1200.31,1261.43,1234.48,1295.6,1312.96,1360.16,1465.35,1583.82,1551.25,1219.55,987.38,807.75,549.13,361.58,0.010337339,0.009669166,0.009203726,0.009015715,0.009657233,0.010803819,0.00954032,0.008996021,0.008706078,0.008718275,0.008845138,0.008897987,0.008878426,0.009116281,0.009125896,0.009154472,0.009205283,0.009106062,0.009606183,0.010116531,0.010084163,0.010065297,0.01027615,0.010540738,2015-11-30,33.5067036,126.53242
Nov-15,5011010000000000000,제주특별자치도 제주시 일도이동 9999-9744,449.69,275.11,165.97,102.5,95.14,194.53,399.65,1059.13,1755.68,2267.35,2595.82,2647.36,2551.05,2629.91,2652.94,2822.28,3126.85,3526.33,3573.45,2745.96,2206.85,1837.72,1221.42,790.78,0.021419057,0.019511117,0.017403768,0.015210798,0.015719812,0.019323615,0.01798993,0.02034626,0.020079253,0.019440501,0.019128734,0.018674153,0.018347204,0.018504977,0.018439558,0.01899518,0.019642779,0.020274449,0.022128744,0.02277852,0.022538645,0.022899578,0.022857112,0.02305306,2015-11-30,33.5064901,126.5410332
Nov-15,5011010000000000000,제주특별자치도 제주시 이도일동 1000-128,275.4,185.05,124.33,82.56,65.24,89.1,151.02,305.64,527.46,806.24,1029.18,1131.09,1143.66,1213.43,1255.22,1292.23,1371.65,1485.04,1477.49,1198.13,997.26,847.86,601.41,422.76,0.013117854,0.013123744,0.013038093,0.012251018,0.010779718,0.008850243,0.006798007,0.0058714,0.006032465,0.006912771,0.007584097,0.007978579,0.008225207,0.00853809,0.008724553,0.008697307,0.008616662,0.008538151,0.009149402,0.009938826,0.010185061,0.010565093,0.011254417,0.012324466,2015-11-30,33.5054502,126.5275246
Nov-15,5011010000000000000,제주특별자치도 제주시 이도일동 1999-9488,372.84,251.65,169.54,113.93,86.67,116.99,207.44,448.73,765.89,1129.1,1391.74,1503.62,1498.84,1575.38,1622.82,1685.4,1807.21,1971.81,1982.82,1600.75,1334.52,1142.2,816.54,576.9,0.017758699,0.017847349,0.017778061,0.016907322,0.014321607,0.011620797,0.009337636,0.008620242,0.008759304,0.00968101,0.010255827,0.010606352,0.010779725,0.01108489,0.011279593,0.011343465,0.011352868,0.011336788,0.012278739,0.01327865,0.013629528,0.014232777,0.015280367,0.016817961,2015-11-30,33.48988,126.535466
Nov-15,5011010000000000000,제주특별자치도 제주시 이도이동 1999-9488,512.59,344.13,209.13,134.27,100.09,160.77,300.75,777.99,1448.36,1991.28,2405.09,2531,2479.6,2640.05,2710.48,2833.95,3101.13,3392.92,3396.67,2636.65,2153.94,1859.8,1262.54,848.87,0.024415024,0.024406183,0.021929605,0.019924779,0.016538268,0.015969846,0.013538111,0.014945345,0.016564487,0.017073473,0.017723225,0.017853415,0.017833331,0.018576328,0.018839555,0.019073726,0.019481221,0.019507417,0.021034068,0.021871771,0.021998199,0.023174626,0.023626555,0.024746484,2015-11-30,33.48988,126.535466
Nov-15,5011010000000000000,제주특별자치도 제주시 이도이동 1000-128,909.44,592.33,380.23,246.83,181.27,257.71,461.63,1154.31,2126.01,3114.49,3833.01,4069.84,3902.65,4170.79,4271.61,4458.71,4884.05,5436.55,5537.18,4293.07,3488.08,3064.69,2128.63,1467.24,0.043317457,0.042008171,0.039872406,0.036628896,0.029951147,0.025598989,0.020779943,0.022174697,0.024314667,0.02670393,0.028245664,0.028708165,0.028067946,0.029347122,0.029690357,0.030009114,0.030681464,0.031257111,0.034289243,0.035612253,0.035623839,0.038188644,0.039834177,0.042773262,2015-11-30,33.4953153,126.5394492
Nov-15,5011010000000000000,제주특별자치도 제주시 이도이동 9999-9744,181.15,120.94,66.37,43.34,37.76,82.89,160.18,405.91,737.87,959,1125.99,1145.68,1106.16,1159.05,1169.75,1238.38,1368.97,1535.96,1529.26,1161.62,933.36,786.01,505.27,325.56,0.008628349,0.008576992,0.006959368,0.006431232,0.006239434,0.008233718,0.007210158,0.007797708,0.008438839,0.008222525,0.008297502,0.008081476,0.007955513,0.008155501,0.008130485,0.008334814,0.008599837,0.008830939,0.009470044,0.009635982,0.009532408,0.009794349,0.009455375,0.009490946,2015-11-30,33.4953153,126.5394492
Nov-15,5011010000000000000,제주특별자치도 제주시 삼도일동 1000-128,498.25,337.46,225.65,155.34,124.44,194.19,384.59,859.74,1465.39,2077.42,2464.07,2624.93,2565.5,2649.05,2703.99,2812.22,3021.51,3296.92,3258.14,2553.34,2091.23,1732.6,1193.91,806.53,0.023732295,0.0239326,0.023662299,0.023051801,0.020561757,0.019289212,0.017312211,0.016515775,0.016759297,0.017812021,0.018157881,0.01851597,0.01845116,0.018639655,0.01879445,0.018927485,0.018981046,0.018955454,0.020176167,0.021180668,0.021357795,0.021589612,0.022342166,0.023512295,2015-11-30,33.5132146,126.5204865
Nov-15,5011010000000000000,제주특별자치도 제주시 삼도일동 9999-9744,22.43,14.9,10.22,7.16,5.54,7.72,15.26,35.39,58.47,81.93,97.24,103.18,102.43,106.34,108.58,113.67,122.9,132.93,132.54,105.82,87.95,73.92,52.06,36.08,0.001068446,0.00105643,0.001072089,0.001061929,0.000915779,0.00076708,0.000687098,0.000679763,0.000668683,0.000702459,0.000716569,0.000727799,0.000736668,0.000748234,0.000754715,0.000765072,0.000772075,0.000764252,0.000820742,0.00087784,0.000898262,0.000921059,0.000974238,0.001051842,2015-11-30,33.5027684,126.519476
Nov-15,5011010000000000000,제주특별자치도 제주시 삼도이동 1000-128,209.65,142.33,91.81,64.43,63.25,115.67,215.29,413.36,669.19,986.05,1260.14,1383.28,1427.12,1513.69,1563.6,1588.68,1669.52,1773.3,1669.18,1333.59,1096.3,881.92,566.69,353.87,0.009985805,0.010094381,0.009627129,0.009561272,0.010451675,0.011489975,0.009691118,0.007940837,0.007653326,0.008454469,0.009286065,0.009757534,0.010263857,0.010650845,0.010867996,0.01069254,0.010487854,0.010195478,0.0103365,0.011062534,0.011196555,0.010989513,0.010604703,0.010316071,2015-11-30,33.5132146,126.5204865
Nov-15,5011010000000000000,제주특별자치도 제주시 삼도이동 9999-9744,115.59,75.29,50.36,35.6,34.7,58.13,108.18,214.88,354.64,534.27,682.67,752.4,777.72,819.63,843.89,863.28,903.75,949.67,902.26,716.75,582.61,464.67,302.99,192.96,0.005505683,0.005339288,0.005280539,0.005283183,0.00573404,0.005773778,0.004869807,0.004127834,0.004055964,0.004580859,0.005030645,0.005307316,0.005593382,0.005767195,0.005865564,0.005810234,0.005677354,0.005460052,0.00558727,0.005945614,0.005950177,0.005790176,0.005670081,0.005625302,2015-11-30,33.5126626,126.5212175
Nov-15,5011010000000000000,제주특별자치도 제주시 건입동 1000-128,306.19,195,124.68,88.33,89.26,181.62,371.36,802.29,1294.88,1712.26,2031.28,2153.02,2115.24,2280.05,2326.23,2376.07,2511.4,2644.43,2466.14,1928.67,1557.6,1246.98,822.11,521.35,0.014583988,0.013829544,0.01307448,0.013108308,0.014748074,0.018041296,0.016716627,0.015412309,0.01480918,0.014681109,0.014968608,0.015187134,0.015212872,0.016043235,0.016168748,0.015991982,0.015776553,0.015203994,0.015271679,0.015998904,0.015907821,0.015538374,0.015384514,0.01519837,2015-11-30,33.5156393,126.5330987
Nov-15,5011010000000000000,제주특별자치도 제주시 건입동 9999-9744,55.67,32.46,20.02,13.08,13.17,30.16,69.88,187.83,316.44,399.93,447.11,453.45,425.2,455.55,466.57,487.88,529.24,571.89,541.51,396.63,309.31,251.67,163.53,100.79,0.002651578,0.002302264,0.002099087,0.001941281,0.002175573,0.002996072,0.003145401,0.003608234,0.003619092,0.003429057,0.003294771,0.00319861,0.00305802,0.003205394,0.003242948,0.003283671,0.00332469,0.003288062,0.003353334,0.003290124,0.00315901,0.003136026,0.003060227,0.002938389,2015-11-30,33.5153591,126.5420032
Nov-15,5011010000000000000,제주특별자치도 제주시 용담일동 2999-9872,137.54,97.29,63.67,44.85,38.85,67.94,125.77,255.34,416.63,577.11,684.4,719.99,703.42,726.26,745.22,771.21,835.82,919.19,901.57,716.4,592.3,491.93,333.52,220.89,0.006551028,0.006900151,0.006676656,0.006655015,0.006418547,0.00674896,0.005661652,0.004905256,0.004764912,0.004948223,0.005043398,0.005078694,0.005059053,0.005110204,0.005179714,0.00519056,0.00525059,0.005284846,0.005583001,0.005942755,0.00604922,0.006129871,0.006241268,0.00643932,2015-11-30,33.5085884,126.5147777
Nov-15,5011010000000000000,제주특별자치도 제주시 용담일동 9999-9744,150.71,100.01,62.12,43.33,40.13,80.89,153.68,316.21,498.29,661.09,780.34,813.57,806.03,845.01,867.82,895.11,991.6,1092.45,1079.11,867.36,722.61,601.51,400.79,253.52,0.007178616,0.007092841,0.006514467,0.006429995,0.006630046,0.008034655,0.00691791,0.006074434,0.005698787,0.005668279,0.005750372,0.005738818,0.005796974,0.005945775,0.006031909,0.00602448,0.006229186,0.006280956,0.006682449,0.007194972,0.007380075,0.007495333,0.007500244,0.007390654,2015-11-30,33.5085884,126.5147777
Nov-15,5011010000000000000,제주특별자치도 제주시 용담일동 4000-256,1.03,0.83,0.55,0.4,0.35,0.6,1.02,1.83,3.02,4.32,5.15,5.41,5.15,5.21,5.37,5.54,5.87,6.55,6.3,4.97,4.08,3.37,2.28,1.55,4.91395E-05,5.87457E-05,5.81643E-05,0.000059161,5.84376E-05,5.96989E-05,4.58545E-05,3.51549E-05,3.45275E-05,3.70601E-05,3.79236E-05,3.81686E-05,3.70054E-05,3.66523E-05,3.73179E-05,3.72552E-05,3.69045E-05,3.76684E-05,3.89842E-05,4.12137E-05,4.16998E-05,4.20387E-05,4.26231E-05,4.53026E-05,2015-11-30,33.5085884,126.5147777
Nov-15,5011010000000000000,제주특별자치도 제주시 용담이동 1000-128,187.93,122.09,73.33,50.07,47.94,101.51,202.92,455.18,740.23,962.68,1110.09,1140.42,1106.91,1167.53,1199.52,1232.02,1367.52,1519.24,1495.82,1182.67,987.89,817.38,533.15,324.13,0.008951336,0.008658692,0.007689742,0.007429647,0.007921015,0.010082862,0.009134097,0.008744123,0.008465773,0.008254095,0.008180275,0.008044413,0.007960955,0.008215122,0.00833744,0.008292069,0.008590732,0.008734761,0.009262957,0.009810576,0.010089337,0.010185241,0.009977189,0.009449161,2015-11-30,33.5067071,126.5005507
Nov-15,5011010000000000000,제주특별자치도 제주시 용담이동 1999-9488,119.77,85.26,54.54,38.32,33.84,62.02,119.9,275.53,464.88,633.84,736.94,759.66,729.24,761.31,788.24,808.34,871.26,969.25,942.42,739.91,617.1,503.62,324.53,197.54,0.005704686,0.006046364,0.005719428,0.005686724,0.005590728,0.006160546,0.005397014,0.005293055,0.005316689,0.005434635,0.005430546,0.005358579,0.005244722,0.00535684,0.005478741,0.005440468,0.005473261,0.005572642,0.005835983,0.006137749,0.006302428,0.006275492,0.006073152,0.00575879,2015-11-30,33.5048512,126.4915964
Nov-15,5011010000000000000,제주특별자치도 제주시 용담이동 2999-9872,80.23,54.85,34.57,24.28,21.64,41.54,79.63,176.03,285.49,379.37,442.11,457.08,446.02,465.01,480.34,496.51,545.46,604.17,594.29,472.06,393.51,324.91,214.44,134.16,0.003821335,0.003889983,0.00362492,0.003603625,0.003576422,0.004126213,0.003584425,0.003381597,0.003265067,0.003252747,0.003257928,0.003224175,0.003207753,0.003271991,0.003338663,0.003341754,0.00342655,0.00347366,0.003680146,0.003915851,0.004018922,0.004048704,0.004012944,0.003911044,2015-11-30,33.5067071,126.5005507
Nov-15,5011010000000000000,제주특별자치도 제주시 용담이동 9999-9744,39.01,25.83,15.21,10.46,10.06,22.49,42.55,87.63,136.66,174.54,202.54,207.7,204.13,214.82,221.76,227.7,256.53,284.77,282.16,228.21,191.45,159.67,106.02,65.87,0.00185798,0.001831566,0.001595218,0.001551986,0.001662854,0.002233561,0.001915161,0.001683438,0.001562922,0.001496513,0.001492505,0.001465076,0.001468083,0.001511541,0.001541343,0.001532535,0.00161151,0.001637277,0.001747313,0.001893059,0.001955273,0.001989655,0.001984044,0.001920394,2015-11-30,33.5067071,126.5005507
Nov-15,5011010000000000000,제주특별자치도 제주시 용담이동 4000-256,7.86,4.87,3.11,2.14,1.84,3.36,6.99,16.25,26.11,34.1,39.39,41.03,40.61,42.61,43.51,45.29,50.47,55.2,55.14,44.18,36.98,30.73,20.91,13.42,0.00037454,0.000345571,0.00032637,0.000317619,0.000304746,0.000334188,0.00031453,0.000312129,0.00029864,0.000292354,0.000290252,0.000289442,0.000292073,0.000299784,0.000302408,0.000304837,0.000317078,0.000317392,0.000341447,0.000366502,0.000377674,0.000382921,0.000391306,0.000391155,2015-11-30,33.5067071,126.5005507
Nov-15,5011010000000000000,제주특별자치도 제주시 용담이동 40-0,3.66,2.49,1.68,1.17,0.95,1.51,2.95,6.48,10.8,15.04,17.71,18.76,18.35,18.9,19.31,20.13,21.79,23.8,23.52,18.64,15.42,12.77,8.8,5.93,0.000174457,0.000176781,0.000176031,0.00017313,0.000157357,0.000149529,0.000132717,0.000124572,0.000123467,0.000128929,0.000130508,0.000132324,0.000131983,0.000132992,0.000134235,0.000135455,0.000136857,0.000136831,0.000145678,0.000154666,0.000157495,0.000159171,0.000164673,0.000172785,2015-11-30,33.5067071,126.5005507
Nov-15,5011010000000000000,제주특별자치도 제주시 용담삼동 1000-128,91.95,60.15,34.96,23.47,23.5,54.06,104.77,219.91,349.11,447.63,517,528.6,514.48,544.36,559.55,570.3,640.07,712.01,701.92,563.08,473.43,394.87,257.98,157.64,0.004379842,0.00426553,0.003666341,0.00348283,0.003883757,0.005370222,0.004716188,0.004224539,0.003992642,0.003838022,0.00380977,0.003728662,0.003700129,0.003830297,0.003889201,0.00383838,0.004020886,0.004093686,0.004346671,0.004670869,0.004835177,0.004920451,0.004827693,0.004595587,2015-11-30,33.5156585,126.5054217
Nov-15,5011010000000000000,제주특별자치도 제주시 용담삼동 1999-9488,15.23,10.1,5.79,3.74,3.91,8.98,17.8,37.51,61.43,80.22,92.91,94.79,90.94,97.07,99.19,99.97,110.77,123.78,120.92,95.39,80.21,67.26,43.19,26.08,0.000725311,0.000716367,0.000607159,0.0005555,0.000646118,0.000892173,0.000801179,0.000720515,0.000702525,0.000687855,0.000684644,0.000668636,0.000654065,0.000683046,0.000689463,0.000672833,0.000695831,0.000711687,0.000748795,0.000791246,0.000819146,0.000838053,0.00080818,0.0007603,2015-11-30,33.515778,126.4956884
Nov-15,5011010000000000000,제주특별자치도 제주시 용담삼동 2999-9872,4.28,2.84,1.66,1.09,1.09,2.4,4.8,10.41,17.41,23.3,27.29,28.14,27.25,28.98,29.74,30.12,32.95,36.5,35.4,27.67,23.01,19.05,12.21,7.35,0.000203639,0.000201721,0.000174388,0.000162346,0.000179884,0.000238001,0.000216263,0.000200075,0.000199091,0.000199777,0.000201096,0.000198487,0.000195978,0.000203939,0.000206744,0.000202701,0.000207022,0.000209832,0.000219194,0.000229553,0.000235002,0.000237337,0.000228455,0.000214152,2015-11-30,33.515778,126.4956884
Nov-15,5011010000000000000,제주특별자치도 제주시 화북일동 1000-128,68.52,57.63,25.93,16.76,18.18,49.39,98.84,214.02,360.27,452.78,512.58,499.81,472.6,494.24,518.81,528.56,572.1,655.46,603.45,452.87,363.31,319.92,206.45,124.4,0.003263749,0.004086834,0.002718585,0.00248753,0.003003173,0.004905908,0.004449163,0.004111352,0.004120276,0.003882153,0.003777245,0.003525607,0.003398927,0.003477621,0.003606032,0.003557411,0.003593894,0.003768538,0.003736905,0.003756695,0.003710544,0.003986449,0.003863329,0.003626431,2015-11-30,33.5190291,126.5647705
Nov-15,5011010000000000000,제주특별자치도 제주시 화북일동 4000-256,45.48,25.42,15.14,9.29,9.18,21.89,53.82,141.09,228.35,284.88,318.4,327.09,312.44,327.59,336.52,356.55,395.88,438.71,421.32,316.87,251.32,211.65,140.7,83.7,0.002166312,0.00180289,0.001587947,0.001378114,0.001516072,0.002174491,0.002422577,0.002710459,0.002611618,0.002442572,0.002346303,0.002307228,0.002247094,0.002305056,0.002339001,0.002399755,0.002486878,0.002522311,0.002609072,0.002628539,0.002566706,0.002637302,0.002633003,0.002440158,2015-11-30,33.5176565,126.5601083
Nov-15,5011010000000000000,제주특별자치도 제주시 화북일동 1999-9488,131.88,74.6,43.65,26.68,26.67,63.18,155.43,407.8,663.44,827.17,923.87,946.44,904.28,946.44,974.24,1031.63,1145.53,1273.66,1222.72,921.37,731.97,618.63,411.31,243.72,0.006281706,0.005290707,0.004577465,0.003958492,0.004407161,0.006276136,0.006996505,0.00783397,0.007587622,0.007092264,0.006808013,0.006676097,0.006503601,0.00665951,0.006771585,0.006943333,0.007196195,0.007322857,0.007571736,0.007643023,0.007475608,0.00770865,0.007697023,0.007104875,2015-11-30,33.5190291,126.5647705
Nov-15,5011010000000000000,제주특별자치도 제주시 화북일동 4999-9616,22.86,12.83,7.69,4.79,4.82,10.68,26.71,70.84,117.34,147.03,163.76,167.46,159.73,168.22,172.18,181.68,199.81,220.72,211.24,159.04,126.44,105.71,70.63,42.2,0.001089054,0.000910074,0.00080605,0.000710525,0.000797196,0.001061072,0.001202526,0.001360769,0.001342018,0.001260677,0.001206726,0.001181272,0.001148754,0.001183676,0.001196768,0.001222753,0.001255197,0.001269025,0.001308118,0.00131926,0.001291314,0.001317197,0.001321798,0.001230282,2015-11-30,33.5190291,126.5647705
Nov-15,5011010000000000000,제주특별자치도 제주시 화북일동 9999-9744,160.63,120.25,57.93,37.55,41.46,100.75,222.53,524.63,895.08,1126.39,1250.99,1224.18,1158.39,1210.31,1251.63,1284.59,1384.14,1583.61,1472.59,1103.39,892.22,766.3,502.94,301,0.007651149,0.008528104,0.00607453,0.005572656,0.006849752,0.010007866,0.010017201,0.010078304,0.010236783,0.009657751,0.009218614,0.008635225,0.008331141,0.008516182,0.008699602,0.008645855,0.008695105,0.009104858,0.009119102,0.00915295,0.00911221,0.009548679,0.009411686,0.008774938,2015-11-30,33.5190291,126.5647705
Nov-15,5011010000000000000,제주특별자치도 제주시 화북일동 6000-0,14.51,10.17,5.15,3.29,3.39,9.31,19.6,44.48,69.78,87.02,98.49,99.01,94.68,98.45,102.62,106.71,118.49,134.9,128.58,98.01,78.45,68.13,44.2,26.56,0.000691287,0.000720977,0.000540396,0.000488721,0.000559756,0.000924688,0.000882414,0.000854404,0.000798018,0.000746147,0.000725775,0.000698429,0.000680972,0.000692696,0.000713259,0.000718176,0.000744376,0.000775623,0.00079622,0.000812988,0.000801194,0.000848969,0.000827093,0.000774206,2015-11-30,33.5190291,126.5647705
Nov-15,5011010000000000000,제주특별자치도 제주시 화북일동 40-0,0.09,0.23,0.06,0.04,0.05,0.22,0.26,0.17,0.23,0.3,0.49,0.34,0.31,0.3,0.46,0.33,0.34,0.54,0.33,0.27,0.21,0.36,0.15,0.11,4.12803E-06,1.64535E-05,6.18694E-06,6.33161E-06,7.82105E-06,2.18863E-05,1.19138E-05,3.30417E-06,2.68001E-06,2.5951E-06,3.63294E-06,2.42419E-06,2.23432E-06,2.1414E-06,3.22972E-06,2.22553E-06,2.14843E-06,3.11428E-06,2.07244E-06,2.23973E-06,2.15154E-06,4.4319E-06,2.83822E-06,3.20675E-06,2015-11-30,33.5190291,126.5647705
Nov-15,5011010000000000000,제주특별자치도 제주시 화북이동 9999-9744,7.7,7.53,3.19,2.16,2.44,7.17,14.04,29.58,49.11,63.31,71.78,69.13,65.34,67.29,70.28,70.72,75.13,86.4,76.35,53.19,42.34,36.96,23.05,13.85,0.000366982,0.000533676,0.000334549,0.000320538,0.000403665,0.000711818,0.000632015,0.000568228,0.000561655,0.000542807,0.000528933,0.000487602,0.000469951,0.000473466,0.000488464,0.000476002,0.000471977,0.000496731,0.000472805,0.00044121,0.000432423,0.000460519,0.000431334,0.000403885,2015-11-30,33.5022936,126.563904
Nov-15,5011010000000000000,제주특별자치도 제주시 화북이동 1999-9488,7.36,7.45,2.96,1.95,2.15,6.37,11.74,22.98,39.66,50.17,57.56,54.7,51.41,53.76,57.34,57.16,61.01,70.83,63.2,46.93,37.61,34.19,21.59,13.1,0.000350486,0.000528617,0.00031071,0.00028883,0.000355087,0.000632418,0.000528557,0.000441395,0.000453635,0.000430183,0.000424172,0.000385881,0.000369764,0.0003783,0.000398558,0.000384685,0.000383265,0.000407229,0.000391369,0.000389337,0.000384088,0.000426007,0.000404081,0.000381982,2015-11-30,33.5022936,126.563904
Nov-15,5011010000000000000,제주특별자치도 제주시 화북이동 1000-128,7.29,9.07,3.25,2.17,2.43,8.15,13.51,22.88,38.52,49.03,57.71,53.55,50.23,52.13,56.94,55.32,58.78,69.75,60.29,44.34,35.42,33.76,20.41,12.52,0.000347025,0.000643224,0.000340701,0.000322219,0.000401242,0.000809859,0.000607962,0.000439506,0.000440585,0.000420426,0.000425288,0.000377752,0.00036122,0.00036684,0.000395743,0.000372346,0.000369275,0.000401045,0.000373341,0.000367827,0.000361732,0.00042062,0.000381943,0.000365025,2015-11-30,33.5022936,126.563904
Nov-15,5011010000000000000,제주특별자치도 제주시 화북이동 2999-9872,16.56,13.66,6.49,4.26,4.95,14.76,30.3,75.25,126.56,163.85,185.47,182.24,169.98,176.75,185.41,190.87,204.95,227.77,203.4,135.69,103.88,86.43,51.83,30.37,0.000788788,0.000968867,0.000680074,0.000632419,0.000818456,0.001466183,0.001363782,0.001445601,0.001447487,0.001404847,0.001366703,0.001285491,0.00122253,0.001243642,0.001288706,0.001284608,0.001287516,0.001309528,0.001259544,0.00112556,0.001060959,0.001076998,0.00096984,0.000885256,2015-11-30,33.4937156,126.5598172
Nov-15,5011010000000000000,제주특별자치도 제주시 화북이동 4999-9616,21.12,12.32,7.23,4.56,4.91,12.22,28.57,80.88,138.31,175.05,195.8,197.31,183.9,195.47,202.79,212.89,231.62,251.51,234.8,166.72,128.27,104.66,66.2,39.31,0.001006033,0.000873928,0.000758652,0.000676245,0.000810966,0.00121358,0.001285982,0.001553743,0.001581869,0.001500857,0.00144287,0.001391777,0.001322633,0.001375386,0.001409526,0.001432869,0.001455024,0.001446042,0.001454015,0.001382996,0.001310045,0.001304134,0.001238803,0.001145965,2015-11-30,33.5110875,126.5585955
Nov-15,5011010000000000000,제주특별자치도 제주시 화북이동 6000-0,11.51,7.47,4,2.48,2.65,7.1,15.94,42.84,73.09,92.84,104.84,105.18,98.78,103.58,107.52,112.56,123.36,135.54,125.76,88.62,68.74,57.16,36.03,21.35,0.000548314,0.00052987,0.000419664,0.00036847,0.000438364,0.000705527,0.000717617,0.000823027,0.000835885,0.000796037,0.000772606,0.000741919,0.000710448,0.000728827,0.000747315,0.000757567,0.000774942,0.000779253,0.000778798,0.000735139,0.000702002,0.000712319,0.00067416,0.000622313,2015-11-30,33.5022936,126.563904
Nov-15,5011010000000000000,제주특별자치도 제주시 화북이동 4000-256,8.78,5.42,2.95,1.83,1.97,4.08,10.76,29.25,51.8,65.15,71.38,70.92,66.99,70.58,72.03,75.01,80.58,89.97,84.15,62.32,50.08,41.71,28.12,16.65,0.00041836,0.000384199,0.000309697,0.000271418,0.000325675,0.000405675,0.000484143,0.000561978,0.000592446,0.000558634,0.000525968,0.000500292,0.000481825,0.000496602,0.000500681,0.000504862,0.000506231,0.000517281,0.00052112,0.000516995,0.000511509,0.000519783,0.000526193,0.000485521,2015-11-30,33.5022936,126.563904
Nov-15,5011010000000000000,제주특별자치도 제주시 삼양일동 1999-9488,26.96,25.31,10.17,7.42,8.26,26.39,48.99,92.95,135.67,169.87,191.58,182.11,175.33,176.07,185.05,184.79,202.85,252.6,238.76,186.14,155.93,138.96,86.13,52.59,0.001284072,0.001794806,0.001066951,0.001101304,0.001365324,0.002621356,0.002205173,0.001785521,0.001551645,0.001456509,0.001411765,0.001284619,0.001260957,0.001238892,0.001286192,0.00124373,0.001274281,0.001452298,0.001478521,0.001544046,0.001592533,0.001731574,0.001611732,0.001533262,2015-11-30,33.5233122,126.5985628
Nov-15,5011010000000000000,제주특별자치도 제주시 삼양일동 1000-128,25.2,21.17,9.03,6.59,7.43,22.63,44.98,91.45,134.78,168.79,188.03,180.91,174.89,175.55,181.69,183.52,202.03,247.52,233.64,180.23,150.26,131.09,82.23,49.67,0.001200289,0.001501195,0.000947232,0.000977244,0.001228235,0.002248196,0.002024921,0.001756744,0.001541398,0.001447215,0.001385568,0.00127615,0.001257804,0.001235257,0.001262882,0.001235171,0.00126916,0.001423087,0.001446821,0.001495068,0.001534622,0.001633482,0.001538812,0.001447884,2015-11-30,33.5319607,126.5956123
Nov-15,5011010000000000000,제주특별자치도 제주시 삼양일동 9999-9488,2.4,2.89,1,0.76,0.84,3.08,5.2,8.86,12.81,16.31,18.96,17.65,16.9,16.86,18.19,17.71,19.21,24.13,21.68,16.14,13.4,12.32,7.27,4.48,0.000114188,0.000204653,0.000105073,0.000112831,0.000138135,0.00030568,0.000234134,0.000170184,0.00014647,0.000139829,0.000139715,0.00012448,0.000121564,0.000118616,0.000126448,0.000119212,0.000120673,0.000138728,0.000134228,0.00013388,0.000136868,0.000153551,0.000136128,0.000130641,2015-11-30,33.5233122,126.5985628
Nov-15,5011010000000000000,제주특별자치도 제주시 삼양일동 2999-9872,1.8,1.62,0.68,0.49,0.57,1.74,3.45,6.98,10.53,13.23,14.86,14.29,13.81,13.9,14.36,14.43,15.82,18.99,17.22,12.91,10.56,9.25,5.74,3.45,8.55773E-05,0.00011508,7.13771E-05,7.23188E-05,9.38526E-05,0.000172508,0.000155194,0.00013403,0.000120376,0.000113427,0.000109475,0.000100781,9.93411E-05,9.77865E-05,9.97994E-05,9.71225E-05,9.94122E-05,0.000109161,0.000106609,0.00010707,0.000107884,0.000115313,0.000107403,0.000100478,2015-11-30,33.5233122,126.5985628
Nov-15,5011010000000000000,제주특별자치도 제주시 삼양일동 9999-9744,0.89,1.87,0.57,0.46,0.53,1.93,2.58,2.89,3.86,4.91,6.37,5.31,5.04,4.95,6.01,5.16,5.39,7.32,5.68,4.29,3.5,4.04,2.04,1.31,4.22012E-05,0.000132527,6.00169E-05,0.00006851,8.70229E-05,0.000191911,0.000116197,5.55946E-05,4.41649E-05,0.000042076,0.000046931,3.74467E-05,3.62622E-05,3.48323E-05,0.000041808,3.47111E-05,0.000033864,4.20668E-05,3.51675E-05,3.56144E-05,0.000035749,5.03002E-05,3.81194E-05,3.81214E-05,2015-11-30,33.5233122,126.5985628
Nov-15,5011010000000000000,제주특별자치도 제주시 삼양이동 1999-9488,106.23,85.56,38.16,27.26,30.51,88.54,178.3,368.43,544.78,682.22,756.56,730.17,703.66,709.34,733.79,744.6,819.26,1004.6,965.6,752.2,629.33,548.47,347.26,210.42,0.005059729,0.006067758,0.004001904,0.004045848,0.005041712,0.008795113,0.008025966,0.00707768,0.006230553,0.005849421,0.005575131,0.005150522,0.00506077,0.004991142,0.005100326,0.005011514,0.00514655,0.005775881,0.005979537,0.006239731,0.006427384,0.00683439,0.00649851,0.00613431,2015-11-30,33.5247399,126.5820219
Nov-15,5011010000000000000,제주특별자치도 제주시 삼양이동 1000-128,4.08,4.01,1.59,1.17,1.31,4.26,7.87,14.77,21.53,26.99,30.58,29.06,28.01,28.07,29.46,29.33,32.2,39.9,36.97,28.46,23.71,21.16,12.99,7.91,0.00019451,0.000284485,0.000166978,0.000173476,0.000216566,0.000423025,0.000354067,0.00028373,0.000246218,0.000231375,0.000225333,0.000204955,0.00020147,0.000197534,0.000204733,0.000197408,0.000202273,0.000229391,0.00022891,0.000236073,0.000242123,0.000263646,0.000243113,0.000230633,2015-11-30,33.5209995,126.5841277
Nov-15,5011010000000000000,제주특별자치도 제주시 삼양이동 2999-9872,1.15,3.17,0.81,0.59,0.66,3.05,3.65,2.38,3.18,4.08,6.66,4.67,4.21,4.12,6.28,4.48,4.59,7.37,4.52,3.64,2.88,4.77,1.99,1.45,5.49505E-05,0.000225125,8.54288E-05,8.70101E-05,0.000109825,0.000302998,0.000164182,4.57974E-05,3.63383E-05,3.49566E-05,4.90902E-05,0.000032944,3.02617E-05,2.89944E-05,0.000043643,3.01479E-05,2.88615E-05,4.23561E-05,2.80192E-05,3.01893E-05,2.94407E-05,0.00005938,3.73147E-05,4.24068E-05,2015-11-30,33.5209995,126.5841277
Nov-15,5011010000000000000,제주특별자치도 제주시 삼양삼동 2999-9872,10.85,21.74,6.18,4.51,4.96,21.3,28.22,28.92,40.44,50.92,69.23,57.24,53.46,53.43,66.93,57.5,61.37,84.47,66.28,51.83,42.29,49.49,25.38,16.78,0.000516671,0.001541856,0.000648126,0.000668826,0.000819613,0.002115786,0.001270137,0.000555543,0.000462494,0.000436574,0.000510169,0.000403781,0.000384519,0.000375931,0.000465205,0.000387016,0.00038555,0.000485673,0.000410455,0.000429947,0.000431956,0.000616629,0.000474943,0.000489213,2015-11-30,33.5245498,126.5766999
Nov-15,5011010000000000000,제주특별자치도 제주시 삼양삼동 1999-9488,2.05,3.9,1.14,0.82,0.92,3.81,5.17,5.51,7.76,9.81,13.03,10.8,10.12,10.07,12.43,10.71,11.46,15.83,12.67,10,8.22,9.42,4.93,3.24,9.76915E-05,0.00027685,0.000119195,0.000121389,0.000152455,0.000378159,0.000232649,0.000105855,8.87605E-05,8.41291E-05,9.60286E-05,7.61702E-05,7.27666E-05,7.08443E-05,8.63939E-05,7.21167E-05,7.19956E-05,9.09869E-05,7.84844E-05,8.29114E-05,8.39272E-05,0.000117389,9.23387E-05,9.45115E-05,2015-11-30,33.5245498,126.5766999
Nov-15,5011010000000000000,제주특별자치도 제주시 봉개동 1999-9488,19.31,23.29,10.05,7.89,9.09,31.97,64.75,136.39,204.6,280.78,319.85,310.23,294.82,291.92,299.09,300.69,315.29,363.94,300.79,165.45,126.83,102.54,55.4,33.19,0.000919694,0.001651688,0.001054227,0.001170457,0.001502027,0.003175798,0.002914718,0.002620081,0.002339942,0.002407426,0.002356966,0.002188356,0.00212033,0.002054072,0.002078846,0.002023806,0.001980629,0.002092452,0.001862682,0.001372436,0.001295311,0.001277709,0.001036722,0.000967465,2015-11-30,33.4856316,126.5942617
Nov-15,5011010000000000000,제주특별자치도 제주시 봉개동 1000-128,6.36,6.05,2.61,2.05,2.33,8.89,20.25,47.26,72.96,101.36,114.94,113.73,107.57,106.9,108.77,110.62,115.28,130.04,106.68,58.09,44.56,34.66,19.43,11.57,0.000302759,0.000428808,0.000273379,0.00030367,0.000384498,0.00088267,0.000911629,0.000907918,0.000834478,0.00086908,0.000846989,0.000802251,0.000773666,0.000752153,0.000756047,0.000744492,0.000724173,0.000747673,0.000660638,0.000481876,0.000455045,0.000431876,0.000363516,0.000337369,2015-11-30,33.475453,126.5981679
Nov-15,5011010000000000000,제주특별자치도 제주시 봉개동 9999-9488,7.1,6.86,3.23,2.46,1.5,6.5,13.78,37.29,69.53,109.49,132.28,139.27,123.56,129.66,134.1,134.55,132.26,134.67,85.95,41.58,31.6,26.97,16.88,11.52,0.000338372,0.000486537,0.000338674,0.000365007,0.000247189,0.000646093,0.000620341,0.000716276,0.000795235,0.000938759,0.000974771,0.0009824,0.000888671,0.000912326,0.000932049,0.00090555,0.000830841,0.000774254,0.000532258,0.000344879,0.000322728,0.000336077,0.000315959,0.000335775,2015-11-30,33.4571323,126.6130534
Nov-15,5011010000000000000,제주특별자치도 제주시 봉개동 2999-9872,7.8,9.61,4.01,3.19,3.6,12.89,25.77,53.7,80.86,111.19,127,123.28,116.95,116.02,119.28,119.54,125.01,143.92,118.09,65.53,50.36,41.3,22.4,13.47,0.00037165,0.000681592,0.000420153,0.00047304,0.000594455,0.001280464,0.001160017,0.001031613,0.000924733,0.000953321,0.000935884,0.000869599,0.000841137,0.000816362,0.000829073,0.000804557,0.000785286,0.000827448,0.000731274,0.000543596,0.000514311,0.00051462,0.000419239,0.000392545,2015-11-30,33.4571323,126.6130534
Nov-15,5011010000000000000,제주특별자치도 제주시 봉개동 9999-9744,5.83,4.39,2.09,1.7,1.2,5.01,11.73,34.76,63.73,96.68,112.76,117.85,107.29,110.04,114.29,115.49,113.9,114.21,77.35,39.26,30.02,24.25,15.51,10.29,0.000277642,0.000311411,0.000219165,0.000252473,0.00019839,0.000497922,0.000528212,0.000667706,0.000728863,0.000828979,0.000830927,0.000831268,0.000771609,0.000774247,0.000794352,0.000777299,0.00071549,0.00065663,0.000478977,0.000325673,0.000306578,0.000302208,0.000290222,0.000299967,2015-11-30,33.4571323,126.6130534
Nov-15,5011010000000000000,제주특별자치도 제주시 아라일동 2999-9872,28.97,26.47,11.67,7.4,7.08,20.22,35.86,75.49,141.96,191.67,235.99,238.15,232.1,239.19,244.56,249.46,268.19,290.89,265.24,186.35,148.53,131.78,80.43,50.37,0.001380033,0.001877073,0.001223687,0.001098188,0.001170073,0.002008209,0.001614406,0.001450237,0.001623518,0.00164339,0.001739044,0.001679898,0.001669284,0.001683057,0.001699872,0.001679008,0.001684769,0.00167244,0.001642526,0.001545857,0.001516981,0.001642056,0.001505165,0.001468301,2015-11-30,33.4808811,126.5430849
Nov-15,5011010000000000000,제주특별자치도 제주시 아라일동 6000-0,153.18,118.92,53.16,33.62,32.93,94.35,191.57,441.03,800.76,1052.65,1260.96,1266.49,1249.95,1233.69,1249.93,1279.17,1394.05,1511.93,1439.08,1044.2,842.82,727.85,449.46,272.8,0.007296106,0.008434135,0.005574891,0.004989109,0.005441467,0.009371574,0.008623455,0.008472233,0.009158046,0.009025573,0.00929208,0.008933701,0.008989662,0.008680691,0.008687819,0.00860938,0.008757395,0.008692738,0.008911588,0.008661977,0.008607758,0.009069656,0.008410974,0.007952787,2015-11-30,33.4293792,126.5579619
Nov-15,5011010000000000000,제주특별자치도 제주시 아라일동 1999-9488,123.41,101.7,44.7,28.33,27.85,81.15,158.8,364.22,674.97,889.04,1083.35,1089.5,1081.01,1087.45,1103.04,1133.14,1234.51,1321.74,1236.24,886.42,706.55,608.97,369.14,221.91,0.005878191,0.007212697,0.004687222,0.004204237,0.004602191,0.008061277,0.007148428,0.00699683,0.007719495,0.007622747,0.007983261,0.0076852,0.007774672,0.007651691,0.007666781,0.007626509,0.007755169,0.007599276,0.007655489,0.00735315,0.007215986,0.007588324,0.006907986,0.00646922,2015-11-30,33.4663869,126.5437679
Nov-15,5011010000000000000,제주특별자치도 제주시 아라일동 9999-9488,15.44,13.12,6.57,3.87,3.21,7.44,16.43,41.38,93.73,151.68,188.28,204.04,191.94,199.52,187.43,197.92,192.33,187.89,136.92,77.67,61.49,55.05,36.42,24.68,0.000735552,0.000930523,0.000688953,0.00057395,0.00053106,0.000739432,0.000739479,0.000794961,0.001071947,0.001300478,0.001387428,0.001439299,0.001380412,0.001403888,0.001302781,0.001332082,0.001208239,0.001080284,0.000847874,0.000644331,0.000627995,0.000686006,0.000681621,0.000719623,2015-11-30,33.4293792,126.5579619
Nov-15,5011010000000000000,제주특별자치도 제주시 아라일동 9999-9744,111.76,79.47,40.77,22.1,17.25,33.84,74.44,183.9,462.76,780.5,1115.69,1261.44,1277.97,1340.96,1183.71,1376.72,1253.23,1362.98,1071,618.99,518.38,439.61,271.25,188.71,0.005323018,0.005636279,0.004275283,0.003280218,0.002849671,0.003361749,0.003351071,0.003532808,0.005292466,0.006692125,0.008221608,0.008898091,0.009191229,0.009435462,0.008227546,0.009265924,0.007872784,0.007836387,0.006632199,0.0051347,0.005294178,0.005477878,0.005076052,0.005501425,2015-11-30,33.4293792,126.5579619
Nov-15,5011010000000000000,제주특별자치도 제주시 아라일동 1000-128,16.87,13.61,6.09,3.92,3.82,10.81,21.01,45.79,82.1,107.95,128.61,128.7,126.08,123.79,126.22,128.06,139.09,154.15,147.25,107.19,87.6,76.88,47.75,29.62,0.000803648,0.000965037,0.000638933,0.000582261,0.000630586,0.001073786,0.000945629,0.000879602,0.00093896,0.000925569,0.000947699,0.000907854,0.000906802,0.000871034,0.000877282,0.00086188,0.000873776,0.000886271,0.000911822,0.000889208,0.000894637,0.000958006,0.000893645,0.000863635,2015-11-30,33.4778616,126.5568364
Nov-15,5011010000000000000,제주특별자치도 제주시 아라이동 1000-128,57.91,47.84,20.78,13.03,12.75,38.74,75.23,177.53,332.51,428.83,522.23,521.92,517.55,527.17,531.25,552.4,610.69,652.75,609.81,437.43,345.98,294.78,178.04,106.55,0.002758446,0.003392854,0.002178678,0.001934009,0.002107057,0.00384785,0.003386347,0.003410457,0.003802777,0.003676837,0.00384831,0.003681594,0.00372222,0.00370938,0.003692484,0.003717928,0.003836321,0.003752958,0.003776265,0.003628627,0.003533484,0.003673213,0.003331691,0.003106219,2015-11-30,33.4778616,126.5568364
Nov-15,5011010000000000000,제주특별자치도 제주시 아라이동 9999-9744,21.59,16.16,8,5.18,4.86,11.83,27.3,72.17,143.23,185.53,226.59,232.47,235.51,238.06,229.03,244.08,268.11,285.27,254.21,159.88,129.56,107.32,65.58,40.28,0.001028579,0.001146191,0.000839292,0.000768153,0.000802759,0.00117547,0.001228814,0.001386357,0.001638061,0.001590737,0.001669719,0.001639834,0.001693814,0.00167505,0.001591881,0.001642744,0.001684249,0.001640117,0.001574231,0.001326281,0.001323165,0.001337351,0.00122717,0.001174271,2015-11-30,33.4771684,126.5536969
Nov-15,5011010000000000000,제주특별자치도 제주시 아라이동 1999-9488,13.6,12.45,5.19,3.28,3.29,10.32,19.47,43.71,82.29,107.16,132.95,132.52,132.41,134.24,135.87,140.06,153.85,161.89,148.05,104.7,82.09,70.56,41.72,24.54,0.000647561,0.000883195,0.000544766,0.000487089,0.000543673,0.00102561,0.000876292,0.00083974,0.00094116,0.00091879,0.000979747,0.000934758,0.000952282,0.000944581,0.000944402,0.000942673,0.000966463,0.000930781,0.000916826,0.000868519,0.000838414,0.000879228,0.000780653,0.000715318,2015-11-30,33.4663869,126.5437679
Nov-15,5011010000000000000,제주특별자치도 제주시 아라이동 2999-9872,43.93,32.76,15.97,10.46,9.51,24.29,46.7,116.82,220.27,287.63,346.86,352.59,347.28,363.52,369.79,385.48,424.43,457.02,437.77,322.26,255.61,216.2,132.86,81.35,0.00209223,0.002323068,0.001675159,0.001552233,0.001571535,0.002412691,0.002102286,0.002244136,0.00251919,0.002466145,0.002556004,0.0024871,0.002497667,0.002557865,0.002570297,0.002594476,0.002666226,0.002627586,0.002710931,0.002673264,0.002610584,0.002694095,0.002486289,0.002371631,2015-11-30,33.487057,126.5432675
Nov-15,5011010000000000000,제주특별자치도 제주시 오라일동 1999-9488,52.34,42.22,27.42,19.54,17.09,29.67,51.16,93.88,157.71,224.22,267.19,279.23,266.04,271.31,280.19,287.79,305.98,341.95,328.58,255.72,209.04,174.6,117.61,79.61,0.002493077,0.002994235,0.002875845,0.002899728,0.002823178,0.002946836,0.002302779,0.001803496,0.00180373,0.001922498,0.001968951,0.001969643,0.001913343,0.001908996,0.001947491,0.001936961,0.001922177,0.001966007,0.002034742,0.002121282,0.002134964,0.002175703,0.002200915,0.002320751,2015-11-30,33.4953762,126.5166367
Nov-15,5011010000000000000,제주특별자치도 제주시 오라일동 1000-128,55.06,43.81,26.81,18.79,16.45,30.7,57.86,117.82,212.86,299.93,352.87,366.3,341.54,357.41,364.35,374.91,396.43,449.8,433.69,312.27,242.34,202.62,133.93,88.01,0.002622571,0.003107093,0.002810935,0.002787688,0.002718806,0.003049579,0.002604615,0.002263346,0.002434482,0.002571669,0.002600317,0.002583873,0.002456334,0.002514892,0.002532492,0.002523339,0.00249036,0.002586078,0.002685631,0.002590397,0.00247504,0.002524777,0.002506313,0.002565668,2015-11-30,33.4919679,126.517157
Nov-15,5011010000000000000,제주특별자치도 제주시 오라일동 4000-256,3.67,2.82,1.75,1.21,1.04,1.91,3.85,8.16,15.09,21.47,25.24,26.39,24.58,25.73,26.09,26.88,28.4,32.05,30.9,21.88,16.78,13.86,9.13,5.95,0.0001746,0.000199664,0.000183371,0.000179115,0.000172504,0.000189924,0.00017317,0.00015682,0.00017255,0.000184072,0.000186,0.000186138,0.000176754,0.00018108,0.000181316,0.000180943,0.000178412,0.000184279,0.000191333,0.000181493,0.000171419,0.00017267,0.000170848,0.000173582,2015-11-30,33.4953762,126.5166367
Nov-15,5011010000000000000,제주특별자치도 제주시 오라이동 9999-9488,5.2,3.54,2.21,1.52,1.37,2.66,7.12,21.28,45.15,69.92,80.27,84.28,76.49,81.54,80.52,82.26,84.19,87.62,72.32,40.45,28.42,23.32,15,8.85,0.000247777,0.000251295,0.000232098,0.000226108,0.000226205,0.000263861,0.000320426,0.000408815,0.000516365,0.000599504,0.000591511,0.000594499,0.000550104,0.000573758,0.000559639,0.000553669,0.000528907,0.000503793,0.000447835,0.000335539,0.000290295,0.000290549,0.000280715,0.000258046,2015-11-30,33.427885,126.5187631
Nov-15,5011010000000000000,제주특별자치도 제주시 오라이동 1999-9488,33.72,23.78,14.12,9.85,8.5,16.9,39.54,99.27,190.69,267.15,309.48,321.7,294.95,318.39,319.48,329.12,346.49,390.29,371.36,241.46,175.72,143.91,91.09,56.61,0.001606106,0.00168651,0.001480462,0.001461464,0.001403988,0.001678855,0.001779848,0.001906963,0.002180914,0.00229059,0.002280586,0.002269246,0.002121294,0.002240303,0.002220613,0.002215157,0.002176614,0.002243969,0.002299686,0.002002988,0.001794683,0.001793214,0.001704626,0.001650444,2015-11-30,33.4902647,126.5098842
Nov-15,5011010000000000000,제주특별자치도 제주시 오라이동 1000-128,32.37,23.9,13.63,9.43,8.33,17.36,39.61,96.22,184.99,258.35,300.04,310.53,286.5,306.87,308.97,317.12,335.56,385.54,364.72,229.28,163.95,136.61,86.99,53.94,0.001541629,0.001695021,0.001429673,0.00139884,0.001376394,0.001723985,0.00178321,0.001848461,0.002115667,0.002215123,0.00221099,0.002190414,0.002060495,0.002159247,0.00214752,0.002134392,0.002107981,0.002216625,0.002258559,0.00190193,0.001674411,0.001702254,0.001627888,0.001572423,2015-11-30,33.4919679,126.517157
Nov-15,5011010000000000000,제주특별자치도 제주시 오라이동 2999-9872,20.94,14.21,8.62,6.04,4.99,9.18,21.76,61.34,114.93,158.59,183.32,191.68,174.22,191.66,192.96,197.98,208.65,223.67,212.39,145.47,110.55,90.92,55.51,34.92,0.00099738,0.001007873,0.000904098,0.000896615,0.000824955,0.000912238,0.00097933,0.00117836,0.001314417,0.001359759,0.001350865,0.001352115,0.001253026,0.001348591,0.001341192,0.001332495,0.001310713,0.001285959,0.001315246,0.001206699,0.001129066,0.001132981,0.001038725,0.001018015,2015-11-30,33.4879353,126.5026381
Nov-15,5011010000000000000,제주특별자치도 제주시 오라이동 4000-256,14.57,10.77,6.15,4.39,3.96,8.15,19.31,49.57,93.66,130.41,150.37,155.82,144.35,155.6,157.27,160.76,171.6,198.2,182.59,106.54,73.54,61.41,38.41,23.14,0.000693843,0.000763789,0.000644421,0.000652156,0.000654269,0.000809263,0.000869285,0.000952325,0.001071173,0.001118146,0.00110806,0.001099135,0.001038169,0.001094884,0.001093104,0.001081961,0.001077961,0.001139565,0.001130708,0.000883813,0.000751093,0.000765195,0.000718699,0.000674553,2015-11-30,33.427885,126.5187631
Nov-15,5011010000000000000,제주특별자치도 제주시 오라이동 9999-9744,21.36,15.43,8.85,6.61,6.17,12.8,31.53,84.56,156.98,216.13,247.23,255.67,238.15,257.51,260.94,265.62,285.67,333.98,301.85,163.07,107.91,90.11,55.09,32.11,0.001017322,0.001093994,0.000927762,0.000981498,0.001020096,0.001271657,0.001419269,0.001624462,0.001795294,0.001853145,0.00182186,0.001803496,0.001712803,0.001811916,0.001813682,0.001787706,0.001794594,0.00192017,0.001869219,0.001352723,0.001102135,0.001122842,0.001030859,0.000936204,2015-11-30,33.427885,126.5187631
Nov-15,5011010000000000000,제주특별자치도 제주시 오라삼동 1999-9488,16.78,12.25,7.78,5.58,4.78,8.45,17.6,40.31,74.16,104.79,122.41,126.35,118.97,125.3,127.66,131.96,139.82,155.93,149.79,107.76,84.08,68.36,44.31,27.43,0.000799457,0.000868704,0.000815733,0.000827413,0.000790256,0.000839063,0.000792446,0.000774374,0.000848198,0.000898486,0.000902073,0.000891261,0.000855643,0.000881624,0.000887349,0.000888167,0.000878364,0.000896482,0.000927607,0.000893939,0.000858755,0.000851794,0.000829133,0.000799791,2015-11-30,33.4945134,126.5050404
Nov-15,5011010000000000000,제주특별자치도 제주시 오라삼동 2999-9872,37.5,24.42,15.56,11.05,9.09,15.75,36.81,100.53,185.5,258.87,300.04,312.74,292.81,313.19,318.11,328.27,347.62,375.33,362.11,263.81,208.16,167.35,105.16,63.69,0.001786295,0.001731805,0.00163206,0.001639491,0.001501696,0.001564192,0.00165693,0.001931123,0.002121569,0.002219559,0.002211012,0.002206019,0.002105876,0.00220373,0.002211091,0.002209371,0.00218376,0.002157919,0.002242384,0.00218838,0.002125949,0.002085271,0.001967913,0.001856706,2015-11-30,33.4879353,126.5026381
Nov-15,5011010000000000000,제주특별자치도 제주시 오라삼동 4000-256,0.14,0.13,0.07,0.05,0.04,0.08,0.14,0.25,0.44,0.62,0.76,0.79,0.75,0.76,0.8,0.8,0.85,0.97,0.93,0.71,0.57,0.5,0.33,0.22,6.85888E-06,9.00689E-06,7.55017E-06,6.82626E-06,6.27887E-06,7.71484E-06,6.43704E-06,4.81538E-06,5.06266E-06,5.33881E-06,5.56363E-06,5.55611E-06,5.4108E-06,5.35466E-06,5.54891E-06,5.40006E-06,5.36062E-06,5.57313E-06,5.74462E-06,5.88136E-06,5.86568E-06,6.19719E-06,6.2316E-06,6.51067E-06,2015-11-30,33.4945134,126.5050404
Nov-15,5011010000000000000,제주특별자치도 제주시 노형동 2999-9872,393.14,233.08,132.74,86.65,73.17,132.23,311.12,886.23,1541.49,2046.18,2336.39,2419.58,2383.65,2487.87,2596.32,2704.6,2945.71,3381.85,3373.85,2655.24,2161.74,1833.04,1213.29,740.48,0.018725532,0.016529932,0.013919925,0.012858754,0.012089414,0.013134295,0.014004623,0.017024701,0.017629629,0.017544177,0.017216993,0.01706743,0.017143285,0.017505525,0.018046058,0.018203137,0.018504888,0.019443754,0.020892723,0.022026008,0.022077946,0.022841191,0.022704952,0.021586606,2015-11-30,33.4824033,126.4660378
Nov-15,5011010000000000000,제주특별자치도 제주시 노형동 1000-128,1607.89,1040.07,647.14,415.94,320.92,476.21,997.42,2646.67,4812.82,6842.57,8287.86,8850.99,8694.68,9017.66,9353.54,9827.76,10668.28,11662.03,11466.56,9102.95,7467.72,6326.13,4284.7,2776.65,0.076585856,0.07376239,0.067861826,0.061723976,0.053025939,0.047303674,0.044898113,0.050843342,0.055042928,0.058668914,0.061073652,0.062433874,0.062532398,0.063451394,0.065012913,0.066145144,0.067017826,0.067050194,0.071007251,0.075511584,0.07626799,0.078828907,0.080181847,0.080945661,2015-11-30,33.4882976,126.4834255
Nov-15,5011010000000000000,제주특별자치도 제주시 노형동 1999-9488,67.44,42.65,24.76,17.43,14.36,25.16,60.76,168.11,303.53,417.48,481.9,506.34,502.78,508.55,507.28,527.88,578.14,668.5,651.68,460.52,360.71,302.47,197.81,120.98,0.003212181,0.003024683,0.002596664,0.002587154,0.002372532,0.002499442,0.002734946,0.003229362,0.003471386,0.003579518,0.003551148,0.003571645,0.003615994,0.003578319,0.00352594,0.0035529,0.003631843,0.003843518,0.00403559,0.003820143,0.003683962,0.003769074,0.003701713,0.00352672,2015-11-30,33.4679379,126.472499
Nov-15,5011010000000000000,제주특별자치도 제주시 노형동 4000-256,178.53,112.94,65.57,43.74,35.17,58.08,130.67,348.78,648.42,905.42,1080.38,1159.89,1151.22,1176.91,1200.31,1264.58,1383.84,1543.92,1501.25,1129.61,912.41,774.87,508.45,320.67,0.008503397,0.008009393,0.006876002,0.006491432,0.005811975,0.00576901,0.005882192,0.006700101,0.007415853,0.007763148,0.007961355,0.00818171,0.008279639,0.008281132,0.008342938,0.008511187,0.00869322,0.008876657,0.009296593,0.009370475,0.009318455,0.009655568,0.009514922,0.009348295,2015-11-30,33.4484672,126.4850992
Nov-15,5011010000000000000,제주특별자치도 제주시 노형동 9999-9488,4.39,4.24,3.74,3.2,3.1,4.25,5.97,10.75,20.82,32.91,38.18,37.64,33.11,34.04,34.8,34.34,33.71,33.72,22.15,12.1,10.12,8.65,6.65,5.27,0.000209085,0.000300726,0.000392259,0.000474277,0.000512995,0.000421932,0.00026893,0.000206562,0.00023806,0.000282137,0.000281323,0.000265525,0.000238109,0.000239545,0.000241893,0.00023111,0.000211738,0.000193892,0.000137194,0.000100331,0.000103349,0.000107819,0.000124407,0.000153584,2015-11-30,33.4484672,126.4850992
Nov-15,5011010000000000000,제주특별자치도 제주시 노형동 9999-9744,28.95,16.46,10.88,7.2,6.01,8.8,21.57,62.74,125.07,172.12,200.74,215.92,213.43,221.32,221.86,236.99,260.99,281.15,259.5,192.32,158.17,133.44,85.68,53.97,0.001379112,0.001167137,0.001140949,0.001068706,0.000993549,0.000873631,0.000971152,0.00120528,0.001430359,0.001475744,0.001479248,0.001523057,0.001535,0.001557268,0.001542084,0.001595039,0.001639526,0.001616462,0.001606963,0.001595363,0.00161537,0.001662799,0.001603299,0.001573433,2015-11-30,33.4484672,126.4850992
Nov-15,5011010000000000000,제주특별자치도 제주시 외도일동 1000-128,212.38,149.72,87.07,59.45,61.88,117.91,259.22,586.69,928.55,1162.83,1304.25,1314.65,1296.45,1335.51,1383.46,1405.53,1527.33,1786.41,1751.57,1369.97,1131.83,960.57,635.34,382.78,0.010115822,0.010618057,0.009130496,0.008821958,0.010223983,0.011712514,0.011668579,0.011270464,0.01061962,0.0099702,0.009611057,0.009273384,0.009324116,0.00939709,0.009615926,0.009459841,0.009594667,0.010270864,0.010846665,0.011364297,0.011559362,0.011969491,0.011889361,0.011158959,2015-11-30,33.4753855,126.4336321
Nov-15,5011010000000000000,제주특별자치도 제주시 외도일동 1999-9488,13.15,8.68,5.07,3.45,3.6,6.86,16.48,40.08,64.74,82.03,91.58,92.13,90.24,92.7,95.34,97.79,106.31,124.24,119.91,90.29,73.65,61.42,40.15,23.83,0.000626508,0.000615494,0.000531518,0.000511871,0.000594234,0.00068172,0.000741625,0.000769866,0.000740415,0.000703351,0.000674823,0.000649872,0.000648978,0.000652272,0.000662677,0.000658154,0.000667845,0.000714334,0.000742571,0.000749015,0.000752186,0.000765315,0.000751335,0.000694659,2015-11-30,33.4826928,126.4302284
Nov-15,5011010000000000000,제주특별자치도 제주시 외도일동 9999-9744,75.9,51.91,29.9,20.13,20.94,40.01,90.53,209.24,332.11,414.8,464.18,469.24,463.99,478.74,495.15,504.07,547.96,639.28,630.11,496.32,411.22,348.61,231.01,138.73,0.003615219,0.003681666,0.003135452,0.002987332,0.003460318,0.003974333,0.004074945,0.004019539,0.003798248,0.003556499,0.003420563,0.003309943,0.003337049,0.003368588,0.003441592,0.003392592,0.003442289,0.003675492,0.003902015,0.004117089,0.004199761,0.004343976,0.004323095,0.004044406,2015-11-30,33.4826928,126.4302284
Nov-15,5011010000000000000,제주특별자치도 제주시 외도일동 2999-9872,4,3.24,1.9,1.34,1.42,2.77,5.43,11.08,17.5,22.13,25.18,25.02,24.42,25,26.13,26.26,28.44,33.65,32.22,24.48,20,17.07,11.16,6.8,0.000190715,0.000229664,0.00019938,0.000199347,0.000234962,0.00027535,0.000244577,0.000212844,0.00020012,0.000189771,0.000185558,0.000176493,0.00017561,0.00017589,0.000181641,0.000176753,0.000178682,0.00019349,0.000199553,0.000203088,0.000204254,0.00021276,0.000208805,0.000198216,2015-11-30,33.4826928,126.4302284
Nov-15,5011010000000000000,제주특별자치도 제주시 외도이동 1999-9488,8.96,7.22,4.17,2.91,3.08,6.01,11.64,23.22,36.53,45.63,51.98,51.82,51.05,52.43,54.98,55.08,59.58,70.27,68.32,53.88,44.61,38.4,25.27,15.46,0.000426934,0.000512329,0.0004377,0.000432231,0.00050969,0.000597221,0.000524056,0.000446102,0.000417784,0.000391274,0.00038308,0.000365537,0.000367141,0.000368942,0.000382143,0.000370711,0.000374263,0.000404025,0.0004231,0.000446922,0.000455555,0.000478504,0.000472984,0.00045081,2015-11-30,33.4934042,126.4247684
Nov-15,5011010000000000000,제주특별자치도 제주시 외도이동 9999-9744,18.8,13.35,7.7,5.2,5.46,10.48,22.84,51.17,81.03,101.15,113.62,114.53,113.15,116.65,120.98,122.74,133.32,155.88,153.26,120.77,100.09,85.1,56.32,33.95,0.000895275,0.000946503,0.000807134,0.000772258,0.000901514,0.001041337,0.00102811,0.000982992,0.000926689,0.000867254,0.00083724,0.000807877,0.000813766,0.00082079,0.000840898,0.000826119,0.000837488,0.000896239,0.000949089,0.001001808,0.001022218,0.001060421,0.00105387,0.000989709,2015-11-30,33.4933077,126.4287763
Nov-15,5011010000000000000,제주특별자치도 제주시 외도이동 2999-9872,2.23,1.68,0.97,0.67,0.7,1.36,2.8,5.96,9.41,11.76,13.29,13.33,13.15,13.54,14.1,14.23,15.43,18.11,17.72,13.97,11.57,9.89,6.52,3.96,0.000106408,0.000119383,0.000101683,9.90303E-05,0.000115884,0.00013539,0.00012601,0.000114487,0.00010762,0.000100791,9.79199E-05,9.40072E-05,9.45656E-05,9.52557E-05,0.00009802,9.57944E-05,9.69078E-05,0.000104145,0.000109713,0.000115858,0.000118124,0.000123188,0.000122068,0.000115326,2015-11-30,33.4933077,126.4287763
Nov-15,5011010000000000000,제주특별자치도 제주시 이호일동 1999-9488,6.17,4.77,2.86,2.02,1.88,3.43,6.72,13.93,24.58,33.83,39.55,40.4,38.9,40.41,41.8,42.45,45.31,50.96,49,36.75,29.35,24.4,16.08,10.04,0.000293916,0.000338007,0.000300189,0.000299317,0.000310308,0.000340248,0.000302436,0.00026758,0.000281172,0.000290073,0.000291451,0.000284977,0.000279796,0.000284346,0.000290506,0.000285725,0.000284634,0.000292969,0.00030346,0.000304835,0.000299796,0.000304086,0.000300994,0.000292824,2015-11-30,33.4986042,126.4564616
Nov-15,5011010000000000000,제주특별자치도 제주시 이호일동 1000-128,7.46,4.8,2.98,2,1.61,2.71,6.43,16.75,31.19,44.19,51.63,53.69,51.61,53.96,55.29,57.38,61.3,67.01,64.91,48.29,38.21,30.98,20.61,12.76,0.000355487,0.000340347,0.000312633,0.000296646,0.000266246,0.000269059,0.000289562,0.000321798,0.000356708,0.000378921,0.000380447,0.00037869,0.000371202,0.000379649,0.000384321,0.000386217,0.000385072,0.00038527,0.000401932,0.00040061,0.000390253,0.000385978,0.000385629,0.000371963,2015-11-30,33.4986042,126.4564616
Nov-15,5011010000000000000,제주특별자치도 제주시 이호일동 9999-9744,7.69,5.08,3.2,2.2,1.78,3.01,7.06,17.59,32.86,46.62,54.16,56.33,54,56.49,57.53,59.39,63.34,69.77,67.63,49.8,39.36,31.84,21.06,12.93,0.000366379,0.00036063,0.000335598,0.000326474,0.000294501,0.000298793,0.000317681,0.000337929,0.000375861,0.000399719,0.000399137,0.000397334,0.000388365,0.000397507,0.000399865,0.000399705,0.000397929,0.000401116,0.000418773,0.000413067,0.000402002,0.000396803,0.000394032,0.00037689,2015-11-30,33.4986042,126.4564616
Nov-15,5011010000000000000,제주특별자치도 제주시 이호이동 1999-9488,7.07,4.55,2.75,1.83,1.58,2.79,6.54,16.25,28.58,39.11,45.31,47.12,45.83,47.3,48.44,50.05,53.79,59.91,58.5,44.45,35.72,29.37,19.64,12.25,0.000336927,0.000322971,0.000288375,0.000271567,0.000261675,0.00027737,0.000294543,0.000312244,0.000326816,0.000335342,0.000333899,0.000332375,0.000329606,0.000332815,0.0003367,0.000336827,0.00033793,0.000344434,0.000362241,0.00036875,0.00036485,0.000365995,0.000367521,0.000357261,2015-11-30,33.4917327,126.4601608
Nov-15,5011010000000000000,제주특별자치도 제주시 이호이동 1000-128,23.54,14.53,8.84,5.82,4.78,8.05,20.04,54.27,97.71,135.53,157.62,164.33,159.91,165.36,169.08,175.96,189.22,208.91,203.85,153.17,122,99.73,66.73,41.42,0.001121189,0.00103026,0.000927063,0.000862929,0.00078921,0.000799959,0.000902236,0.001042543,0.001117518,0.001162069,0.001161517,0.001159154,0.001150082,0.001163559,0.001175218,0.001184262,0.001188681,0.001201128,0.00126238,0.001270611,0.001246036,0.001242707,0.001248746,0.001207583,2015-11-30,33.4915783,126.4610652
Nov-15,5011010000000000000,제주특별자치도 제주시 이호이동 9999-9744,15.47,10.13,5.94,3.87,3.3,5.78,12.43,33.91,59.04,81.06,96.41,99.64,97.31,100.12,105.04,109.74,118.07,129,125.22,97.12,78.24,64.5,43.22,27.22,0.000736822,0.000718494,0.000622504,0.00057489,0.000544554,0.000574176,0.000559617,0.000651422,0.000675244,0.000695014,0.000710413,0.000702852,0.000699842,0.000704498,0.000730089,0.00073857,0.000741702,0.00074167,0.000775423,0.000805635,0.00079906,0.000803761,0.00080881,0.000793485,2015-11-30,33.4917327,126.4601608
Nov-15,5011010000000000000,제주특별자치도 제주시 도두일동 1000-128,33.15,22.61,13.86,9.27,7.88,13.34,26.39,68.14,117.54,161.38,192.68,198.79,193.09,198.28,208.72,218.09,234.22,256.4,249.39,195.48,157.75,130.34,88.01,56.36,0.001578766,0.001603344,0.001453617,0.001375938,0.00130215,0.001325495,0.001187911,0.001309029,0.001344278,0.001383681,0.001419876,0.001402217,0.001388687,0.001395146,0.001450723,0.001467867,0.001471366,0.001474176,0.001544354,0.001621552,0.001611121,0.00162417,0.001647057,0.001642971,2015-11-30,33.5011256,126.4715438
Nov-15,5011010000000000000,제주특별자치도 제주시 도두일동 1999-9488,37.59,24.65,15.08,10.1,8.32,14.52,32.44,86.1,155.43,217.55,255.98,265.7,256.6,266.24,275.68,286.18,306.43,335.67,325.95,246.91,197.6,160.4,105.69,64.96,0.001790566,0.001747974,0.001581551,0.001498612,0.001375458,0.001442509,0.001460292,0.001653937,0.001777655,0.001865303,0.001886352,0.001874225,0.001845499,0.001873353,0.00191612,0.001926109,0.00192501,0.001929925,0.002018468,0.002048173,0.002018096,0.001998772,0.001977781,0.001893787,2015-11-30,33.5011256,126.4715438
Nov-15,5011010000000000000,제주특별자치도 제주시 도두일동 2999-9872,30.12,19.23,12.4,8.58,6.75,10.85,26.2,67.83,128.57,184.45,214.45,224.14,214.58,224.44,227.84,235.96,251.39,275.04,266.95,195.93,154.52,123.87,82.1,50.51,0.001434491,0.001363988,0.001299957,0.001273197,0.001115821,0.001077826,0.001179598,0.001302965,0.001470391,0.001581531,0.001580305,0.001581023,0.001543275,0.001579215,0.001583619,0.001588088,0.001579238,0.001581321,0.001653081,0.001625301,0.001578078,0.001543507,0.001536373,0.001472392,2015-11-30,33.5011256,126.4715438
Nov-15,5011010000000000000,제주특별자치도 제주시 도두일동 9999-9488,2.54,1.61,0.99,0.66,0.54,0.94,2.15,5.88,10.46,14.45,16.93,17.57,17,17.69,18.29,19.01,20.44,22.43,21.89,16.72,13.49,10.96,7.23,4.43,0.000120856,0.000113874,0.000104199,9.73979E-05,8.90608E-05,9.34389E-05,9.66006E-05,0.000112918,0.000119682,0.000123902,0.000124738,0.000123958,0.000122255,0.00012444,0.000127118,0.000127919,0.00012841,0.000128947,0.000135536,0.000138683,0.000137736,0.000136616,0.000135267,0.000129057,2015-11-30,33.4939236,126.4700254
Nov-15,5011010000000000000,제주특별자치도 제주시 도두이동 9999-9744,27.13,19.02,13.16,9.11,7.13,10.16,18.76,46.9,81.28,111.21,130.31,134.77,128.69,133.84,139.05,145.7,156.25,174.31,173.28,136.17,110.99,91.12,63.21,41.73,0.001292042,0.001348764,0.001379654,0.001351205,0.001177729,0.001009121,0.000844272,0.000900951,0.000929609,0.000953489,0.000960244,0.000950639,0.000925513,0.00094175,0.00096651,0.000980614,0.00098159,0.001002182,0.001073066,0.001129544,0.001133564,0.001135448,0.001182962,0.001216425,2015-11-30,33.4939236,126.4700254
Nov-15,5011010000000000000,제주특별자치도 제주시 도두이동 1000-128,18.6,13.36,8.62,5.89,4.95,8.04,15,34.96,59.63,82.46,97.98,100.93,97.36,100.27,104.8,108.62,116.59,129.05,126.1,100.14,82.21,68.2,46.18,29.95,0.000885812,0.000947354,0.000904273,0.000873762,0.000818291,0.000798966,0.000675049,0.000671567,0.000682003,0.000707001,0.000721988,0.000711961,0.000700182,0.000705565,0.000728409,0.000731047,0.000732405,0.000741962,0.00078087,0.000830665,0.000839606,0.000849883,0.000864259,0.00087307,2015-11-30,33.5014721,126.4792704
Nov-15,5011010000000000000,제주특별자치도 제주시 도두이동 1999-9488,0.53,0.34,0.2,0.13,0.11,0.23,0.48,1.24,2.23,3.12,3.65,3.82,3.67,3.82,3.92,4.03,4.33,4.79,4.68,3.55,2.88,2.33,1.51,0.93,0.000025181,2.41602E-05,0.000021497,1.98357E-05,1.86163E-05,2.26478E-05,2.15618E-05,2.38528E-05,2.54506E-05,2.67426E-05,0.00002687,2.69576E-05,2.64283E-05,2.68718E-05,2.72534E-05,2.71551E-05,0.000027224,2.75437E-05,2.89811E-05,2.94289E-05,2.94067E-05,2.90088E-05,2.82324E-05,0.000027199,2015-11-30,33.5029956,126.484425
Nov-15,5011010000000000000,제주특별자치도 제주시 도두이동 2999-9872,0.81,0.54,0.34,0.23,0.19,0.36,0.75,2.01,3.45,4.64,5.42,5.6,5.41,5.65,5.91,6.08,6.58,7.36,7.25,5.64,4.67,3.8,2.42,1.42,3.86765E-05,3.81552E-05,3.52341E-05,3.38345E-05,3.17248E-05,3.59253E-05,3.38057E-05,3.86255E-05,3.94453E-05,3.97953E-05,3.99378E-05,3.95276E-05,3.88801E-05,3.97436E-05,4.10782E-05,4.09166E-05,4.13228E-05,4.23216E-05,4.49042E-05,4.67965E-05,4.76676E-05,4.73844E-05,4.52493E-05,4.13573E-05,2015-11-30,33.5029956,126.484425
Nov-15,5011010000000000000,제주특별자치도 제주시 도남동 1000-128,327.2,229.92,138.98,92.22,71.99,121.96,235.72,551.63,999.63,1392.7,1628.18,1709.67,1619.12,1709.2,1740.64,1809.94,1933.68,2195.78,2200.8,1659.74,1324.41,1131.81,783.49,530.34,0.015585147,0.016306343,0.014573853,0.013685474,0.011895099,0.012114314,0.010610774,0.010596912,0.011432486,0.011941147,0.011998129,0.012059792,0.011644768,0.012026559,0.012098539,0.012181663,0.012147342,0.012624535,0.013628569,0.013767986,0.013526186,0.014103264,0.014661792,0.015460614,2015-11-30,33.4868951,126.5250146
Nov-15,5011010000000000000,제주특별자치도 제주시 도남동 9999-9744,287.36,195.54,112.19,76.58,63.78,115.62,212.87,522.58,906.58,1217.06,1403.07,1458.74,1389.76,1465.24,1493.98,1565.7,1687.58,1915.3,1959.19,1538.88,1246.48,1066.83,730.14,486.04,0.013687395,0.013867936,0.011764386,0.011364692,0.010538808,0.011484446,0.009582348,0.010038847,0.010368305,0.010435179,0.010339328,0.010289767,0.009995199,0.010309927,0.010384075,0.010537867,0.010601319,0.011011923,0.012132362,0.01276549,0.012730285,0.013293563,0.013663464,0.014169073,2015-11-30,33.4868951,126.5250146
Nov-15,5011010000000000000,제주특별자치도 제주시 도련일동 2999-9872,2.28,2.24,0.97,0.71,0.81,2.32,4.6,9.65,15.33,19.92,22.48,21.68,20.61,20.97,21.77,21.9,23.25,26.92,23.78,16.24,12.96,11.19,6.88,4.13,0.000108377,0.000159003,0.000102172,0.000104966,0.000134004,0.000230551,0.000206991,0.00018529,0.000175291,0.00017079,0.000165666,0.000152952,0.000148225,0.000147522,0.000151336,0.000147372,0.000146068,0.000154775,0.000147267,0.000134707,0.000132388,0.000139428,0.000128761,0.000120525,2015-11-30,33.5053989,126.5869274
Nov-15,5011010000000000000,제주특별자치도 제주시 도련일동 1999-9488,35.26,26.64,12.38,8.47,9.48,25.51,54.95,123.16,195.94,246.93,273.13,265.8,253.76,260.21,268.07,274.06,297.43,351.33,331.15,250.31,205.95,176.81,113.92,68.51,0.001679506,0.001889106,0.001298489,0.001257665,0.001566798,0.002534076,0.002473548,0.002365858,0.002240942,0.002117213,0.002012706,0.001874903,0.001825018,0.001830956,0.00186324,0.00184455,0.001868426,0.002019952,0.002050673,0.002076429,0.002103419,0.002203258,0.002131881,0.001997336,2015-11-30,33.5136397,126.5823108
Nov-15,5011010000000000000,제주특별자치도 제주시 도련일동 1000-128,4.4,5.7,2.13,1.64,1.89,6.55,11.64,21.26,31.38,41.48,47.92,45.31,43.2,42.95,45.36,44.6,47.31,56.84,48.54,31.66,25.36,22.65,12.85,7.82,0.000209545,0.000404104,0.000223149,0.000244064,0.000311795,0.000650728,0.000523966,0.00040845,0.000358877,0.000355654,0.000353147,0.000319623,0.000310724,0.000302239,0.000315294,0.000300171,0.000297194,0.000326791,0.000300617,0.00026259,0.000259026,0.000282246,0.000240537,0.000228019,2015-11-30,33.5037512,126.5937103
Nov-15,5011010000000000000,제주특별자치도 제주시 도련일동 9999-9744,0.17,0.52,0.15,0.13,0.15,0.54,0.66,0.56,0.68,0.89,1.28,0.96,0.91,0.87,1.18,0.89,0.87,1.27,0.77,0.54,0.42,0.69,0.27,0.19,8.03379E-06,3.70441E-05,0.000016149,1.91927E-05,2.46198E-05,5.40701E-05,2.95444E-05,1.08154E-05,7.80367E-06,7.60809E-06,9.41765E-06,6.78584E-06,6.55194E-06,6.1099E-06,8.20637E-06,5.9699E-06,5.47579E-06,7.30946E-06,4.75175E-06,4.47669E-06,4.27585E-06,8.61874E-06,5.08384E-06,5.46118E-06,2015-11-30,33.5053989,126.5869274
Nov-15,5011010000000000000,제주특별자치도 제주시 도련이동 1000-128,17.6,14.64,6.42,4.64,5.24,15.13,30.08,61.72,92.23,115.65,128.56,123.78,119.17,120.29,124.73,126.15,138.21,168.48,160.1,123.77,103.12,90.12,56.9,34.42,0.00083807,0.001038132,0.000672769,0.000687969,0.000865823,0.001502539,0.001354134,0.001185583,0.001054792,0.00099157,0.000947333,0.000873107,0.000857045,0.000846421,0.00086693,0.000849034,0.000868221,0.000968687,0.000991458,0.001026744,0.001053136,0.001122979,0.001064711,0.001003507,2015-11-30,33.5037512,126.5937103
Nov-15,5011010000000000000,제주특별자치도 제주시 도련이동 1999-9488,1.51,1.17,0.52,0.38,0.43,1.23,2.52,5.29,7.77,9.72,10.73,10.37,10.02,10.08,10.39,10.57,11.65,14.32,13.84,10.81,9.06,7.85,4.98,3.03,7.19389E-05,8.26459E-05,5.49485E-05,5.64403E-05,7.04996E-05,0.000122279,0.000113406,0.000101533,0.000088833,8.33746E-05,0.000079065,7.31582E-05,7.20617E-05,7.08982E-05,7.21984E-05,0.000071143,7.31661E-05,8.23148E-05,8.57152E-05,8.96831E-05,9.25742E-05,9.78425E-05,9.31933E-05,8.82341E-05,2015-11-30,33.5136397,126.5823108
Nov-15,5011010000000000000,제주특별자치도 제주시 도련이동 9999-9744,4.49,6.32,2.17,1.67,1.9,6.72,10.77,16.98,24.53,31.35,37.15,34.06,32.54,32.42,35.48,33.91,36.43,45.71,39.44,28.81,23.62,22.52,12.85,7.96,0.00021407,0.000448075,0.000227763,0.00024723,0.000313393,0.000667847,0.000484683,0.000326185,0.000280543,0.00026883,0.000273765,0.000240255,0.000234031,0.00022814,0.000246583,0.000228238,0.000228833,0.000262819,0.000244222,0.000239001,0.000241252,0.00028061,0.000240506,0.0002321,2015-11-30,33.5123228,126.5969032
Nov-15,5011010000000000000,제주특별자치도 제주시 도련이동 2999-9872,1.85,2.13,0.81,0.6,0.69,2.22,3.84,6.76,9.98,12.63,14.54,13.62,13.07,13.11,14.01,13.7,14.83,18.24,16.35,12.27,10.09,9.26,5.56,3.39,8.82923E-05,0.000150871,8.48345E-05,8.93845E-05,0.000113515,0.000220419,0.000172795,0.00012981,0.000114135,0.000108331,0.000107146,9.61022E-05,0.000094007,9.22794E-05,9.73713E-05,9.22026E-05,0.000093191,0.000104847,0.000101275,0.000101791,0.000103002,0.000115387,0.000104103,9.89427E-05,2015-11-30,33.5123228,126.5969032
Nov-15,5011010000000000000,제주특별자치도 제주시 용강동 9999-9488,5.2,3.93,2.56,1.31,0.8,1.98,6.87,22.03,39.82,64.12,79.08,84.38,73.99,77.49,75.32,78.89,81.99,87.91,58.95,26.63,18.28,14.31,9.5,6.14,0.000247555,0.000278575,0.000267926,0.000194845,0.000132793,0.000196679,0.000309293,0.000423248,0.000455369,0.000549777,0.000582718,0.000595205,0.000532143,0.000545244,0.000523523,0.000530987,0.000515046,0.000505435,0.000365071,0.000220937,0.000186687,0.000178335,0.000177847,0.000178975,2015-11-30,33.4492679,126.5956066
Nov-15,5011010000000000000,제주특별자치도 제주시 용강동 9999-9744,4.14,2.39,1.29,0.47,0.24,1.04,4.54,14.64,28,41.79,49.19,52.41,48.38,49.13,47.65,49.12,51.49,51.38,38.85,21.81,17.18,14.22,9.96,6.77,0.000197431,0.0001695,0.000135309,6.98455E-05,4.02619E-05,0.000103008,0.000204245,0.000281284,0.000320191,0.000358312,0.000362457,0.000369673,0.000347965,0.000345712,0.000331218,0.000330593,0.000323482,0.000295387,0.000240605,0.000180923,0.000175436,0.000177189,0.000186424,0.00019739,2015-11-30,33.4492679,126.5956066
Nov-15,5011010000000000000,제주특별자치도 제주시 용강동 1000-128,5.52,4.62,2.24,1.54,1.68,6.22,15.32,37.2,58.54,81.33,92.13,91.9,86.96,86.58,86.67,88.72,93.61,104.55,86.53,47.43,36.59,28.34,16.44,9.96,0.000262797,0.000327534,0.000234475,0.00022863,0.000277868,0.000618313,0.000689828,0.000714591,0.000669484,0.000697295,0.000678901,0.000648274,0.000625388,0.000609205,0.000602418,0.000597138,0.000588035,0.000601102,0.000535833,0.000393437,0.000373708,0.000353103,0.000307619,0.000290453,2015-11-30,33.4629075,126.5901888
Nov-15,5011010000000000000,제주특별자치도 제주시 용강동 1999-9488,1.23,1.06,0.51,0.34,0.36,1.29,3.04,7.43,11.94,16.6,18.91,18.92,17.81,17.86,18,18.39,19.41,21.36,17.68,9.97,7.63,6.07,3.53,2.16,5.88086E-05,7.48446E-05,5.33056E-05,5.03066E-05,5.89883E-05,0.000128106,0.000136828,0.000142681,0.000136608,0.000142319,0.000139327,0.000133462,0.00012809,0.000125634,0.000125104,0.000123775,0.000121958,0.000122787,0.000109474,8.27095E-05,7.78913E-05,7.56622E-05,6.60462E-05,0.000063066,2015-11-30,33.4492679,126.5956066
Nov-15,5011010000000000000,제주특별자치도 제주시 회천동 9999-9744,2.39,2.05,1.02,0.83,0.81,2.6,7.31,22.19,39.97,58.91,67.1,68.25,62.36,63.52,64.64,66.22,67.32,69.79,48.29,23.22,16.39,12.58,7.5,4.39,0.000113727,0.00014515,0.000106961,0.000123516,0.000133233,0.000258033,0.000328874,0.000426232,0.000457123,0.000505106,0.000494446,0.000481409,0.000448507,0.00044697,0.000449256,0.000445672,0.000422917,0.000401236,0.000299013,0.00019263,0.000167354,0.000156741,0.00014032,0.000128095,2015-11-30,33.4787795,126.6300895
Nov-15,5011010000000000000,제주특별자치도 제주시 회천동 2999-9872,4.05,6.49,2.4,1.91,2.28,7.91,13.93,25.39,37.47,51.03,59.41,56.28,53.47,52.86,55.54,54.26,56.61,66.4,53.11,30.32,23.21,20.68,10.78,6.51,0.000193033,0.000459919,0.000251323,0.000283933,0.000377228,0.000785854,0.000627214,0.000487775,0.000428558,0.000437522,0.000437776,0.000396972,0.000384558,0.000371909,0.000386033,0.000365198,0.000355637,0.000381767,0.000328899,0.000251552,0.000237037,0.000257678,0.000201788,0.000189703,2015-11-30,33.4948803,126.6075996
Nov-15,5011010000000000000,제주특별자치도 제주시 회천동 1999-9488,5.25,8.17,3.11,2.48,2.96,10.15,18.21,33.66,49.49,67.48,78.29,74.28,70.66,69.74,73.11,71.65,74.85,87.89,71,40.25,30.83,27.16,14.08,8.49,0.000250111,0.00057968,0.0003263,0.000368717,0.00048854,0.001008392,0.000819664,0.000646593,0.000565955,0.000578546,0.000576901,0.000523939,0.000508213,0.000490743,0.000508137,0.000482232,0.000470181,0.000505343,0.00043965,0.000333874,0.000314847,0.000338386,0.000263405,0.00024758,2015-11-30,33.4954928,126.6095901
Nov-15,5011010000000000000,제주특별자치도 제주시 회천동 1000-128,1,0.93,0.46,0.23,0.39,1.31,2.94,6.94,10.53,14.19,15.93,15.66,14.99,14.82,14.97,15.29,16.25,18.63,15.77,9.21,7.14,5.64,3.24,1.85,4.78058E-05,6.59323E-05,4.81323E-05,3.37356E-05,6.43309E-05,0.000130358,0.000132552,0.000133307,0.000120433,0.000121698,0.000117406,0.000110436,0.000107821,0.000104267,0.000104042,0.000102933,0.000102088,0.000107133,9.76503E-05,7.64217E-05,7.29108E-05,7.02251E-05,6.06006E-05,5.39316E-05,2015-11-30,33.5089049,126.6156318
Nov-15,5011010000000000000,제주특별자치도 제주시 회천동 9999-9488,0.75,0.84,0.4,0.35,0.25,0.81,1.53,3.9,7.27,11.14,13.22,13.71,12.29,12.87,13.34,13.28,12.96,12.88,8.15,4.1,3.17,2.74,1.72,1.23,3.57075E-05,5.93367E-05,4.20502E-05,5.15432E-05,4.13634E-05,0.000080029,6.89018E-05,7.50099E-05,8.31184E-05,9.55213E-05,9.73992E-05,9.66783E-05,8.83852E-05,9.05625E-05,9.27514E-05,8.93825E-05,8.14207E-05,7.40682E-05,5.04755E-05,3.40162E-05,3.23991E-05,3.42008E-05,3.21373E-05,3.58864E-05,2015-11-30,33.4787795,126.6300895
Nov-15,5011010000000000000,제주특별자치도 제주시 오등동 9999-9488,13.47,11.37,6.11,4.29,3.98,7.81,17.64,45.55,96.01,146.55,173.94,185.55,173.65,182.61,175.98,183.25,184.36,189.79,152.6,84.35,61.28,51.8,33.36,21.22,0.000641512,0.000806152,0.000640681,0.000635881,0.000657849,0.000775788,0.000794276,0.00087501,0.001098019,0.00125657,0.001281785,0.00130884,0.001248901,0.001284929,0.001223152,0.001233324,0.00115813,0.001091168,0.000944977,0.000699741,0.000625813,0.00064543,0.000624227,0.000618746,2015-11-30,33.4581704,126.5275999
Nov-15,5011010000000000000,제주특별자치도 제주시 오등동 1000-128,10.96,8.08,4.22,3.06,2.83,6.42,14.95,39,72.21,98.91,114.39,117.66,111.02,117.48,119.51,121.58,131.1,151.25,139.29,82.04,58.1,49.38,30.37,18.02,0.000521974,0.000572824,0.000442419,0.0004536,0.00046728,0.000637683,0.000672993,0.000749292,0.000825813,0.000848085,0.000842983,0.000829956,0.000798485,0.000826633,0.000830637,0.000818276,0.000823573,0.000869605,0.000862542,0.000680515,0.000593383,0.000615337,0.000568361,0.000525187,2015-11-30,33.4547664,126.5245101
Nov-15,5011010000000000000,제주특별자치도 제주시 오등동 9999-9744,16.08,13.18,6.56,4.43,4.06,9.18,19.79,48.64,100.57,150.35,187,197.62,194.6,204.61,197.69,211.63,211.64,234.75,199.02,112.06,83.71,71.07,42.42,26.71,0.000765861,0.000935061,0.000687834,0.000657448,0.000670738,0.000912073,0.000890772,0.000934313,0.001150185,0.001289091,0.001378047,0.001393994,0.001399535,0.001439728,0.001374041,0.001424357,0.001329521,0.001349689,0.001232429,0.00092955,0.000854959,0.000885625,0.000793833,0.000778802,2015-11-30,33.4581704,126.5275999
Nov-15,5011010000000000000,제주특별자치도 제주시 오등동 1999-9488,18.19,12.76,7.15,5.41,4.98,10.27,26.81,74.25,139.47,192.83,221.31,229.69,214.97,231.98,234.34,239.66,257.49,299.44,271.66,147.33,98.04,81.41,49.41,28.63,0.000866585,0.000904849,0.000749844,0.000803422,0.000823303,0.00102008,0.001206637,0.001426282,0.001595113,0.001653328,0.00163081,0.001620208,0.001546075,0.001632262,0.001628805,0.001613038,0.001617535,0.001721619,0.001682241,0.001222117,0.001001237,0.001014482,0.000924578,0.000834735,2015-11-30,33.4273759,126.5394614
Nov-15,5011010000000000000,제주특별자치도 제주시 오등동 5 9999-9488,0.12,0.07,0.04,0.03,0.03,0.05,0.18,0.58,1.1,1.53,1.73,1.82,1.69,1.83,1.85,1.89,2.06,2.37,2.19,1.17,0.77,0.62,0.38,0.21,5.82688E-06,5.10627E-06,4.47417E-06,4.84764E-06,4.57146E-06,5.1653E-06,8.13257E-06,1.10843E-05,1.26262E-05,1.31127E-05,1.27779E-05,1.28193E-05,1.21809E-05,1.28695E-05,1.28332E-05,1.27519E-05,1.29283E-05,1.36453E-05,1.35514E-05,9.72484E-06,7.82658E-06,7.72987E-06,7.04252E-06,6.10253E-06,2015-11-30,33.4455693,126.5509243
Nov-15,5011010000000000000,제주특별자치도 제주시 월평동 9999-9488,0.26,0.2,0.13,0.06,0.04,0.1,0.3,0.96,1.74,2.8,3.42,3.66,3.22,3.38,3.24,3.4,3.53,3.75,2.54,1.16,0.8,0.65,0.44,0.29,1.25429E-05,1.44441E-05,1.36322E-05,9.54688E-06,6.71949E-06,9.4366E-06,1.36393E-05,1.83458E-05,1.98885E-05,2.40389E-05,2.52095E-05,2.58031E-05,0.000023132,0.00002375,2.25409E-05,2.29104E-05,2.22026E-05,2.15451E-05,1.57022E-05,9.64742E-06,8.16701E-06,8.04139E-06,8.2589E-06,8.59019E-06,2015-11-30,33.4376198,126.5870541
Nov-15,5011010000000000000,제주특별자치도 제주시 월평동 1000-128,16.56,12.54,6.54,3.82,3.31,8.63,24.61,76.06,159.27,197.16,230.17,231.09,220.49,228.18,220.96,228.3,280.13,278.99,238.75,124.3,97.85,78.42,50.77,31.04,0.000788708,0.000889105,0.000686261,0.000567421,0.000546427,0.000857406,0.001107786,0.001461219,0.001821492,0.001690457,0.001696164,0.001630119,0.001585744,0.001605577,0.001535805,0.001536578,0.001759794,0.001604016,0.001478463,0.001031143,0.000999327,0.000977162,0.000950085,0.000905012,2015-11-30,33.4696734,126.5746725
Nov-15,5011010000000000000,제주특별자치도 제주시 월평동 9999-9744,5.92,5.44,2.66,1.7,1.6,5.02,11.76,29.32,51.64,72.6,85.38,86.57,80.21,81.88,81.09,82.86,89.99,95.92,75.5,39.84,30.42,25,15.36,9.72,0.000282167,0.000385736,0.000278972,0.000251879,0.0002652,0.000498683,0.000529203,0.000563208,0.000590574,0.000622494,0.00062916,0.000610676,0.000576892,0.00057612,0.000563628,0.000557716,0.000565334,0.000551515,0.000467538,0.000330448,0.000310639,0.000311546,0.000287377,0.000283428,2015-11-30,33.4376198,126.5870541
Nov-15,5011010000000000000,제주특별자치도 제주시 월평동 4 9999-9744,0.02,0.02,0.01,0,0,0.01,0.01,0.02,0.03,0.05,0.05,0.05,0.05,0.05,0.04,0.04,0.05,0.04,0.03,0.01,0.01,0.01,0,0.01,7.14467E-07,1.08745E-06,1.08359E-06,5.44123E-07,3.85545E-07,6.95329E-07,3.90124E-07,3.13768E-07,3.27853E-07,3.97267E-07,3.73365E-07,3.69154E-07,3.35628E-07,3.56508E-07,2.80342E-07,2.98383E-07,2.91065E-07,2.52975E-07,1.87841E-07,1.02309E-07,6.80868E-08,9.96867E-08,8.73297E-08,1.55479E-07,2015-11-30,33.4267796,126.5911711
Nov-15,5011010000000000000,제주특별자치도 제주시 영평동 2999-9872,7.97,7.46,3.3,2.08,2.02,6.34,12.94,32.23,62.32,72.77,85.71,83.49,81.62,83.2,82.66,84.69,103.78,109.78,97.36,59.48,47.57,40,24.42,14.86,0.000379795,0.000528782,0.000345875,0.000309309,0.000333276,0.000629537,0.000582634,0.000619199,0.000712749,0.000623963,0.000631609,0.000588899,0.000587021,0.000585417,0.000574511,0.000570019,0.000651949,0.000631159,0.0006029,0.000493387,0.000485844,0.000498408,0.000456915,0.000433192,2015-11-30,33.4495251,126.5743285
Nov-15,5011010000000000000,제주특별자치도 제주시 영평동 9999-9488,4.3,5.61,2.44,1.59,1.46,4.3,6.94,11.94,22.3,34.52,43.54,44.33,39.55,41.04,41.64,40.8,41.61,43.88,29.68,16.44,12.54,13.28,8.16,5.88,0.000204655,0.000397532,0.000255343,0.000236446,0.000241571,0.000427395,0.000312339,0.000229454,0.000255005,0.000296015,0.00032088,0.00031269,0.000284445,0.000288788,0.000289429,0.000274636,0.000261391,0.000252257,0.00018377,0.000136375,0.000128044,0.000165534,0.000152771,0.000171551,2015-11-30,33.4495251,126.5743285
Nov-15,5011010000000000000,제주특별자치도 제주시 영평동 1999-9488,40.3,51,21.88,14.52,13.99,42.91,76.08,161.17,335.33,424.34,517.85,503.51,472.65,497.08,497.43,503.02,602.25,625.61,522.51,269.6,209.34,186.37,110.91,69.77,0.001919725,0.003617223,0.002293888,0.002154429,0.00231145,0.004262497,0.003424789,0.003096042,0.003835056,0.003638342,0.003816048,0.003551718,0.003399293,0.003497614,0.003457481,0.003385572,0.003783287,0.003596919,0.003235653,0.002236379,0.002137994,0.002322309,0.002075428,0.002034029,2015-11-30,33.4495251,126.5743285
Nov-15,5011010000000000000,제주특별자치도 제주시 영평동 1000-128,3.45,2.4,1.25,0.74,0.93,3.09,6.56,19.83,34.8,44.24,50.37,49.94,46.1,48.43,51.22,53.48,59.13,63.24,56.68,35.92,26.35,20.98,11.78,6.61,0.000164502,0.00017002,0.000131184,0.000110308,0.000154328,0.000307203,0.000295233,0.000380864,0.000398006,0.000379318,0.000371147,0.000352297,0.000331555,0.000340803,0.000356036,0.000359942,0.000371453,0.000363608,0.000351016,0.000297975,0.00026914,0.000261441,0.000220433,0.000192803,2015-11-30,33.4495251,126.5743285
Nov-15,5011010000000000000,제주특별자치도 제주시 영평동 9999-9744,2.15,2.6,1.07,0.81,0.96,3.32,6.58,13.69,20.85,28.11,32.15,31.07,29.55,29.41,30.34,30.39,32.16,37.03,30.93,17.8,13.71,11.36,6.25,3.73,0.000102359,0.000184322,0.000112029,0.000119905,0.000158459,0.000330116,0.000296179,0.000263053,0.000238494,0.000241052,0.00023692,0.000219171,0.000212546,0.000206934,0.000210898,0.000204572,0.000202049,0.000212888,0.000191562,0.000147637,0.000140021,0.000141601,0.000117009,0.000108748,2015-11-30,33.4495251,126.5743285
Nov-15,5011010000000000000,제주특별자치도 제주시 연동 9999-9744,2792.43,2017.37,1454.02,993.56,701.34,691.75,1167.73,2875.88,5213.29,7453.17,8932.89,9513.6,9174.88,9756.97,10022.27,10410.38,11140.74,12088.78,12204.03,10031.03,8530.95,7314.16,5422.19,3923.14,0.133006608,0.143072802,0.152473386,0.147441086,0.11588536,0.068712977,0.05256437,0.05524655,0.059622996,0.063904243,0.065826896,0.067107878,0.065986006,0.068653423,0.069660999,0.070066439,0.069985811,0.06950378,0.075574092,0.083210246,0.087126801,0.091140581,0.101468178,0.114368345,2015-11-30,33.4659777,126.4934011
Nov-15,5011010000000000000,제주특별자치도 제주시 연동 1999-9488,634.41,428.56,295.35,195.11,147.47,185.29,351.78,924.66,1675.07,2349.19,2804.86,2919.71,2802.9,2947.23,3067.34,3216.26,3468.94,3768.75,3756.37,3018.55,2462.81,2085.28,1477.84,1007.62,0.030217481,0.030393612,0.030971631,0.028954393,0.024366808,0.018405615,0.015835143,0.01776296,0.019157318,0.020142217,0.020669121,0.020595325,0.020158553,0.020737704,0.021319924,0.021646853,0.021791785,0.021668186,0.023261483,0.025039719,0.025152685,0.025984386,0.027655506,0.029374479,2015-11-30,33.4659777,126.4934011
Nov-15,5011010000000000000,제주특별자치도 제주시 연동 1000-128,200.2,126.6,84.02,53.06,39.25,50.85,111.34,322.47,632.57,881.82,1036.03,1102.83,1070.14,1149.76,1173.71,1238.45,1357.63,1484.18,1447.55,1106.68,895.81,766.31,522.86,342.63,0.009535675,0.00897859,0.008810523,0.007873997,0.006485302,0.005050901,0.005011962,0.006194736,0.00723457,0.007560853,0.007634535,0.007779224,0.007696456,0.008090095,0.008157984,0.008335299,0.008528574,0.008533187,0.008964001,0.009180228,0.009148933,0.009548849,0.009784552,0.009988449,2015-11-30,33.4694542,126.4911613
Nov-15,5011010000000000000,제주특별자치도 제주시 연동 9999-9488,21.96,15.01,10.18,7.28,6.25,9.84,19.57,50.05,97.05,137.37,159.17,165.28,156.66,167.42,171.51,177.15,189.99,206.95,186.44,128.11,100.75,85.79,57,36.93,0.00104617,0.001064278,0.001067929,0.001079589,0.001032489,0.000977599,0.000880929,0.000961546,0.001109947,0.001177851,0.001172947,0.001165883,0.001126677,0.001178028,0.00119212,0.001192314,0.001193508,0.001189826,0.001154568,0.001062706,0.001029003,0.001068986,0.001066739,0.001076572,2015-11-30,33.4659777,126.4934011
Nov-15,5011010000000000000,제주특별자치도 제주시 연동 2999-9872,8.36,5.62,3.92,2.59,1.9,2.7,5.98,16.33,28.83,40.22,45.73,46.93,45.31,46.81,48.58,49.72,52.98,59.02,58.33,47.73,40.81,32.32,21.71,13.3,0.000397974,0.000398502,0.000410715,0.000384447,0.000314715,0.000268,0.000269365,0.000313724,0.000329725,0.000344862,0.000337021,0.000331037,0.000325861,0.000329383,0.000337668,0.000334617,0.000332788,0.000339346,0.000361209,0.000395901,0.000416776,0.000402722,0.000406326,0.000387686,2015-11-30,33.4659777,126.4934011
Nov-15,5011010000000000000,제주특별자치도 제주시 연동 40-0,1.45,0.97,0.68,0.45,0.33,0.45,0.99,2.7,4.77,6.66,7.56,7.75,7.46,7.71,7.99,8.18,8.72,9.71,9.61,7.9,6.76,5.35,3.65,2.27,0.000068827,0.00006884,7.18315E-05,6.69765E-05,5.43067E-05,4.47328E-05,4.46992E-05,5.18038E-05,5.44999E-05,5.70893E-05,5.56928E-05,5.46512E-05,5.36837E-05,5.42643E-05,5.55193E-05,5.50864E-05,5.47621E-05,5.58041E-05,5.95331E-05,6.55106E-05,6.90162E-05,6.66987E-05,6.82232E-05,6.60881E-05,2015-11-30,33.4954351,126.5021328
Nov-15,5011010000000000000,제주특별자치도 제주시 도평동 1000-128,28.93,17.02,9.68,6.32,6.39,12.04,32.38,84.31,134.73,168.85,186.86,190.63,188.63,195,199.73,205.54,224.31,260.16,257.87,201.45,166.43,139.42,92.6,54.88,0.001378128,0.00120671,0.001015008,0.000938463,0.001056337,0.001195932,0.001457456,0.001619666,0.001540868,0.001447706,0.001376954,0.001344704,0.001356599,0.001372111,0.001388267,0.001383407,0.001409116,0.001495777,0.001596852,0.001671127,0.001699739,0.001737348,0.001732802,0.001599787,2015-11-30,33.4740624,126.450262
Nov-15,5011010000000000000,제주특별자치도 제주시 도평동 9999-9744,4.84,3.21,1.84,1.28,1.14,2.08,4.82,12.33,21.2,28.46,32.56,33.74,33.52,33.97,34.15,35.16,38.25,44.52,43.67,31.79,25.26,21.35,14.09,8.63,0.000230312,0.000227985,0.000192984,0.00019069,0.000188421,0.000206546,0.000216849,0.000236773,0.000242501,0.000244031,0.000239939,0.000237977,0.000241084,0.000239034,0.000237392,0.000236609,0.000240288,0.000255986,0.00027042,0.000263688,0.00025795,0.000266031,0.000263754,0.000251487,2015-11-30,33.4778131,126.4518312
Nov-15,5011010000000000000,제주특별자치도 제주시 해안동 1999-9488,31.41,19.79,13.85,10.53,9.91,17.7,46.08,125.95,203.5,276.98,308.75,313.13,296.84,298.99,301.05,311.76,343.02,406.92,375.46,235.77,175.09,140.53,90.1,52.81,0.001496031,0.001403254,0.001452883,0.001561978,0.001638234,0.001757791,0.002074272,0.002419462,0.002327403,0.002374816,0.002275189,0.002208787,0.002134891,0.00210381,0.002092451,0.002098285,0.002154857,0.002339577,0.002325061,0.001955749,0.001788215,0.001751125,0.0016861,0.001539617,2015-11-30,33.4568741,126.4568435
Nov-15,5011010000000000000,제주특별자치도 제주시 해안동 2999-9872,9.11,6.16,4.53,3.55,3.39,5.59,13.11,33.57,53.79,72.96,81.45,82.38,78.16,78.62,79.31,81.86,89.63,105.93,97.26,62.08,46.61,37.76,24.65,14.84,0.000434078,0.000436657,0.000474717,0.000526958,0.000560637,0.000555601,0.000590017,0.000644903,0.000615156,0.00062555,0.000600192,0.000581064,0.000562115,0.000553184,0.000551268,0.000550959,0.000563043,0.000609012,0.000602256,0.000514996,0.000476029,0.000470546,0.000461201,0.000432503,2015-11-30,33.4242628,126.4714854
Nov-15,5011010000000000000,제주특별자치도 제주시 해안동 9999-9488,7.06,6.79,6.09,5.14,5.22,7.24,10.51,20.33,38.58,59.44,77.74,75.52,64.61,63.65,60.33,58.33,56.04,54.79,35.39,21.2,17.77,14.92,10.86,8.2,0.000336482,0.000481597,0.000638164,0.000762514,0.000861913,0.000719202,0.00047328,0.000390603,0.000441256,0.000509659,0.000572838,0.000532674,0.000464672,0.000447885,0.000419359,0.000392591,0.000352038,0.000315006,0.000219156,0.000175879,0.000181441,0.000185974,0.000203191,0.000239058,2015-11-30,33.4242628,126.4714854
Nov-15,5011010000000000000,제주특별자치도 제주시 해안동 1000-128,13.82,9.24,6.07,4.57,4.18,7.67,18.76,49.7,81.61,111.82,125.84,127.87,122.02,122.86,123.71,127.73,139.93,165.54,153.73,98.3,73.57,59.99,38.62,23.11,0.000658056,0.000655044,0.000636242,0.000677729,0.000691171,0.000761617,0.000844497,0.00095472,0.000933406,0.000958794,0.000927343,0.00090196,0.000877579,0.000864469,0.000859871,0.0008597,0.000879051,0.000951778,0.000951985,0.000815416,0.000751331,0.000747555,0.000722797,0.000673591,2015-11-30,33.4612873,126.459608
Nov-15,5011010000000000000,제주특별자치도 제주시 해안동 9999-9744,2.15,1.41,1.02,0.69,0.64,1.21,2.85,7.92,15.55,24.1,27.26,27.54,25.15,25.98,26.42,26.73,27.68,29.4,23.6,13.96,10.96,8.89,5.89,3.64,0.000102439,9.99504E-05,0.000107066,0.000102691,0.000105033,0.000120292,0.000128216,0.000152235,0.000177841,0.000206616,0.000200898,0.000194297,0.000180851,0.000182797,0.000183656,0.000179885,0.000173895,0.000169007,0.000146152,0.000115838,0.000111976,0.000110793,0.000110135,0.000105998,2015-11-30,33.4242628,126.4714854
Nov-15,5011010000000000000,제주특별자치도 제주시 해안동 40-0,0.01,0,0,0,0,0,0.01,0.04,0.08,0.15,0.17,0.17,0.15,0.16,0.16,0.16,0.16,0.15,0.1,0.05,0.04,0.03,0.02,0.01,3.33418E-07,2.12761E-07,2.44681E-07,4.94657E-08,5.50778E-08,3.6422E-07,5.10162E-07,6.85168E-07,9.72123E-07,1.26039E-06,1.23063E-06,1.17565E-06,1.06682E-06,1.09532E-06,1.10515E-06,1.05668E-06,9.73706E-07,8.64333E-07,6.29576E-07,3.81583E-07,3.91499E-07,3.73825E-07,3.61795E-07,3.20675E-07,2015-11-30,33.4357742,126.4798918
Nov-15,5011010000000000000,제주특별자치도 제주시 내도동 9999-9744,14.23,9.47,5.42,3.66,3.77,7.17,16.74,39.73,63.64,80.02,89.56,90.61,89.43,92.42,95.36,97.32,105.74,122.94,120.92,94.55,78.04,65.83,43.54,26.1,0.000677664,0.00067145,0.00056857,0.00054249,0.000622324,0.000712017,0.000753464,0.000763181,0.000727884,0.00068614,0.000659977,0.000639134,0.000643207,0.000650292,0.000662837,0.000655031,0.000664231,0.000706833,0.000748832,0.000784281,0.00079701,0.000820284,0.000814792,0.000760961,2015-11-30,33.4909085,126.4428817
Nov-15,5011010000000000000,제주특별자치도 제주시 내도동 1000-128,17.58,13.01,7.46,5.11,5.37,10.4,21.8,47.12,74.51,93.11,105.08,105.57,104.21,107.33,111.66,112.89,122.45,143.53,140.61,110.84,91.78,78.29,51.66,31.29,0.000837244,0.000922438,0.000782526,0.000758309,0.000886587,0.001033424,0.000981176,0.00090526,0.000852178,0.000798292,0.000774332,0.000744693,0.00074945,0.000755188,0.000776137,0.000759782,0.000769215,0.000825239,0.000870734,0.000919419,0.000937331,0.000975513,0.000966759,0.000912037,2015-11-30,33.4909085,126.4428817
Nov-15,5011030000000000000,제주특별자치도 제주시 애월읍 광령리 3999-9744,12.81,7.97,6.16,4.83,4.67,7.73,20.98,56.54,92.05,126.31,141.75,144.06,136.06,137.11,136.76,141.87,154.47,178.24,157.95,97.53,72.62,57.85,36.98,21.57,0.000609949,0.000565046,0.000645994,0.000716412,0.000772356,0.000767808,0.000944474,0.001086132,0.001052721,0.001082975,0.001044543,0.001016214,0.000978547,0.000964761,0.000950595,0.000954825,0.000970404,0.001024806,0.000978144,0.000809006,0.000741687,0.000720814,0.000692001,0.00062894,2015-11-30,33.4034138,126.4508866
Nov-15,5011030000000000000,제주특별자치도 제주시 애월읍 광령리 999-9616,21.45,13.43,10.43,8.15,7.81,13.55,36.33,98.22,157.32,215.77,240.69,243.78,228.66,230.15,230.38,238.89,261.62,306.23,272.99,164.74,120.63,95.51,60.81,35.14,0.001021672,0.00095239,0.001093866,0.001208941,0.001291024,0.001345958,0.001635173,0.001886933,0.001799243,0.001850064,0.001773657,0.001719571,0.001644549,0.00161942,0.001601308,0.001607804,0.00164349,0.001760642,0.001690492,0.001366543,0.001231969,0.001190134,0.001137912,0.001024419,2015-11-30,33.4034138,126.4508866
Nov-15,5011030000000000000,제주특별자치도 제주시 애월읍 광령리 3000-384,37.44,25.65,21.77,17.17,14.92,22.7,58.17,143.14,263.56,392.07,466.46,493.45,473.71,474.18,450.57,468.96,495.17,517.58,419,249.43,186.17,152.24,98.39,60.54,0.00178323,0.001818942,0.002282738,0.002547879,0.002464512,0.00225452,0.002618509,0.002749796,0.003014309,0.003361644,0.003437345,0.00348073,0.003406955,0.003336463,0.003131715,0.003156288,0.003110659,0.002975785,0.002594668,0.002069132,0.001901402,0.001896975,0.001841278,0.001765002,2015-11-30,33.4034138,126.4508866
Nov-15,5011030000000000000,제주특별자치도 제주시 애월읍 광령리 2000-0,11.85,6.99,4.99,3.77,3.68,6.32,17.98,49.61,79.57,106.84,118.65,120.16,113.91,115.42,116.32,120.63,132.26,155.24,142.53,92.02,69.78,55.97,36.02,20.87,0.000564588,0.000495828,0.000523653,0.000559803,0.000608389,0.00062818,0.000809581,0.000953075,0.000909991,0.000916089,0.00087435,0.000847591,0.00081928,0.00081211,0.000808497,0.000811918,0.000830864,0.000892517,0.000882595,0.000763294,0.000712675,0.000697379,0.000674148,0.000608495,2015-11-30,33.4034138,126.4508866
Nov-15,5011030000000000000,제주특별자치도 제주시 애월읍 광령리 20-0,4.53,3.28,2.84,2.28,2.21,3.78,7.99,21.03,40.12,61.83,78.05,79.86,72.25,70.39,64.61,63.27,63.23,63.68,47.12,27.68,20.99,16.6,10.53,6.46,0.00021588,0.000232477,0.000297323,0.00033795,0.000365056,0.000375444,0.000359739,0.000404082,0.000458861,0.000530174,0.00057512,0.000563345,0.000519634,0.00049527,0.000449073,0.000425819,0.00039719,0.000366136,0.000291787,0.000229636,0.00021433,0.000206821,0.000197091,0.000188285,2015-11-30,33.4034138,126.4508866
Nov-15,5011030000000000000,제주특별자치도 제주시 애월읍 광령리 10-256,28.37,17.19,13.11,10.16,9.9,17.8,49.41,137.45,216.31,293,323.12,324.7,302.92,305.24,308.5,319.77,352.9,421.39,380.84,228.64,166.23,130.5,82.47,46.78,0.001351359,0.001219429,0.001374271,0.001507615,0.001635756,0.001768155,0.002224184,0.002640476,0.002473878,0.00251219,0.002381095,0.002290419,0.00217859,0.002147768,0.002144291,0.002152169,0.00221691,0.002422779,0.002358387,0.001896601,0.001697697,0.001626151,0.001543309,0.001363654,2015-11-30,33.4034138,126.4508866
Nov-15,5011030000000000000,제주특별자치도 제주시 애월읍 상귀리 10-256,10.03,5.7,4.36,3.26,3.53,4.78,12.46,35.6,60.91,78.07,86.08,85.58,83.65,85.16,85.79,90.44,97.45,111.49,103.03,73.43,59.35,46.85,30.02,17.82,0.000477899,0.000404104,0.000456925,0.000483131,0.000582833,0.000475075,0.000560893,0.000683964,0.000696555,0.000669421,0.000634357,0.000603651,0.000601632,0.000599213,0.000596287,0.000608668,0.00061217,0.000640996,0.000638029,0.000609162,0.00060616,0.000583786,0.000561873,0.0005196,2015-11-30,33.4739299,126.4159841
Nov-15,5011030000000000000,제주특별자치도 제주시 애월읍 상귀리 999-9616,4.67,2.64,1.96,1.53,1.59,2.54,7.39,22.21,36.75,48.84,54.1,54.41,52.02,52.7,53.13,55.34,60.32,69.23,61.49,39.22,30.08,23.52,14.72,8.28,0.000222549,0.000187513,0.000205393,0.000227641,0.000262666,0.00025204,0.00033273,0.000426757,0.000420315,0.000418797,0.000398668,0.000383788,0.000374161,0.000370841,0.00036931,0.000372458,0.000378941,0.000398059,0.000380768,0.000325341,0.000307201,0.000293116,0.0002755,0.000241507,2015-11-30,33.4509794,126.4090416
Nov-15,5011030000000000000,제주특별자치도 제주시 애월읍 상귀리 2000-0,1.12,0.63,0.46,0.36,0.39,0.65,1.72,5.09,8.45,10.75,11.8,11.79,11.46,11.6,11.73,12.2,13.23,14.94,12.94,9.2,7.32,5.78,3.63,2.08,5.35215E-05,4.49162E-05,4.79226E-05,5.41649E-05,6.49367E-05,6.43013E-05,7.72445E-05,9.76972E-05,9.65947E-05,9.21459E-05,0.000086972,8.31889E-05,8.24302E-05,8.16568E-05,8.15378E-05,8.21159E-05,8.31168E-05,8.58928E-05,8.01522E-05,0.000076289,7.47525E-05,7.19613E-05,6.79612E-05,6.06075E-05,2015-11-30,33.464084,126.4067892
Nov-15,5011030000000000000,제주특별자치도 제주시 애월읍 구엄리 1000-128,23.76,17.32,15.7,13.76,15.01,18.92,36.05,87.43,136.4,170.19,186.32,185.86,181.3,180.29,182.08,186.04,201.2,221.33,182.94,132.78,106.94,85.14,57.06,36.38,0.001131621,0.001228294,0.001645832,0.002041251,0.002479658,0.001879175,0.001622914,0.001679647,0.001560025,0.001459204,0.001373002,0.001311064,0.001303917,0.001268604,0.001265567,0.001252125,0.00126396,0.00127254,0.001132892,0.001101476,0.001092174,0.001060878,0.00106778,0.001060471,2015-11-30,33.4726263,126.3807739
Nov-15,5011030000000000000,제주특별자치도 제주시 애월읍 구엄리 9999-9744,4.38,2.9,2.45,2.07,2.26,3.04,6.45,16.78,26.83,33.69,37,36.98,36.08,36.2,36.58,37.64,40.73,45.28,38.59,28.1,22.66,18.08,11.87,7.29,0.000208704,0.000205645,0.00025723,0.000306489,0.000372712,0.000302004,0.000290342,0.000322349,0.000306844,0.000288862,0.000272689,0.000260843,0.000259517,0.000254735,0.000254245,0.000253314,0.000255886,0.000260312,0.000238985,0.000233078,0.000231437,0.000225354,0.000222198,0.000212384,2015-11-30,33.4791227,126.3813732
Nov-15,5011030000000000000,제주특별자치도 제주시 애월읍 수산리 2000-0,5.15,3.5,2.97,2.57,2.8,3.88,8.17,21.51,34.29,43.36,47.67,47.6,46.31,46.35,46.88,48.1,52.11,57.47,47.51,33.84,27.01,21.49,13.97,8.49,0.000245443,0.000247914,0.000311375,0.000381578,0.000461993,0.000385378,0.000367616,0.000413303,0.00039217,0.000371759,0.00035129,0.000335765,0.00033307,0.000326116,0.000325817,0.000323739,0.000327339,0.000330432,0.000294229,0.000280724,0.000275898,0.000267763,0.000261478,0.000247541,2015-11-30,33.4754627,126.3819712
Nov-15,5011030000000000000,제주특별자치도 제주시 애월읍 수산리 10-256,3.27,1.95,1.43,1.15,1.22,2.1,5.51,16.28,26.79,34.97,38.67,38.86,37.49,37.81,38.19,39.49,42.89,47.86,40.46,26.92,21,16.52,10.35,5.89,0.000155643,0.000138271,0.000150199,0.000170657,0.000201695,0.000208863,0.000248044,0.000312712,0.000306409,0.000299828,0.000284946,0.000274119,0.000269644,0.000266075,0.000265447,0.000265778,0.000269446,0.000275189,0.000250546,0.000223281,0.000214426,0.000205907,0.000193753,0.000171814,2015-11-30,33.4598043,126.4005112
Nov-15,5011030000000000000,제주특별자치도 제주시 애월읍 수산리 999-9616,6.43,4.35,3.68,3.2,3.46,4.81,10.17,26.66,42.46,53.65,58.96,58.91,57.32,57.35,57.99,59.52,64.44,71.11,58.81,41.96,33.52,26.65,17.36,10.57,0.000306379,0.000308196,0.000385513,0.000475514,0.000571763,0.000478187,0.00045787,0.000512192,0.0004856,0.000460029,0.000434445,0.000415528,0.000412252,0.00040353,0.000403081,0.000400582,0.000404819,0.000408862,0.000364157,0.000348079,0.000342303,0.000332036,0.000324785,0.000308178,2015-11-30,33.4674954,126.3885429
Nov-15,5011030000000000000,제주특별자치도 제주시 애월읍 수산리 20-0,1.72,1.38,1.35,1.18,1.3,1.4,2.27,4.56,6.92,8.5,9.33,9.25,9.12,9.02,9.07,9.21,9.91,10.78,9.3,6.97,5.77,4.65,3.35,2.31,8.20367E-05,9.76574E-05,0.000141146,0.000175059,0.000215079,0.000138801,0.000101987,8.75158E-05,7.91651E-05,7.29171E-05,6.87557E-05,6.52391E-05,6.55817E-05,6.34585E-05,6.30097E-05,6.19896E-05,6.22271E-05,6.19522E-05,5.76176E-05,5.77877E-05,5.89496E-05,5.79886E-05,0.000062709,6.72931E-05,2015-11-30,33.4591344,126.3993625
Nov-15,5011030000000000000,제주특별자치도 제주시 애월읍 신엄리 2999-9872,13.23,9.18,7.95,6.75,7.4,9.98,21.3,56.53,94.19,120.68,133.65,136.08,132.54,131.48,131.09,134.35,144.09,154.5,122.73,87.25,71.21,54.87,35,21.8,0.000630303,0.000651191,0.000833525,0.001001037,0.001222727,0.000991406,0.000958849,0.00108594,0.001077276,0.001034729,0.000984842,0.000959881,0.000953246,0.000925158,0.000911176,0.000904251,0.000905138,0.000888283,0.000760018,0.000723744,0.000727228,0.000683734,0.000654904,0.000635383,2015-11-30,33.4717878,126.3588616
Nov-15,5011030000000000000,제주특별자치도 제주시 애월읍 신엄리 1000-128,22.19,14.96,12.68,11.02,11.95,16.8,35.36,92.65,146.4,183.62,201.14,200.92,195.46,195.29,197.57,202.51,219.59,242.96,200.45,144.71,115.68,92.04,60.03,36.75,0.001056999,0.001061276,0.001329704,0.001635484,0.001974099,0.001669186,0.001591554,0.001779899,0.001674381,0.00157442,0.001482206,0.001417282,0.001405778,0.001374107,0.001373219,0.001362968,0.001379469,0.001396896,0.001241272,0.001200436,0.001181469,0.001146895,0.001123428,0.001071374,2015-11-30,33.4765276,126.3662946
Nov-15,5011030000000000000,제주특별자치도 제주시 애월읍 신엄리 1999-9488,3.79,2.33,1.7,1.35,1.52,2.71,6.5,18.86,31.11,39.53,43.53,43.9,42.61,42.61,42.93,44.15,47.74,52.49,42.66,30.46,24.21,18.92,11.82,6.91,0.00018049,0.000165363,0.000177848,0.000200633,0.00025132,0.000269026,0.000292488,0.000362345,0.000355831,0.000338952,0.000320767,0.00030964,0.000306438,0.000299816,0.000298404,0.000297147,0.000299876,0.000301761,0.00026418,0.000252636,0.000247247,0.000235755,0.000221206,0.000201461,2015-11-30,33.4495912,126.3693484
Nov-15,5011030000000000000,제주특별자치도 제주시 애월읍 신엄리 9999-9744,0.7,0.47,0.39,0.33,0.35,0.54,1.18,3.19,5.13,6.57,7.24,7.25,7.05,7.06,7.13,7.32,7.93,8.68,7.08,4.93,3.91,3.1,2,1.18,3.35006E-05,3.34271E-05,4.04423E-05,4.91689E-05,5.83274E-05,5.40039E-05,5.32969E-05,6.12425E-05,5.86895E-05,5.63062E-05,5.33274E-05,5.11525E-05,5.07206E-05,4.96743E-05,4.95718E-05,4.92691E-05,0.000049793,4.98898E-05,4.38556E-05,4.08958E-05,3.99533E-05,3.85954E-05,3.73522E-05,3.44288E-05,2015-11-30,33.4654083,126.3673449
Nov-15,5011030000000000000,제주특별자치도 제주시 애월읍 장전리 999-9616,3.55,2.54,2.04,1.72,1.74,3.09,7.11,20.43,35.45,50.14,57.4,59.09,57.49,58.37,58.58,59.95,64.26,65.76,49.51,27.28,21.01,16.58,9.97,5.79,0.000169075,0.000179807,0.000213572,0.000255738,0.000287561,0.000306474,0.000320246,0.000392505,0.000405436,0.00042988,0.000422998,0.000416781,0.000413494,0.000410737,0.000407172,0.000403506,0.000403688,0.000378064,0.000306612,0.000226273,0.000214616,0.000206613,0.000186511,0.000168714,2015-11-30,33.4454919,126.3863034
Nov-15,5011030000000000000,제주특별자치도 제주시 애월읍 장전리 10-256,4.65,3.59,3.19,2.85,2.99,4.17,8.02,20.22,33.95,47.14,53.86,55.49,54.24,55.08,55.28,56.3,60.34,61.74,46.93,26.7,20.85,16.58,10.52,6.72,0.000221612,0.000254273,0.000334829,0.000422289,0.000493828,0.000414317,0.000360954,0.000388452,0.000388274,0.000404215,0.0003969,0.00039142,0.000390112,0.00038755,0.00038423,0.000378922,0.000379079,0.000354974,0.000290645,0.00022149,0.000212982,0.000206596,0.000196947,0.00019599,2015-11-30,33.4538351,126.3993425
Nov-15,5011030000000000000,제주특별자치도 제주시 애월읍 장전리 2000-0,1.09,0.81,0.7,0.62,0.65,0.97,1.92,5.02,8.43,11.65,13.28,13.65,13.34,13.53,13.6,13.85,14.86,15.28,11.63,6.75,5.29,4.2,2.62,1.63,5.18703E-05,5.76819E-05,7.31248E-05,9.26987E-05,0.000107292,9.59222E-05,8.62773E-05,9.63973E-05,9.64308E-05,9.98998E-05,9.78684E-05,9.62715E-05,9.59345E-05,9.51901E-05,9.44937E-05,9.32323E-05,9.33752E-05,8.78726E-05,7.20152E-05,5.60181E-05,5.40133E-05,5.22774E-05,4.91167E-05,4.74404E-05,2015-11-30,33.4479106,126.386931
Nov-15,5011030000000000000,제주특별자치도 제주시 애월읍 소길리 9999-9744,12.08,9.17,8.01,7.23,7.18,10.58,20.71,51.55,89.12,129.57,156.39,171.18,175.75,188.77,191.41,194.04,203.9,196.42,133.72,66.72,50.99,41.18,26.43,17.03,0.000575337,0.000650151,0.000839712,0.001072614,0.001187037,0.001050807,0.000932395,0.00099024,0.001019277,0.001110913,0.001152434,0.001207487,0.001264023,0.001328254,0.001330451,0.001305975,0.001280905,0.001129279,0.000828039,0.000553481,0.000520786,0.000513191,0.000494673,0.000496404,2015-11-30,33.41014,126.38997
Nov-15,5011030000000000000,제주특별자치도 제주시 애월읍 소길리 9999-9488,27.97,22.62,20.7,18.38,18.07,24.33,44.07,99.99,171.15,253.57,316.64,361.5,379.14,419.97,426.83,430.8,447.35,418.99,266.95,123.82,93.16,77.47,52.78,36.34,0.001332434,0.001603959,0.002170219,0.002727538,0.002986043,0.002416333,0.001983658,0.001920813,0.001957375,0.002174108,0.002333336,0.002550016,0.00272676,0.002955036,0.002966716,0.002899497,0.002810236,0.002408957,0.001653083,0.001027142,0.000951489,0.000965299,0.000987761,0.00105948,2015-11-30,33.41014,126.38997
Nov-15,5011030000000000000,제주특별자치도 제주시 애월읍 소길리 1000-128,2.68,2.2,1.83,1.48,1.47,2.33,5.04,13.93,24.17,35.11,41.29,44.42,43.87,46.32,46.53,47.5,50.02,49.47,34.84,17.7,13.37,10.8,6.68,4.09,0.000127778,0.000156261,0.00019218,0.000220023,0.000242508,0.000231511,0.000226812,0.000267523,0.000276384,0.000300997,0.00030428,0.000313327,0.000315507,0.000325933,0.000323443,0.000319694,0.000314239,0.000284448,0.000215775,0.000146796,0.000136514,0.00013454,0.000125037,0.00011933,2015-11-30,33.4243345,126.3732205
Nov-15,5011030000000000000,제주특별자치도 제주시 애월읍 고성리 2000-0,1.95,1.19,0.93,0.72,0.71,1.07,2.87,8.1,14.34,19.87,22.8,23.56,22.93,23.35,23.03,23.98,25.61,27.62,23.28,14.74,11.45,9.1,5.75,3.36,9.29601E-05,0.000084277,9.74181E-05,0.000107588,0.000116985,0.00010612,0.000129041,0.00015552,0.000164045,0.000170353,0.000168039,0.000166187,0.000164913,0.000164285,0.000160091,0.000161374,0.000160871,0.000158779,0.000144154,0.000122281,0.000116983,0.000113452,0.000107671,9.79029E-05,2015-11-30,33.4191693,126.4289539
Nov-15,5011030000000000000,제주특별자치도 제주시 애월읍 고성리 999-9616,8.34,5.45,4.42,3.5,3.27,5.25,13.48,36.03,63.2,90.18,104.73,109.33,105.87,107.56,105.51,109.37,116.71,124.59,101.86,60.6,45.65,36.54,23.21,13.81,0.000397418,0.000386469,0.000463706,0.000519241,0.000540479,0.000521298,0.000606972,0.000692077,0.000722794,0.00077323,0.000771798,0.000771213,0.000761408,0.000756851,0.000733353,0.000736111,0.000733173,0.000716317,0.000630804,0.000502719,0.000466197,0.00045536,0.000434403,0.000402719,2015-11-30,33.4191693,126.4289539
Nov-15,5011030000000000000,제주특별자치도 제주시 애월읍 고성리 10-256,5.7,3.56,2.87,2.26,2.15,3.41,9.32,25.18,42,58.43,66.29,67.91,64.35,64.74,63.82,66.32,71.9,81.39,70.98,43.14,32,25.39,16.2,9.48,0.000271355,0.000252571,0.000301203,0.000335229,0.000355692,0.000338724,0.000419443,0.000483639,0.000480396,0.000500945,0.000488477,0.000479011,0.000462833,0.000455536,0.000443603,0.000446381,0.000451668,0.000467972,0.000439545,0.000357861,0.000326786,0.000316414,0.000303227,0.000276305,2015-11-30,33.422069,126.429664
Nov-15,5011030000000000000,제주특별자치도 제주시 애월읍 고성리 20-0,1.05,0.66,0.55,0.44,0.38,0.59,1.72,4.6,8.76,13.26,16.36,18,18.1,19.12,18.7,19.25,20.13,19.74,14.32,7.57,5.6,4.54,2.87,1.7,4.99174E-05,4.70911E-05,5.78147E-05,6.48495E-05,6.19625E-05,5.85069E-05,7.72294E-05,8.84507E-05,0.00010019,0.000113721,0.000120563,0.000126984,0.000130188,0.00013453,0.000129951,0.00012957,0.000126427,0.000113511,8.86711E-05,6.27981E-05,0.000057227,0.000056514,5.37889E-05,4.95685E-05,2015-11-30,33.4219542,126.4274944
Nov-15,5011030000000000000,제주특별자치도 제주시 애월읍 하가리 1999-9488,3.68,2.65,2.57,2.09,2.36,3.02,5.81,14.16,23.83,31.18,34.58,35.29,34.73,33.85,33.55,34.38,36.56,38.4,29.95,20.96,17.64,13.2,8.45,5.51,0.000175394,0.000188034,0.000269289,0.000310743,0.000389786,0.000300316,0.000261653,0.000272031,0.000272576,0.000267372,0.000254849,0.000248913,0.000249796,0.000238209,0.000233198,0.00023139,0.000229684,0.000220796,0.000185485,0.000173872,0.000180209,0.000164462,0.000158142,0.000160716,2015-11-30,33.4545419,126.3563016
Nov-15,5011030000000000000,제주특별자치도 제주시 애월읍 하가리 1000-128,3.92,2.48,2.09,1.62,1.85,2.8,6.9,20.21,35.92,47.36,53.03,54.92,53.49,52.82,52.09,53.53,56.96,59.61,45.52,31.53,26.25,19.47,11.74,6.99,0.00018673,0.000175953,0.000219235,0.000240205,0.000305682,0.000277668,0.000310538,0.000388304,0.000410853,0.000406101,0.000390764,0.000387378,0.000384678,0.000371648,0.000362035,0.000360303,0.000357809,0.000342736,0.000281881,0.00026152,0.000268071,0.000242666,0.000219747,0.000203813,2015-11-30,33.4551382,126.3547767
Nov-15,5011030000000000000,제주특별자치도 제주시 애월읍 하가리 9999-9744,1.96,1.1,0.74,0.59,0.63,1.27,3.69,11.71,20.19,26.42,29.48,30.15,29.19,29.24,29.2,30.06,32.34,34.74,27.3,18.7,15.01,11.53,6.93,3.88,9.33412E-05,7.77524E-05,7.80184E-05,8.73069E-05,0.000103601,0.000126384,0.000166313,0.00022503,0.000230923,0.000226525,0.00021722,0.000212694,0.000209923,0.000205726,0.000202961,0.000202344,0.000203178,0.000199728,0.000169028,0.000155133,0.000153321,0.000143653,0.000129735,0.000113082,2015-11-30,33.4545419,126.3563016
Nov-15,5011030000000000000,제주특별자치도 제주시 애월읍 상가리 20-0,3.07,2.96,2.56,2.01,1.99,2.65,5.57,16.57,27.41,40.05,47.2,52.02,47.19,49.47,48.52,49.58,52.32,55.01,37.09,17.41,12.25,10.19,6.79,4.35,0.000146196,0.000210043,0.00026887,0.000298575,0.000328098,0.000263629,0.000250729,0.000318296,0.000313477,0.000343364,0.000347849,0.000366969,0.000339373,0.000348107,0.000337228,0.000333725,0.000328669,0.000316275,0.000229702,0.000144449,0.000125116,0.000126955,0.00012699,0.000126686,2015-11-30,33.4102243,126.3758566
Nov-15,5011030000000000000,제주특별자치도 제주시 애월읍 상가리 999-9616,1.75,1.07,0.81,0.62,0.71,1.18,3.17,9.73,17.6,23.27,26.12,27.17,26.4,26.14,25.73,26.46,28.15,29.39,22.28,15.36,12.74,9.41,5.58,3.27,8.33704E-05,7.56248E-05,8.53938E-05,9.24514E-05,0.000117591,0.000117179,0.00014289,0.000186916,0.000201313,0.000199479,0.000192485,0.00019168,0.000189889,0.00018393,0.000178867,0.000178063,0.000176833,0.000169003,0.000137958,0.000127429,0.000130131,0.000117315,0.00010449,9.52792E-05,2015-11-30,33.4102243,126.3758566
Nov-15,5011030000000000000,제주특별자치도 제주시 애월읍 상가리 2000-0,4.02,2.69,2.27,1.76,2,3.06,7.09,19.93,35.11,46.69,52.48,54.5,52.9,52.64,51.92,53.28,56.55,59.4,45.75,30.76,25.24,18.84,11.32,6.87,0.000191699,0.000190516,0.000238529,0.000260635,0.000329696,0.000303958,0.000319181,0.00038281,0.000401533,0.000400339,0.000386755,0.000384425,0.000380439,0.000370365,0.000360907,0.000358605,0.000355269,0.000341492,0.000283311,0.000255155,0.000257807,0.000234708,0.000211906,0.000200383,2015-11-30,33.4102243,126.3758566
Nov-15,5011030000000000000,제주특별자치도 제주시 애월읍 상가리 10-256,1.46,1.33,1.15,0.9,0.87,1.2,2.66,7.87,13.23,19.28,22.82,25.16,23.34,24.62,24.28,24.84,26.09,26.98,18.21,8.8,6.33,5.2,3.38,2.13,6.96526E-05,9.41586E-05,0.000120733,0.000132914,0.000143423,0.000119663,0.000119603,0.000151121,0.000151259,0.000165309,0.000168186,0.000177452,0.000167836,0.000173235,0.000168757,0.000167157,0.000163884,0.000155124,0.000112764,7.29847E-05,6.46008E-05,6.48545E-05,6.32579E-05,6.20943E-05,2015-11-30,33.4102243,126.3758566
Nov-15,5011030000000000000,제주특별자치도 제주시 애월읍 고내리 999-9616,12.68,8.66,7.95,6.36,7.24,9.87,20.99,54.89,95.5,125.86,140.41,144.53,141.69,139.09,137.44,141.01,149.84,156.89,121.3,84,70.3,52.17,32.27,20.34,0.000603979,0.000614123,0.000833525,0.000944053,0.001196345,0.000980844,0.000944984,0.001054467,0.001092213,0.001079111,0.001034654,0.001019508,0.001019043,0.000978679,0.000955284,0.000949062,0.000941259,0.000902022,0.000751134,0.00069679,0.000717955,0.000650132,0.000603835,0.000592869,2015-11-30,33.4637133,126.3381215
Nov-15,5011030000000000000,제주특별자치도 제주시 애월읍 고내리 10-256,8.67,5.93,5.37,4.29,4.86,6.56,14.31,38.35,67.17,88.37,98.71,101.84,99.69,97.83,96.53,99.03,105.18,109.8,84.14,58.44,49.01,36.32,22.41,14.14,0.000412803,0.000420274,0.000563152,0.000637118,0.000802979,0.000651424,0.000644079,0.000736683,0.000768168,0.000757731,0.000727421,0.000718354,0.000716942,0.000688371,0.00067093,0.000666536,0.000660761,0.000631281,0.000521041,0.000484766,0.000500561,0.000452615,0.000419382,0.000412271,2015-11-30,33.4567468,126.3420778
Nov-15,5011030000000000000,제주특별자치도 제주시 애월읍 고내리 20-0,0.72,0.48,0.41,0.32,0.37,0.54,1.23,3.31,5.84,7.7,8.62,8.89,8.7,8.61,8.52,8.75,9.32,9.79,7.65,5.24,4.34,3.23,1.95,1.21,3.43579E-05,3.38999E-05,4.26095E-05,4.80806E-05,0.000060861,5.33416E-05,5.51875E-05,0.000063663,6.67448E-05,6.60092E-05,6.35335E-05,6.26832E-05,6.25946E-05,6.06088E-05,5.92494E-05,5.88689E-05,0.000058527,5.63081E-05,4.73503E-05,4.35032E-05,4.43449E-05,4.02485E-05,0.00003656,3.53811E-05,2015-11-30,33.4714159,126.3569351
Nov-15,5011030000000000000,제주특별자치도 제주시 애월읍 애월리 2999-9872,3.79,2.58,2.3,1.86,2.12,3.1,6.39,15.68,26.83,35.39,39.51,40.3,39.71,39.54,39.45,40.37,43.08,45.76,37.14,25.17,20.59,15.48,9.44,5.98,0.000180665,0.000182833,0.000240906,0.00027592,0.000349634,0.000307931,0.000287491,0.000301205,0.000306848,0.000303418,0.000291159,0.000284276,0.000285571,0.000278205,0.000274223,0.000271701,0.000270617,0.000263091,0.000229993,0.000208812,0.000210334,0.000192906,0.000176637,0.000174466,2015-11-30,33.4595649,126.3226959
Nov-15,5011030000000000000,제주특별자치도 제주시 애월읍 애월리 9999-9744,14.87,9.99,8.79,7.06,8.07,11.72,25.09,63.77,110.69,146.26,163.52,167.68,164.82,163.76,162.81,166.8,177.79,188.3,150.44,102.24,84.11,62.92,38.35,24.03,0.000708466,0.0007084,0.000921365,0.001048227,0.00133426,0.001164179,0.001129453,0.001225041,0.001265879,0.001254029,0.00120499,0.001182815,0.001185419,0.001152256,0.001131633,0.001122609,0.001116847,0.001082612,0.00093163,0.000848099,0.000859048,0.000784015,0.000717707,0.000700518,2015-11-30,33.4595649,126.3226959
Nov-15,5011030000000000000,제주특별자치도 제주시 애월읍 애월리 1999-9488,12.96,8.38,6.91,5.5,6.39,10.22,22.55,57.2,99.56,131.91,147.96,151.31,148.99,150.01,149.99,153.51,164.22,175.92,144.65,96.6,78.05,58.86,35.05,21.59,0.000617077,0.000594053,0.000724362,0.000816678,0.001055401,0.001014915,0.001015296,0.001098907,0.00113868,0.001130988,0.001090352,0.001067293,0.001071524,0.001055492,0.00104251,0.001033222,0.001031609,0.001011429,0.000895757,0.000801308,0.000797157,0.00073347,0.000655921,0.000629397,2015-11-30,33.4638891,126.3133555
Nov-15,5011030000000000000,제주특별자치도 제주시 애월읍 애월리 1000-128,10.22,6.48,5.27,4.2,4.92,7.96,17.94,46.03,80.37,106.47,119.49,122.27,120.37,121.28,121.22,124.1,132.77,142.17,116.75,77.94,62.93,47.44,28.2,17.26,0.000487013,0.000459777,0.000552665,0.000623861,0.000813169,0.000790456,0.000807721,0.00088418,0.000919129,0.000912894,0.000880493,0.000862491,0.000865681,0.000853366,0.000842573,0.000835239,0.000834051,0.000817414,0.000723005,0.000646496,0.000642685,0.000591171,0.000527777,0.000503216,2015-11-30,33.4494246,126.3269414
Nov-15,5011030000000000000,제주특별자치도 제주시 애월읍 납읍리 999-9616,4.14,2.7,2.34,1.86,2.22,3.37,8.01,21.25,36.74,48.56,54.57,56.52,55.08,54.75,53.67,54.71,57.11,59.7,47.23,31.68,25.14,18.62,11.22,6.7,0.000197082,0.000191272,0.00024573,0.000276464,0.000366322,0.000335049,0.000360669,0.000408238,0.000420148,0.000416359,0.000402136,0.000398669,0.00039613,0.000385249,0.000373019,0.000368238,0.000358759,0.000343244,0.000292489,0.000262797,0.000256786,0.000231975,0.000209891,0.000195232,2015-11-30,33.438417,126.3380607
Nov-15,5011030000000000000,제주특별자치도 제주시 애월읍 납읍리 2000-0,8,4.81,3.57,2.78,3.23,5.92,14.55,39.46,70.08,92.94,104.7,107.6,105.55,107.07,106.98,109.47,117.11,125.47,102.87,68.37,54.76,41.38,23.97,14.2,0.000380811,0.000341056,0.000374293,0.00041294,0.000534475,0.000588248,0.000654807,0.00075802,0.000801498,0.000796869,0.00077153,0.000758994,0.000759143,0.000753365,0.000743601,0.000736759,0.000735669,0.000721356,0.000637005,0.000567154,0.000559302,0.000515613,0.000448613,0.000413971,2015-11-30,33.4485458,126.3319274
Nov-15,5011030000000000000,제주특별자치도 제주시 애월읍 납읍리 10-256,0.64,0.41,0.3,0.25,0.23,0.47,1.73,6.1,10.38,15.09,18.06,19.71,18.08,18.59,18.42,18.84,20.04,21.56,14.65,6.92,4.86,3.8,2.37,1.26,3.05951E-05,2.94083E-05,3.10745E-05,3.71487E-05,3.85545E-05,0.000046289,7.80547E-05,0.000117221,0.000118767,0.000129403,0.000133105,0.000139004,0.000129998,0.000130803,0.000128044,0.000126815,0.000125907,0.000123952,9.07064E-05,5.73785E-05,4.96251E-05,4.73138E-05,4.43822E-05,3.67221E-05,2015-11-30,33.4080182,126.3701474
Nov-15,5011030000000000000,제주특별자치도 제주시 애월읍 납읍리 3000-384,2.48,1.78,1.84,1.5,1.79,2.22,4.55,10.36,17.04,22.49,25.26,26.02,25.42,24.95,24.42,24.62,25.26,26.02,20.54,13.48,10.49,7.73,5.08,3.23,0.000117966,0.000126451,0.000192459,0.00022309,0.000295107,0.00022075,0.000204725,0.000198968,0.000194833,0.000192806,0.000186113,0.000183521,0.000182817,0.000175587,0.000169739,0.000165688,0.000158697,0.000149602,0.00012717,0.000111807,0.000107165,9.63721E-05,9.51395E-05,0.00009422,2015-11-30,33.4284054,126.3417831
Nov-15,5011030000000000000,제주특별자치도 제주시 애월읍 납읍리 20-0,0.78,0.57,0.61,0.49,0.59,0.7,1.46,3.5,5.73,7.69,8.74,9.14,8.79,8.65,8.43,8.5,8.72,8.96,6.67,4.13,3.16,2.33,1.59,1,3.71205E-05,4.03301E-05,6.34773E-05,0.000072022,0.000096992,6.94998E-05,6.59009E-05,6.72233E-05,6.55401E-05,6.59092E-05,6.44104E-05,6.44655E-05,6.32059E-05,6.08292E-05,5.85914E-05,5.72334E-05,5.47621E-05,5.14863E-05,4.13146E-05,3.42346E-05,3.23106E-05,2.90213E-05,2.96796E-05,2.92591E-05,2015-11-30,33.4083589,126.3712302
Nov-15,5011030000000000000,제주특별자치도 제주시 애월읍 어음리 9999-9488,2.89,2.72,2.25,1.78,1.6,2.39,6.22,19.67,32.82,47.73,57.3,63.83,57.26,60.37,59.16,60.59,64.53,69.11,44.99,19.13,12.9,10.82,7.33,4.42,0.000137511,0.000193022,0.000235593,0.000263949,0.000263768,0.000237173,0.000279944,0.000377784,0.000375297,0.000409251,0.000422247,0.000450245,0.000411816,0.000424801,0.000411231,0.000407815,0.000405344,0.000397315,0.000278621,0.000158711,0.000131704,0.00013481,0.000137151,0.000128785,2015-11-30,33.3885692,126.3664921
Nov-15,5011030000000000000,제주특별자치도 제주시 애월읍 어음리 4000-256,7.18,5.35,5.22,4.34,4.72,6.36,15.5,42.03,68.95,96.51,113.39,121.94,113.43,114.95,112.44,114.47,119.6,126.52,88.1,44.44,31.48,23.98,16.29,9.74,0.000341833,0.000379542,0.000547877,0.000644736,0.000779792,0.000631458,0.000697796,0.000807358,0.000788594,0.000827461,0.000835574,0.000860158,0.000815789,0.000808828,0.000781549,0.000770445,0.000751309,0.00072742,0.000545562,0.000368651,0.00032152,0.000298748,0.000304874,0.000283982,2015-11-30,33.3885692,126.3664921
Nov-15,5011030000000000000,제주특별자치도 제주시 애월읍 어음리 1000-128,1.91,1.6,1.55,1.36,1.31,1.64,3.5,8.52,14.15,19.14,22.36,23.95,22.23,22.8,22.2,22.71,23.94,25.23,17.5,8.89,6.45,5.01,3.6,2.3,9.10231E-05,0.000113827,0.000162119,0.000201424,0.000216676,0.000163137,0.00015749,0.000163749,0.000161796,0.000164117,0.000164774,0.000168931,0.000159896,0.000160464,0.000154271,0.000152844,0.000150359,0.000145083,0.000108345,7.37064E-05,0.000065874,6.23789E-05,6.72938E-05,6.70307E-05,2015-11-30,33.4193542,126.3509872
Nov-15,5011030000000000000,제주특별자치도 제주시 애월읍 어음리 2999-9872,5.67,4.33,4.91,3.94,4.84,5.39,9.8,19.72,31.09,40.57,45.29,46.34,45.54,43.75,42.52,42.34,42.49,42.42,33.15,22.15,17.24,12.5,9.16,6.26,0.000270132,0.000307416,0.00051453,0.000583992,0.000799895,0.000535304,0.00044096,0.000378847,0.000355568,0.000347854,0.000333769,0.000326847,0.000327499,0.000307833,0.000295536,0.000284933,0.000266923,0.000243912,0.000205281,0.000183718,0.000176069,0.000155814,0.000171472,0.000182425,2015-11-30,33.4026741,126.3357218
Nov-15,5011030000000000000,제주특별자치도 제주시 애월읍 어음리 9999-9744,1.06,0.9,0.79,0.64,0.68,0.99,2.29,6.58,10.71,15.25,17.82,19.4,17.83,18.16,17.63,17.95,18.56,19.57,13.59,6.84,4.77,3.71,2.42,1.49,5.04731E-05,6.41829E-05,8.32965E-05,9.54193E-05,0.000112414,9.87698E-05,0.000103218,0.000126353,0.000122541,0.000130724,0.000131341,0.000136848,0.000128239,0.000127773,0.000122558,0.000120802,0.000116591,0.000112507,8.41464E-05,5.67619E-05,4.87127E-05,0.000046184,4.52617E-05,4.34757E-05,2015-11-30,33.3885692,126.3664921
Nov-15,5011030000000000000,제주특별자치도 제주시 애월읍 어음리 1999-9488,4.23,3.28,3.85,3.08,3.82,3.95,6.69,12.04,18.74,24.21,26.9,27.14,27.02,25.78,25.41,25.1,25.42,25.12,19.81,13.4,10.75,7.86,6.23,4.47,0.000201337,0.000232855,0.000403375,0.000457162,0.000631853,0.000392099,0.000300965,0.000231337,0.000214344,0.000207599,0.000198235,0.000191466,0.000194307,0.000181418,0.00017662,0.000168916,0.000159665,0.000144407,0.000122648,0.00011114,0.000109753,9.79505E-05,0.000116641,0.00013031,2015-11-30,33.4000083,126.3417273
Nov-15,5011030000000000000,제주특별자치도 제주시 애월읍 곽지리 2000-0,15.52,10.51,9.49,7.65,8.92,13.12,26.34,61.43,103.73,136.58,152.55,154.69,152.97,153.3,153.85,156.87,167.78,179.3,149.32,100.21,80.99,61.2,37.52,23.9,0.000739235,0.00074561,0.000995014,0.001135782,0.001473331,0.001303212,0.001185585,0.001180121,0.001186284,0.001171014,0.001124151,0.001091166,0.001100167,0.001078649,0.001069386,0.001055773,0.00105396,0.001030877,0.000924647,0.000831251,0.000827139,0.000762657,0.000702181,0.000696806,2015-11-30,33.4448787,126.3080189
Nov-15,5011030000000000000,제주특별자치도 제주시 애월읍 곽지리 999-9616,6.19,4.53,4.94,3.93,4.77,5.6,9.78,18.89,30.52,39.57,43.85,43.89,43.88,42.98,43.22,43.3,45.78,47.56,39.48,26.99,22.06,16.55,11.44,7.83,0.000295043,0.000321222,0.000518515,0.000583299,0.000787888,0.00055666,0.000440359,0.000362972,0.000348992,0.00033926,0.000323167,0.000309605,0.000315596,0.000302453,0.000300378,0.000291403,0.00028762,0.00027344,0.000244457,0.000223887,0.00022532,0.000206206,0.000214157,0.000228213,2015-11-30,33.4435438,126.314705
Nov-15,5011030000000000000,제주특별자치도 제주시 애월읍 곽지리 10-256,3.18,2.29,2.4,1.93,2.34,2.81,5.49,12,19.77,25.89,28.95,29.58,29.13,28.59,28.13,28.32,29.22,30.09,24.15,16.23,12.87,9.51,6.32,4.09,0.000151499,0.000162479,0.000251952,0.00028695,0.000386646,0.000279456,0.000247128,0.000230613,0.000226093,0.000222009,0.000213312,0.000208659,0.000209489,0.000201146,0.000195547,0.000190579,0.00018357,0.000172991,0.000149546,0.000134666,0.000131391,0.000118515,0.000118257,0.00011934,2015-11-30,33.4448555,126.3260132
Nov-15,5011030000000000000,제주특별자치도 제주시 애월읍 금성리 1000-128,1.78,1.04,0.68,0.55,0.62,1.5,3.77,10.25,17.35,22.57,25.38,25.95,25.18,25.64,25.64,26.09,27.81,29.45,24.56,16.6,12.85,9.74,5.5,3.21,0.000084704,7.40409E-05,7.17965E-05,0.000082113,0.000103271,0.000148767,0.000169629,0.000196842,0.000198397,0.000193486,0.000187041,0.000183034,0.000181062,0.000180379,0.000178246,0.000175582,0.000174718,0.00016931,0.00015206,0.000137702,0.000131285,0.000121389,0.000102918,9.36467E-05,2015-11-30,33.4322784,126.3065653
Nov-15,5011030000000000000,제주특별자치도 제주시 애월읍 금성리 9999-9744,2.34,1.48,1.18,0.95,1.07,1.94,4.42,11.25,19.03,24.89,27.91,28.52,27.91,28.16,28.11,28.61,30.47,32.33,26.92,18.17,14.33,10.83,6.38,3.86,0.000111314,0.000104726,0.000123494,0.000141175,0.00017713,0.000192407,0.000199008,0.000216046,0.000217687,0.000213384,0.000205638,0.000201158,0.000200703,0.000198151,0.000195398,0.000192583,0.000191384,0.000185866,0.000166685,0.000150764,0.000146319,0.00013498,0.00011948,0.000112382,2015-11-30,33.4349497,126.3045169
Nov-15,5011030000000000000,제주특별자치도 제주시 애월읍 봉성리 3999-9744,5.68,4.23,4.31,3.63,4.24,5.52,11.76,27.56,44.28,58.18,65.18,67.73,65.73,63.67,60.79,61.2,60.79,61.42,47.83,31.95,23.93,17.14,11.31,7.09,0.000270497,0.000299686,0.000451542,0.000539176,0.000700535,0.000548581,0.000529398,0.000529353,0.000506404,0.000498824,0.000480295,0.000477776,0.000472766,0.000448021,0.000422524,0.000411901,0.000381885,0.000353146,0.0002962,0.000265037,0.000244404,0.000213612,0.000211656,0.000206738,2015-11-30,33.364338,126.3552026
Nov-15,5011030000000000000,제주특별자치도 제주시 애월읍 봉성리 3000-384,6.1,4.46,4.12,3.64,4.04,6.22,14.85,38.4,62.23,82.47,92.75,97.24,93.58,90.96,85.88,86.9,85.53,86.9,66.84,44.03,32.14,22.73,14.02,8.24,0.000290629,0.000316116,0.000431758,0.000540017,0.000666772,0.000617551,0.000668507,0.00073765,0.000711731,0.000707095,0.000683492,0.000685915,0.000673006,0.000640033,0.000596938,0.000584907,0.00053731,0.000499611,0.000413935,0.000365277,0.000328226,0.000283185,0.000262326,0.00024035,2015-11-30,33.364338,126.3552026
Nov-15,5011030000000000000,제주특별자치도 제주시 애월읍 봉성리 20-0,8.7,7.2,4.99,5.02,2.96,5.81,17.8,54.35,96.98,131.43,158.83,176.33,159.57,170.21,165.44,171.56,184.95,198.76,126.86,54.21,38.03,31.18,20.53,11.73,0.000414613,0.000510603,0.000523094,0.000744607,0.000489752,0.000577421,0.000801329,0.00104417,0.001109169,0.001126901,0.001170443,0.001243824,0.001147639,0.00119768,0.001149883,0.001154708,0.001161822,0.001142736,0.000785591,0.000449674,0.000388425,0.00038857,0.000384251,0.000341965,2015-11-30,33.364338,126.3552026
Nov-15,5011030000000000000,제주특별자치도 제주시 애월읍 봉성리 10-256,4.04,3.22,2.91,2.89,2.78,3.84,7.65,17.57,32.68,41.02,53.39,62.65,60.24,61.67,61.69,59.51,59.87,57.16,30.5,15.15,12.35,11.35,7.38,5.38,0.000192668,0.000228198,0.000305048,0.000429412,0.000460175,0.000381305,0.000344404,0.000337532,0.000373776,0.000351696,0.000393409,0.000441917,0.000433277,0.000433957,0.000428784,0.000400549,0.000376075,0.000328665,0.000188842,0.000125698,0.000126148,0.000141385,0.000138075,0.000156888,2015-11-30,33.364338,126.3552026
Nov-15,5011030000000000000,제주특별자치도 제주시 애월읍 봉성리 999-9616,1.38,0.86,0.58,0.55,0.5,1.4,4.44,14.18,23.65,32.75,37.69,40.21,37.64,37.44,35.94,36.54,36.8,38.23,27.43,15.81,11.1,8.02,4.63,2.39,6.56833E-05,6.06842E-05,6.04713E-05,8.13216E-05,0.000082121,0.000139099,0.000199803,0.000272325,0.000270429,0.000280776,0.000277754,0.000283642,0.000270715,0.00026345,0.000249789,0.000245899,0.000231175,0.000219774,0.000169893,0.000131121,0.000113313,9.99151E-05,8.66685E-05,6.97613E-05,2015-11-30,33.364338,126.3552026
Nov-15,5011030000000000000,제주특별자치도 제주시 애월읍 봉성리 2000-0,2.91,2.04,1.59,1.58,1.58,3.1,8.37,23.64,38.61,51.41,57.96,61.18,58.5,57.05,53.53,54.39,53.31,54.44,41.68,27.27,19.51,13.7,8,4.34,0.000138511,0.000144843,0.000166803,0.000233775,0.000260848,0.000307931,0.000376829,0.000454042,0.000441531,0.000440801,0.000427093,0.000431536,0.000420738,0.000401405,0.000372037,0.000366075,0.000334921,0.000312975,0.000258095,0.000226193,0.000199249,0.000170701,0.000149696,0.000126511,2015-11-30,33.364338,126.3552026
Nov-15,5011030000000000000,제주특별자치도 제주시 애월읍 봉성리 5000-128,2.38,1.92,1.88,1.62,1.71,2.16,4.48,10.37,17.07,22.41,25.5,26.72,25.43,25.38,24.49,24.84,25.49,26.21,19.26,11.47,8.59,6.38,4.4,2.83,0.000113569,0.000135813,0.000197598,0.00023976,0.000282439,0.000214327,0.000201784,0.000199217,0.000195259,0.000192183,0.000187918,0.000188473,0.000182879,0.000178557,0.0001702,0.000167173,0.000160132,0.000150685,0.000119283,9.51718E-05,8.77264E-05,7.94835E-05,8.24268E-05,8.24522E-05,2015-11-30,33.364338,126.3552026
Nov-15,5011030000000000000,제주특별자치도 제주시 애월읍 하귀1리 9999-9744,21.01,14.21,11.21,9.1,9.53,12.67,25.87,63.37,102.27,129.93,144.09,143.26,140.62,142.3,144.04,149.95,162.09,184.79,171.33,126.8,103.54,84.09,55.36,34.96,0.001000778,0.001007448,0.001175939,0.001350413,0.001575391,0.001258446,0.001164369,0.001217293,0.001169689,0.001114059,0.001061772,0.001010528,0.001011348,0.001001258,0.001001177,0.001009252,0.001018251,0.001062449,0.001060963,0.00105187,0.00105747,0.001047811,0.001036049,0.001019075,2015-11-30,33.4793509,126.4158337
Nov-15,5011030000000000000,제주특별자치도 제주시 애월읍 하귀1리 1000-128,27.51,17.8,14.52,11.91,12.5,15.99,34.56,89.23,146.55,187.87,207.8,206.31,201.44,203.73,205.3,215.22,232.43,265.39,243.89,174.85,141.34,112.82,73.51,45.86,0.001310396,0.001262666,0.001522198,0.001767607,0.002066079,0.001588727,0.001555707,0.001714117,0.001676054,0.001610823,0.001531267,0.001455274,0.001448779,0.001433482,0.00142694,0.001448555,0.001460098,0.001525845,0.00151028,0.001450456,0.001443553,0.001405786,0.001375568,0.001336921,2015-11-30,33.4657269,126.417282
Nov-15,5011030000000000000,제주특별자치도 제주시 애월읍 하귀1리 1999-9488,7.74,4.75,3.85,3.07,3.26,4.11,9.45,25.27,42.57,54.54,60.23,59.76,58.49,59.33,59.69,62.92,67.77,77.34,71.51,51.25,41.57,32.92,21.34,13.12,0.00036876,0.000336683,0.000403759,0.000455282,0.000538881,0.000408158,0.00042555,0.000485541,0.000486881,0.000467615,0.000443858,0.00042151,0.000420693,0.000417488,0.000414876,0.000423459,0.000425748,0.000444668,0.000442827,0.000425156,0.000424559,0.000410256,0.000399359,0.000382468,2015-11-30,33.4793509,126.4158337
Nov-15,5011030000000000000,제주특별자치도 제주시 애월읍 하귀1리 2999-9872,2.4,1.53,1.14,0.89,0.94,1.28,2.88,7.37,12.14,15.43,17.09,17.04,16.74,17.04,17.25,18.02,19.46,22.31,21.03,15.54,12.69,10.27,6.74,4.14,0.000114458,0.000108272,0.000119894,0.000132469,0.000155374,0.000126947,0.000129821,0.00014149,0.000138804,0.000132298,0.00012591,0.000120179,0.000120407,0.000119878,0.000119894,0.000121274,0.000122274,0.000128276,0.000130248,0.000128934,0.000129641,0.00012801,0.000126079,0.000120681,2015-11-30,33.4793509,126.4158337
Nov-15,5011030000000000000,제주특별자치도 제주시 애월읍 하귀2리 3000-384,24.94,14.87,11.81,9.26,10.05,13.24,32.04,87.82,147.62,188.06,207.05,206.11,201.55,204.44,206.09,216.07,232.98,264.79,241.07,172.92,139.88,110.71,71.58,43.03,0.001188,0.001054846,0.001238263,0.001373761,0.00166021,0.001314933,0.001442182,0.001687101,0.001688337,0.001612435,0.001525791,0.001453872,0.001449573,0.001438537,0.001432468,0.001454222,0.001463585,0.001522389,0.001492857,0.001434432,0.001428618,0.001379497,0.001339494,0.001254314,2015-11-30,33.4765163,126.3897608
Nov-15,5011030000000000000,제주특별자치도 제주시 애월읍 하귀2리 2000-0,53.14,30.8,23.67,18.09,19.66,26.41,67.05,187.25,317.3,404.9,446.06,444.32,434.56,441.85,445.39,467.94,504.47,575.23,528.39,378.77,306.55,242.51,156.26,93.18,0.002531262,0.002184584,0.002481943,0.00268381,0.00324915,0.002623243,0.003018055,0.003597054,0.003628836,0.003471687,0.003287029,0.003134193,0.003125373,0.003108992,0.003095752,0.003149414,0.003169067,0.003307271,0.003272061,0.003141997,0.003130815,0.00302184,0.002924148,0.002716483,2015-11-30,33.4746897,126.3984136
Nov-15,5011030000000000000,제주특별자치도 제주시 애월읍 하귀2리 999-9616,28.45,14.45,9.83,6.61,7.37,11.33,35.79,108.92,189.73,243.1,267.72,266.95,260.73,266.54,268.81,283.61,305.67,350.43,324.13,230.4,185.88,146.21,92.65,53.14,0.001354931,0.00102513,0.001030388,0.000980806,0.001218156,0.001125439,0.00161091,0.002092438,0.002169874,0.002084374,0.001972837,0.001883031,0.001875197,0.001875492,0.001868374,0.001908825,0.001920234,0.002014766,0.002007218,0.001911201,0.001898345,0.001821865,0.001733732,0.00154914,2015-11-30,33.4790176,126.3976001
Nov-15,5011030000000000000,제주특별자치도 제주시 애월읍 유수암리 1000-128,9.62,7.25,6.28,5.65,5.5,8.16,16.61,41.35,72.13,106.85,132.02,148.01,153.97,168.18,170.98,173.11,180.75,171.75,112.49,52.98,39.76,32.35,21.04,13.53,0.00045845,0.000514125,0.000658682,0.000838196,0.000908013,0.000810389,0.000747912,0.000794398,0.000824963,0.000916163,0.000972882,0.001044016,0.001107381,0.001183387,0.001188415,0.001165078,0.001135446,0.000987473,0.000696614,0.000439448,0.000406019,0.000403083,0.000393807,0.000394469,2015-11-30,33.4252123,126.4070333
Nov-15,5011030000000000000,제주특별자치도 제주시 애월읍 유수암리 2999-9872,5.31,3.83,3.19,2.77,2.68,4.32,9.63,25.58,45.29,67.08,82.11,91.22,94.78,103.08,104.8,106.45,111.29,106.17,70.66,33.88,25.51,20.51,12.93,7.93,0.000252747,0.000271389,0.000334514,0.000411802,0.000442936,0.000429548,0.000433502,0.000491438,0.00051797,0.000575174,0.000605102,0.000643486,0.00068168,0.000725304,0.000728421,0.000716474,0.000699119,0.000610424,0.000437543,0.000281069,0.000260565,0.000255572,0.000241984,0.000231041,2015-11-30,33.4222648,126.3914432
Nov-15,5011030000000000000,제주특별자치도 제주시 애월읍 유수암리 1999-9488,3.41,2.29,1.49,1.21,1.19,2.74,7.42,23.29,40.94,58.15,66.44,68.23,66.26,67.19,67.46,69.39,74.34,76.54,58.07,31.97,24.51,19.2,11.24,6.15,0.000162311,0.000162691,0.000156002,0.000179165,0.000196903,0.000271774,0.000334006,0.000447415,0.000468239,0.000498564,0.000489612,0.000481296,0.000476563,0.000472749,0.000468919,0.000467034,0.000467021,0.000440085,0.000359595,0.000265228,0.000250331,0.000239302,0.000210415,0.000179286,2015-11-30,33.44402,126.3991857
Nov-15,5011030000000000000,제주특별자치도 제주시 애월읍 유수암리 9999-9744,3.16,2.3,1.99,1.79,1.68,2.59,6.06,16.82,29.03,43.32,53.44,59.65,59.5,64.08,64.74,65.74,69.09,68.22,44.69,20.01,14.45,11.65,7.62,4.63,0.000150657,0.000163377,0.000208504,0.000264938,0.000278143,0.000256808,0.000272936,0.000323053,0.000332031,0.00037139,0.000393824,0.00042076,0.000427943,0.000450889,0.00044996,0.000442448,0.000434003,0.000392244,0.000276731,0.000165997,0.000147544,0.000145223,0.000142672,0.000134887,2015-11-30,33.4102354,126.412865
Nov-15,5011030000000000000,제주특별자치도 제주시 애월읍 유수암리 9999-9488,2.86,1.94,1.64,1.41,1.24,1.99,5.75,17.43,30.61,46.91,59.16,67.59,67.4,73.58,74.21,75.61,78.97,77.84,49.13,20.3,13.95,11.36,7.44,4.33,0.000136035,0.000137916,0.000171627,0.000208547,0.000204834,0.000197804,0.000258787,0.000334759,0.000350048,0.000402237,0.000435948,0.000476763,0.000484733,0.000517702,0.000515803,0.000508922,0.000496081,0.000447542,0.000304219,0.000168436,0.000142512,0.000141505,0.00013921,0.0001262,2015-11-30,33.4102354,126.412865
Nov-15,5011030000000000000,제주특별자치도 제주시 조천읍 신촌리 3000-384,20.2,10.91,6.31,4.41,5.63,15.38,41.5,102.65,154.99,195.73,213.07,212.52,208.29,207.52,203.89,211.41,234.73,271.11,241.01,171.79,137.62,111.25,70.33,40.7,0.000962355,0.000773599,0.000661304,0.000654134,0.000930705,0.001527803,0.001868076,0.00197197,0.001772599,0.001678178,0.001570106,0.001499121,0.001497994,0.001460155,0.001417177,0.001422863,0.001474551,0.00155873,0.001492442,0.001425058,0.001405502,0.001386218,0.001316184,0.001186525,2015-11-30,33.5194713,126.6132496
Nov-15,5011030000000000000,제주특별자치도 제주시 조천읍 신촌리 3999-9744,9.76,5.52,3.08,2.19,2.68,7.29,18.96,46.32,69.72,88.4,96.22,95.66,93.34,93.17,92.2,95.53,105.63,123.16,111.8,80.43,65.12,53.07,33.68,19.72,0.000464785,0.000391575,0.000323399,0.000324742,0.000442054,0.00072397,0.000853395,0.000889841,0.000797392,0.000757971,0.000709035,0.000674801,0.000671302,0.000655584,0.000640829,0.000642977,0.000663584,0.000708105,0.000692344,0.000667212,0.000665086,0.000661313,0.00063034,0.000574999,2015-11-30,33.5314531,126.6019272
Nov-15,5011030000000000000,제주특별자치도 제주시 조천읍 신촌리 2000-0,24.09,11.98,7.4,5.17,6.83,18.67,52.88,133.39,202.31,255.36,277.75,278.17,273.62,272.02,265.19,275.48,306.7,350.27,304.72,213.52,168.92,134.58,84.73,48.46,0.001147355,0.000849532,0.000775885,0.000767411,0.001128875,0.001854773,0.002380564,0.002562514,0.002313824,0.002189447,0.002046749,0.001962185,0.001967847,0.001914004,0.001843222,0.001854098,0.001926708,0.002013865,0.00188701,0.001771201,0.001725211,0.001676971,0.001585683,0.001412795,2015-11-30,33.5370659,126.6216336
Nov-15,5011030000000000000,제주특별자치도 제주시 조천읍 신촌리 999-9616,7.09,3.51,2.15,1.49,2.01,5.53,15.77,40,60.68,76.57,83.34,83.5,82.14,81.64,79.55,82.63,92.03,105.04,91.14,63.7,50.4,40.04,25.12,14.32,0.000337784,0.000248694,0.000225212,0.000220815,0.000332284,0.000549243,0.000709965,0.0007684,0.000693981,0.000656508,0.000614127,0.000589007,0.000590751,0.000574457,0.000552938,0.000556134,0.000578132,0.000603927,0.000564391,0.000528437,0.000514719,0.000498923,0.00047014,0.000417606,2015-11-30,33.516562,126.6260457
Nov-15,5011030000000000000,제주특별자치도 제주시 조천읍 신촌리 20-0,0.11,0.37,0.09,0.07,0.07,0.38,0.44,0.3,0.36,0.45,0.75,0.52,0.48,0.46,0.71,0.5,0.51,0.86,0.51,0.39,0.33,0.52,0.2,0.15,5.30293E-06,2.63587E-05,8.94835E-06,1.06351E-05,0.000012062,3.75146E-05,1.99113E-05,5.80792E-06,4.15916E-06,3.86406E-06,5.55872E-06,3.67272E-06,3.42341E-06,3.20388E-06,4.93726E-06,3.38093E-06,3.19962E-06,4.91769E-06,3.13137E-06,3.26558E-06,3.39753E-06,6.52948E-06,3.7926E-06,4.40199E-06,2015-11-30,33.5063028,126.6419085
Nov-15,5011030000000000000,제주특별자치도 제주시 조천읍 신촌리 10-256,1.04,0.54,0.36,0.21,0.33,0.83,2.34,5.94,9.1,11.45,12.48,12.51,12.33,12.23,11.95,12.37,13.75,15.66,13.57,9.56,7.56,5.98,3.72,2.11,4.93935E-05,3.84388E-05,3.79955E-05,3.12128E-05,5.40864E-05,8.27441E-05,0.000105228,0.000114045,0.000104109,9.81449E-05,9.19658E-05,0.000088263,8.86585E-05,8.60475E-05,8.30854E-05,8.32847E-05,0.000086396,9.00267E-05,8.40102E-05,7.93168E-05,0.000077207,7.45075E-05,6.95519E-05,0.000061414,2015-11-30,33.5086299,126.6409817
Nov-15,5011030000000000000,제주특별자치도 제주시 조천읍 와흘리 2999-9872,2.31,2.04,1.18,0.97,1.07,2.2,6.48,20.62,38.23,56.17,63.6,64.57,58.96,60.19,60.85,62.55,63.79,65.33,43.52,20.76,14.17,10.84,6.71,3.97,0.000109885,0.000144867,0.000123844,0.000144638,0.000176029,0.000218962,0.000291707,0.0003962,0.000437223,0.000481613,0.000468706,0.000455479,0.000424056,0.000423527,0.000422959,0.000420991,0.000400746,0.000375611,0.00026952,0.000172232,0.000144718,0.000135096,0.000125586,0.000115598,2015-11-30,33.4835308,126.6417558
Nov-15,5011030000000000000,제주특별자치도 제주시 조천읍 와흘리 9999-9744,1.92,2.19,1.32,1.2,1.2,2.06,4.75,13.68,25.21,37.33,42.63,43.22,39.12,40.49,40.3,41.25,41.79,42.34,27.27,12.57,8.47,6.66,4.26,2.77,9.13883E-05,0.000155316,0.00013793,0.000177433,0.000198721,0.000204725,0.000213953,0.000262842,0.000288328,0.000320046,0.000314118,0.000304878,0.000281326,0.000284869,0.000280119,0.000277606,0.00026253,0.000243456,0.000168873,0.000104277,8.64668E-05,8.29975E-05,7.97757E-05,0.000080742,2015-11-30,33.4835308,126.6417558
Nov-15,5011030000000000000,제주특별자치도 제주시 조천읍 와흘리 1000-128,3.17,2.16,1.3,1.15,1.23,2.73,7.41,19.68,31.96,43.05,47.81,48.25,45.82,46.26,45.54,46.85,49.93,53.9,42.22,26.74,20.58,16.29,10.05,5.82,0.000150895,0.000153401,0.000135833,0.000170805,0.000203788,0.00027141,0.000333481,0.000378129,0.000365503,0.000369084,0.000352346,0.000340322,0.000329553,0.000325487,0.000316538,0.00031533,0.000313632,0.00030991,0.000261425,0.00022183,0.000210177,0.000202979,0.000187996,0.000169724,2015-11-30,33.4929422,126.6367692
Nov-15,5011030000000000000,제주특별자치도 제주시 조천읍 와흘리 1999-9488,1.21,0.62,0.41,0.19,0.36,1.06,3.2,8.57,13.42,17.57,19.27,19.35,18.69,18.6,18.29,19,20.65,23.37,19.86,12.65,9.8,7.48,4.55,2.54,5.77289E-05,4.37579E-05,4.30639E-05,2.81954E-05,5.98145E-05,0.000105094,0.000143851,0.000164728,0.000153432,0.000150627,0.000142036,0.000136497,0.0001344,0.000130841,0.000127148,0.000127901,0.000129739,0.00013434,0.000122953,0.000104902,0.000100088,9.31738E-05,8.51028E-05,7.39884E-05,2015-11-30,33.4888748,126.6326298
Nov-15,5011030000000000000,제주특별자치도 제주시 조천읍 와흘리 9999-9488,2.19,2.63,1.57,1.45,1.47,2.27,4.87,13.47,24.47,36.05,41.23,41.76,37.9,39.34,39.03,39.9,40.33,40.83,26.36,12.35,8.4,6.67,4.31,2.92,0.000104138,0.000186615,0.000164391,0.000215324,0.000242948,0.000225419,0.000219219,0.000258724,0.000279891,0.000309065,0.000303811,0.000294601,0.000272611,0.00027684,0.000271278,0.000268572,0.000253371,0.00023474,0.00016324,0.000102433,8.57758E-05,8.30888E-05,8.05804E-05,8.50468E-05,2015-11-30,33.4835308,126.6417558
Nov-15,5011030000000000000,제주특별자치도 제주시 조천읍 조천리 2000-0,14.78,7.36,4.65,3.29,4.36,11.53,32.36,81.31,123.26,155.27,168.94,169.29,166.66,165.6,161.33,167.46,186.67,213.04,184.9,129.85,102.68,81.8,51.57,29.52,0.000703909,0.000522092,0.00048765,0.000488276,0.000719702,0.001145339,0.001456466,0.001562086,0.001409647,0.001331336,0.00124492,0.001194179,0.001198597,0.00116524,0.001121367,0.001127069,0.001172668,0.001224877,0.001145013,0.001077126,0.001048697,0.001019263,0.000964987,0.000860486,2015-11-30,33.5228575,126.63673
Nov-15,5011030000000000000,제주특별자치도 제주시 조천읍 조천리 3000-384,16.29,8.09,4.99,3.48,4.62,12.61,35.77,90.12,136.79,172.33,187.55,187.95,185.15,184,179.29,186.13,207.47,236.71,205.54,144.49,114.26,91.08,57.41,32.75,0.000776038,0.000573864,0.000522849,0.000515779,0.000763599,0.001252221,0.001610325,0.001731323,0.001564417,0.001477567,0.001382043,0.00132575,0.001331619,0.001294672,0.001246196,0.001252724,0.001303319,0.001360972,0.001272804,0.001198561,0.001166892,0.001134916,0.001074249,0.000954745,2015-11-30,33.5439551,126.6386399
Nov-15,5011030000000000000,제주특별자치도 제주시 조천읍 조천리 999-9616,7.57,3.75,2.3,1.6,2.14,5.85,16.66,42.03,63.75,80.34,87.42,87.6,86.29,85.75,83.56,86.73,96.69,110.34,95.8,67.3,53.23,42.42,26.73,15.24,0.000360361,0.000265999,0.00024157,0.000237633,0.000353269,0.00058156,0.000749757,0.000807429,0.000729069,0.000688804,0.000644234,0.000617918,0.000620615,0.00060335,0.000580766,0.000583729,0.000607435,0.000634403,0.000593244,0.000558276,0.000543591,0.000528626,0.000500237,0.000444319,2015-11-30,33.5437668,126.6430972
Nov-15,5011030000000000000,제주특별자치도 제주시 조천읍 조천리 20-0,2.54,1.26,0.77,0.6,0.73,1.98,5.65,14.46,21.89,27.56,29.98,30.04,29.58,29.4,28.65,29.73,33.15,37.84,32.86,23.05,18.27,14.56,9.09,5.14,0.00012092,8.96197E-05,0.000080675,8.92361E-05,0.000121006,0.000197076,0.000254391,0.000277852,0.000250297,0.000236265,0.000220907,0.000211915,0.000212757,0.00020689,0.000199119,0.000200094,0.000208243,0.000217544,0.000203462,0.000191228,0.000186541,0.00018148,0.000170068,0.00014993,2015-11-30,33.5178559,126.6588569
Nov-15,5011030000000000000,제주특별자치도 제주시 조천읍 조천리 10-256,2.25,1.16,0.75,0.53,0.65,1.74,4.83,12.08,18.4,23.19,25.34,25.47,25.2,24.99,24.38,25.26,28.13,31.99,27.88,19.76,15.66,12.5,7.92,4.51,0.000107154,8.22913E-05,7.82631E-05,0.000079244,0.000108228,0.000172773,0.000217569,0.000232022,0.000210436,0.000198825,0.000186702,0.000179679,0.000181258,0.000175831,0.000169475,0.000170036,0.000176706,0.000183904,0.000172632,0.000163931,0.000159926,0.000155785,0.000148242,0.000131613,2015-11-30,33.5195219,126.6576235
Nov-15,5011030000000000000,제주특별자치도 제주시 조천읍 함덕리 9999-9488,9.71,6.05,4.76,4,3.65,6.63,15.33,32.09,50.92,64.58,73.47,75.62,77.92,76.06,75.39,76.64,84.06,92.28,83.22,63.51,51.32,41.62,28.24,16.66,0.000462324,0.000428903,0.000499325,0.000592945,0.000602937,0.00065894,0.000690249,0.000616395,0.000582305,0.000553702,0.000541397,0.000533399,0.00056042,0.00053518,0.000524012,0.000515817,0.00052805,0.000530564,0.000515367,0.000526792,0.000524153,0.000518595,0.000528557,0.000485793,2015-11-30,33.5307681,126.6673798
Nov-15,5011030000000000000,제주특별자치도 제주시 조천읍 함덕리 1000-128,41.86,26.05,20.42,17.12,15.52,28.64,66.63,139.27,221.27,280.99,319.83,329.58,339.78,331.32,328.81,334.15,366.34,402.5,363.38,277.71,224.3,181.94,123.43,72.75,0.001993681,0.001847381,0.002140892,0.002540607,0.002564147,0.002844755,0.002999209,0.002675349,0.002530554,0.002409201,0.002356816,0.002324795,0.002443736,0.002331318,0.002285414,0.002249007,0.002301319,0.002314162,0.002250249,0.00230372,0.002290821,0.002267153,0.002309746,0.002120835,2015-11-30,33.5410014,126.6670823
Nov-15,5011030000000000000,제주특별자치도 제주시 조천읍 함덕리 9999-9744,43.09,27.15,21.71,18.36,16.9,29.85,67.46,139.69,220.93,279.98,318.47,327.65,337.62,329.68,326.71,331.93,364.04,399.61,360.54,275.31,222.69,180.74,122.93,72.89,0.002052632,0.001925606,0.002276481,0.002724174,0.002791674,0.002964716,0.003036616,0.002683546,0.002526708,0.002400578,0.002346802,0.002311172,0.002428173,0.002319741,0.002270808,0.002234045,0.002286862,0.002297556,0.002232687,0.002283781,0.002274348,0.002252159,0.00230052,0.002125013,2015-11-30,33.5307681,126.6673798
Nov-15,5011030000000000000,제주특별자치도 제주시 조천읍 함덕리 1999-9488,5.93,3.52,2.66,2.17,2.07,4.2,10.33,22.98,36.1,45.87,51.53,52.71,53.56,52.5,51.86,52.98,58.24,64.5,57.39,42.81,34.39,27.73,18.45,10.76,0.000282453,0.000249356,0.000279007,0.000322714,0.000341868,0.00041733,0.000465027,0.00044153,0.000412855,0.000393271,0.000379732,0.000371822,0.000385183,0.000369399,0.000360436,0.000356595,0.000365843,0.000370852,0.000355411,0.000355132,0.000351195,0.000345477,0.000345271,0.000313785,2015-11-30,33.5185216,126.6647515
Nov-15,5011030000000000000,제주특별자치도 제주시 조천읍 함덕리 4000-256,15.8,9.75,7.6,6.35,5.87,11,25.81,54.92,86.69,109.91,124.5,127.87,131.19,128.21,126.92,129.26,142.01,156.7,140.89,106.77,86.07,69.73,47.04,27.67,0.000752397,0.000691757,0.000797102,0.000941876,0.000969314,0.001092229,0.001161818,0.00105503,0.000991409,0.000942409,0.000917415,0.00090196,0.000943503,0.000902135,0.000882171,0.000869946,0.000892082,0.000900936,0.000872437,0.000885666,0.000879028,0.000868944,0.000880308,0.000806603,2015-11-30,33.5291362,126.6558328
Nov-15,5011030000000000000,제주특별자치도 제주시 조천읍 함덕리 2999-9872,12.29,7.52,5.87,5.01,4.74,8.91,20.84,45.06,70.41,89.28,100.46,102.72,104.56,102.42,101.1,103.21,113.56,125.9,112.46,84.19,67.66,54.67,36.62,21.66,0.000585561,0.000533605,0.000615304,0.000742876,0.000782545,0.000885253,0.000938307,0.000865674,0.000805227,0.000765511,0.000740268,0.000724545,0.000752023,0.00072063,0.000702736,0.000694629,0.000713368,0.000723864,0.000696396,0.000698422,0.000691037,0.000681238,0.000685233,0.000631476,2015-11-30,33.5414306,126.6570596
Nov-15,5011030000000000000,제주특별자치도 제주시 조천읍 신흥리 999-9616,2.24,1.26,0.91,0.75,0.83,1.76,4.44,10.48,15.96,20.14,22.11,22.25,22.1,21.85,21.36,22.06,24.49,27.7,24.23,17.33,13.76,11.01,7.1,4.16,0.000106805,8.91706E-05,0.000095251,0.000110605,0.000136923,0.000175057,0.000199938,0.000201286,0.000182485,0.000172671,0.00016292,0.000156982,0.000158913,0.00015377,0.00014847,0.00014848,0.000153864,0.000159248,0.00015006,0.000143768,0.000140552,0.00013719,0.000132935,0.000121137,2015-11-30,33.5473868,126.6487873
Nov-15,5011030000000000000,제주특별자치도 제주시 조천읍 신흥리 10-256,8.22,4.38,2.94,2.23,2.64,6.35,17.06,41.55,63.27,79.81,87.32,87.76,86.9,86.13,84.11,87.08,96.8,109.91,95.89,68.14,54.01,43.16,27.56,15.9,0.000391687,0.000310324,0.000308788,0.000331371,0.000435941,0.000630696,0.000768123,0.000798284,0.000723625,0.000684342,0.000643446,0.000619026,0.000624983,0.000606052,0.000584622,0.000586082,0.000608116,0.000631896,0.000593793,0.000565219,0.000551643,0.000537768,0.000515707,0.000463452,2015-11-30,33.5502212,126.654815
Nov-15,5011030000000000000,제주특별자치도 제주시 조천읍 대흘리 9999-9488,2.42,2.49,1.74,1.59,1.66,2.31,4.63,12.11,21.6,31.49,35.96,36.29,33.09,34.24,33.94,34.58,35.02,35.22,22.97,11.07,7.76,6.11,4.04,2.79,0.000115188,0.00017645,0.000182148,0.000235457,0.000274343,0.000228995,0.000208461,0.000232592,0.000247007,0.00026999,0.000264954,0.000256019,0.00023802,0.000240913,0.000235883,0.000232763,0.000219986,0.000202484,0.000142251,9.17984E-05,7.92462E-05,7.61606E-05,7.55901E-05,8.13542E-05,2015-11-30,33.4890214,126.6654596
Nov-15,5011030000000000000,제주특별자치도 제주시 조천읍 대흘리 1000-128,7.08,4.87,4.44,3.9,4.28,5.73,12.33,30.43,53.44,76.12,85.75,86.54,80.37,81.09,81.74,82.64,84.13,83.09,56.9,30.77,22.73,17.27,11.56,7.24,0.000337435,0.000345051,0.000465104,0.000578007,0.000707805,0.000569309,0.000554951,0.000584653,0.000611198,0.000652675,0.000631901,0.000610437,0.00057799,0.000570566,0.000568179,0.000556213,0.000528492,0.000477694,0.000352352,0.000255282,0.000232166,0.000215211,0.000216341,0.000211101,2015-11-30,33.4973111,126.6625981
Nov-15,5011030000000000000,제주특별자치도 제주시 조천읍 대흘리 1999-9488,25.69,17.07,17.29,15.35,17.04,20.03,34.29,63.7,100.03,134.17,149.64,150.01,143.24,142.96,141.66,139.28,140.93,132.1,98.25,66.63,55.13,42.25,30.42,20.87,0.001223628,0.001210327,0.00181267,0.002278043,0.002815137,0.001989236,0.001543569,0.00122369,0.001143964,0.001150374,0.001102702,0.001058147,0.001030208,0.001005928,0.000984658,0.000937445,0.000885291,0.000759494,0.000608416,0.000552709,0.000563081,0.000526516,0.000569327,0.000608417,2015-11-30,33.5163615,126.6603055
Nov-15,5011030000000000000,제주특별자치도 제주시 조천읍 대흘리 2999-9872,2.98,1.8,1.62,1.36,1.54,2.43,5.37,12.24,19.63,26.42,29.28,29.57,28.22,28.04,27.91,28.1,29.27,29.78,23.22,15.38,12.14,9.37,6.09,3.66,0.000142004,0.000127515,0.000169704,0.000202414,0.000255065,0.000241312,0.000241591,0.000235083,0.000224469,0.000226528,0.000215768,0.000208616,0.00020299,0.000197285,0.000193962,0.000189114,0.000183884,0.000171236,0.000143795,0.00012757,0.000124,0.000116808,0.00011399,0.000106629,2015-11-30,33.4890214,126.6654596
Nov-15,5011030000000000000,제주특별자치도 제주시 조천읍 대흘리 9999-9744,3.4,2.18,2.09,1.82,1.98,2.71,5.26,10.88,17.85,24.6,27.63,28.13,26.82,26.45,26.58,26.18,26.27,24.59,18.27,12.49,10.09,7.62,5.17,3.22,0.000161739,0.000154323,0.000219619,0.000270033,0.000326611,0.000269357,0.00023697,0.000209059,0.000204161,0.0002109,0.000203595,0.000198452,0.000192905,0.00018613,0.000184752,0.000176216,0.000164998,0.000141381,0.00011313,0.000103589,0.000102998,9.49183E-05,9.67551E-05,9.39285E-05,2015-11-30,33.4890214,126.6654596
Nov-15,5011030000000000000,제주특별자치도 제주시 조천읍 북촌리 2000-0,20,12.07,9.1,7.91,7.65,15.05,34.59,76.99,128.52,168.08,191.74,194.83,197.18,198.83,191.96,197.71,211.46,226.36,193.02,138.84,111.8,88.49,58.32,33.89,0.000952686,0.00085608,0.000954572,0.00117387,0.001263265,0.001495155,0.001556953,0.001478944,0.001469831,0.001441153,0.001412932,0.001374312,0.001418158,0.001399018,0.001334246,0.001330644,0.00132839,0.001301423,0.001195315,0.001151676,0.00114184,0.001102626,0.001091285,0.000988057,2015-11-30,33.5232177,126.6830296
Nov-15,5011030000000000000,제주특별자치도 제주시 조천읍 북촌리 3000-384,2.25,1.43,1.13,1.02,0.98,1.73,3.79,8.06,13.24,17.22,19.63,19.96,20.23,20.27,19.66,20.19,21.68,23.33,20.11,14.64,11.78,9.38,6.26,3.71,0.000107107,0.000101322,0.00011881,0.000150672,0.000161213,0.000172044,0.000170619,0.000154893,0.000151461,0.000147609,0.000144645,0.000140826,0.000145524,0.000142606,0.00013664,0.000135885,0.000136187,0.000134131,0.000124532,0.000121479,0.00012035,0.00011687,0.000117159,0.000108203,2015-11-30,33.5374849,126.6939218
Nov-15,5011030000000000000,제주특별자치도 제주시 조천읍 북촌리 999-9616,6.5,3.91,2.98,2.74,2.74,5.4,11.9,27.02,46.21,61.37,70.07,70.58,70.63,72.52,68.94,71.55,75.57,79.7,65.68,45.32,36.42,28.3,18.33,10.63,0.000309666,0.000277086,0.000312283,0.000406212,0.000452024,0.000536794,0.000535445,0.00051912,0.00052848,0.000526156,0.000516342,0.000497878,0.000507961,0.000510262,0.000479162,0.000481574,0.000474725,0.000458215,0.000406721,0.000375956,0.000371972,0.000352592,0.00034295,0.000309927,2015-11-30,33.5357444,126.6905883
Nov-15,5011030000000000000,제주특별자치도 제주시 조천읍 북촌리 10-256,1.94,1.1,0.78,0.71,0.8,1.72,3.82,9.22,16.35,22.08,25.21,25.21,24.97,26.2,24.49,25.63,26.65,27.64,21.83,14.27,11.48,8.7,5.41,3.08,9.23409E-05,7.78469E-05,8.15139E-05,0.000105906,0.000132407,0.000171018,0.000171819,0.000177068,0.000186953,0.000189279,0.000185752,0.000177803,0.000179614,0.000184355,0.000170216,0.000172481,0.000167429,0.000158913,0.000135165,0.000118407,0.000117201,0.000108364,0.00010124,8.99152E-05,2015-11-30,33.5514897,126.7052896
Nov-15,5011030000000000000,제주특별자치도 제주시 조천읍 북촌리 20-0,3.34,1.85,1.23,0.97,0.97,2.43,6.17,14.83,25.39,33.5,38.28,38.82,39.18,39.9,38.26,39.61,42.09,44.74,37.48,26.43,21.27,16.69,10.76,6.04,0.000158913,0.000131014,0.000129227,0.000144291,0.000160772,0.000241246,0.000277693,0.000284895,0.000290409,0.000287233,0.000282107,0.000273837,0.000281753,0.000280724,0.000265931,0.000266602,0.0002644,0.000257222,0.000232095,0.000219208,0.000217187,0.000207984,0.000201395,0.000176079,2015-11-30,33.5465793,126.7051091
Nov-15,5011030000000000000,제주특별자치도 제주시 조천읍 와산리 9999-9488,1.26,1.12,0.88,0.81,0.83,1.16,2.39,6.01,10.54,15.5,17.89,18,16.26,16.86,16.83,16.94,17.02,17.03,11.11,5.66,4.07,3.17,2.11,1.4,5.99359E-05,7.97618E-05,9.25944E-05,0.000119559,0.000136483,0.00011516,0.000107494,0.000115428,0.00012049,0.000132916,0.00013184,0.000126937,0.000116918,0.000118647,0.000116995,0.00011402,0.000106902,9.79111E-05,6.88281E-05,4.69264E-05,0.000041601,3.94967E-05,3.95604E-05,4.08131E-05,2015-11-30,33.4802497,126.6843061
Nov-15,5011030000000000000,제주특별자치도 제주시 조천읍 와산리 1999-9488,2.62,1.83,1.86,1.67,1.83,2.01,3.04,5.16,7.89,10.44,11.7,11.58,11.07,11.17,10.97,10.71,10.81,9.94,7.25,4.78,4.07,3.17,2.49,1.86,0.000124714,0.000129524,0.000195081,0.000248268,0.000303093,0.000200056,0.000136813,9.91444E-05,9.02511E-05,0.000089508,8.62056E-05,8.17005E-05,7.95918E-05,7.86171E-05,7.62344E-05,7.20718E-05,6.79186E-05,0.000057161,4.48692E-05,3.96902E-05,4.16112E-05,3.95299E-05,4.65343E-05,5.43495E-05,2015-11-30,33.4802497,126.6843061
Nov-15,5011030000000000000,제주특별자치도 제주시 조천읍 와산리 1000-128,5.75,3.79,3.69,3.26,3.58,4.8,9.08,19.56,32.81,46.07,51.82,52.55,49.09,48.95,49.23,48.66,48.53,45.27,31.47,19.33,15.17,11.27,7.61,5.05,0.000273657,0.000269072,0.000386876,0.000484417,0.000591646,0.000477095,0.000408609,0.000375792,0.000375194,0.000395041,0.000381889,0.000370661,0.000353088,0.000344446,0.000342156,0.000327508,0.000304885,0.00026026,0.000194863,0.000160323,0.000154884,0.000140409,0.000142497,0.000147335,2015-11-30,33.4895889,126.682798
Nov-15,5011030000000000000,제주특별자치도 제주시 조천읍 와산리 9999-9744,0.9,0.53,0.52,0.45,0.51,0.76,1.62,3.69,6.31,9.01,10.21,10.38,9.59,9.6,9.77,9.64,9.57,9.01,6.16,3.74,2.87,2.08,1.37,0.84,4.30268E-05,3.76587E-05,5.49834E-05,6.74712E-05,8.39386E-05,7.58239E-05,7.30281E-05,7.09309E-05,7.21773E-05,7.72784E-05,7.52356E-05,7.32335E-05,0.000068962,6.75278E-05,6.79284E-05,6.49106E-05,6.01457E-05,5.17776E-05,3.81606E-05,3.10493E-05,2.93386E-05,2.59351E-05,2.56001E-05,2.45948E-05,2015-11-30,33.4802497,126.6843061
Nov-15,5011030000000000000,제주특별자치도 제주시 조천읍 교래리 10-256,9.62,9.85,5.95,5.21,5.36,8.95,24.15,73.63,142.48,216.35,250.33,257.6,232.92,243.81,240.89,244.69,247.41,254.65,165.95,74.29,51.96,40.28,23.85,15.26,0.00045837,0.000698826,0.000624182,0.000772703,0.000885321,0.000889226,0.001087244,0.001414487,0.001629526,0.001855022,0.001844712,0.001817075,0.001675139,0.001715513,0.001674347,0.00164685,0.001554231,0.001464078,0.001027668,0.000616276,0.000530706,0.000501922,0.000446367,0.000444834,2015-11-30,33.4180631,126.6534847
Nov-15,5011030000000000000,제주특별자치도 제주시 조천읍 교래리 20-0,21.15,18.97,12.64,9.64,10.78,17.35,48.96,135.02,259.45,390.33,456.89,472.26,423.68,453.56,444.11,447.29,453.56,479.93,328.15,148.62,108.03,84.77,51.11,31.81,0.001007383,0.001345336,0.001325859,0.001430449,0.001781987,0.001723091,0.002203883,0.002593853,0.002967281,0.00334674,0.003366865,0.003331237,0.003047102,0.003191406,0.003086823,0.003010451,0.002849235,0.002759309,0.002032056,0.001232818,0.001103285,0.001056317,0.000956404,0.00092741,2015-11-30,33.4180631,126.6534847
Nov-15,5011030000000000000,제주특별자치도 제주시 조천읍 교래리 999-9616,3.52,3.16,2.04,1.69,1.75,2.74,7.28,21.45,45.18,72.01,85.69,91.46,82.36,88.98,84.93,84.99,85.08,89.61,59.7,26.15,20.54,16.16,8.8,5.91,0.000167662,0.000223754,0.000213432,0.00025084,0.000289158,0.000272138,0.000327884,0.000412061,0.00051675,0.000617424,0.000631429,0.000645177,0.000592302,0.00062612,0.000590298,0.000571998,0.000534477,0.000515232,0.000369693,0.000216963,0.000209806,0.000201313,0.00016466,0.000172377,2015-11-30,33.4180631,126.6534847
Nov-15,5011030000000000000,제주특별자치도 제주시 조천읍 선흘리 9999-9744,1.63,0.92,0.71,0.55,0.57,1.8,6.35,16.93,29.37,44.82,52.79,53.22,47.06,48.04,49.64,49.08,48.03,46.9,30.21,17.71,12.93,9.54,5.62,2.87,7.75594E-05,6.51758E-05,0.000074523,8.14205E-05,9.35772E-05,0.000179229,0.000285901,0.000325224,0.000335939,0.000384291,0.000389029,0.000375384,0.000338486,0.000338033,0.000345054,0.000330353,0.000301742,0.000269635,0.000187085,0.000146885,0.000132071,0.000118905,0.000105207,8.36378E-05,2015-11-30,33.4851252,126.7078377
Nov-15,5011030000000000000,제주특별자치도 제주시 조천읍 선흘리 1999-9488,9.21,5.77,4.06,3.6,3.71,7.84,24.53,66.59,115.89,186.89,226.64,226.67,194.77,207.74,220.61,216.42,214.55,222.5,140.44,72.93,51.41,37.14,24.71,12.09,0.00043881,0.000409471,0.000425536,0.000534675,0.000613126,0.000778834,0.00110429,0.001279253,0.001325415,0.001602415,0.001670097,0.001598886,0.001400772,0.001461715,0.00153341,0.001456632,0.001347795,0.001279261,0.000869665,0.000605,0.000525051,0.000462746,0.00046238,0.000352557,2015-11-30,33.4851252,126.7078377
Nov-15,5011030000000000000,제주특별자치도 제주시 조천읍 선흘리 4000-256,3.45,2.12,1.35,1.12,1.14,2.8,8.88,23.54,41.32,63.47,75.38,76.24,68.15,71.07,73.59,72.88,73.15,75.33,51.08,29.24,21.67,16.21,10.44,5.44,0.00016447,0.000150706,0.00014195,0.000166155,0.000188311,0.000278529,0.000399757,0.000452223,0.000472612,0.000544239,0.000555467,0.000537756,0.000490103,0.000500094,0.000511462,0.000490506,0.000459533,0.000433106,0.000316291,0.000242554,0.000221313,0.000202028,0.000195325,0.000158442,2015-11-30,33.4851252,126.7078377
Nov-15,5011030000000000000,제주특별자치도 제주시 조천읍 선흘리 9999-9488,1.89,1.17,0.92,0.77,0.76,1.86,5.8,15.37,26.94,41.8,49.55,49.97,43.98,45.66,47.09,46.38,45.63,45.52,29.37,16.51,12.06,8.85,5.43,2.84,9.00546E-05,8.32369E-05,9.65443E-05,0.00011387,0.000125853,0.000185156,0.000261173,0.000295173,0.000308102,0.000358438,0.000365163,0.00035248,0.00031631,0.000321301,0.000327272,0.000312158,0.000286621,0.000261738,0.000181844,0.000136986,0.000123135,0.000110249,0.000101608,8.27632E-05,2015-11-30,33.4851252,126.7078377
Nov-15,5011030000000000000,제주특별자치도 제주시 조천읍 선흘리 2999-9872,9.19,5.59,5.06,4.27,4.7,8.13,19.38,44.53,76.43,108.33,121.57,124.84,117.97,116.22,117.41,116.46,115.95,108.69,78.76,52.71,41.57,30.76,19.34,11.05,0.000437556,0.000396587,0.000530924,0.000633359,0.000777038,0.000808005,0.000872586,0.000855448,0.000874118,0.000928847,0.000895868,0.000880624,0.000848451,0.000817743,0.000816054,0.000783854,0.000728388,0.000624932,0.000487713,0.000437231,0.000424589,0.00038325,0.000361957,0.000322064,2015-11-30,33.5002819,126.6993741
Nov-15,5011030000000000000,제주특별자치도 제주시 조천읍 선흘리 1000-128,3.4,1.87,1.43,1.05,1.22,3.93,12.43,32.2,57.15,84.51,95.17,98.47,90.77,88.93,91.73,90.55,88.53,81.65,55.62,35.44,26.88,19.08,11.03,5.53,0.000161978,0.000132787,0.000150095,0.000155421,0.000201199,0.000390212,0.000559527,0.000618617,0.00065361,0.000724629,0.000701303,0.00069462,0.00065282,0.000625717,0.000637609,0.000609417,0.000556141,0.000469436,0.000344456,0.00029396,0.000274523,0.000237782,0.000206429,0.00016129,2015-11-30,33.5168789,126.7058936
Nov-15,5011030000000000000,제주특별자치도 제주시 추자면 대서리 10-256,6.95,3.91,2.88,2.37,3.66,7.33,19.28,37.28,61.62,78.36,89.25,91.43,89.95,81.37,79.45,83.65,86.77,99.1,93.43,68.06,58.17,40.29,24.33,13.15,0.000330925,0.000277322,0.000301797,0.000351157,0.00060492,0.00072844,0.000867845,0.000716218,0.000704743,0.00067183,0.000657671,0.000644956,0.000646911,0.000572566,0.000552255,0.000563031,0.000545104,0.000569749,0.000578558,0.000564561,0.000594112,0.00050208,0.000455343,0.000383498,2015-11-30,34.0073337,126.3462363
Nov-15,5011030000000000000,제주특별자치도 제주시 추자면 대서리 20-0,2.01,1.09,0.69,0.53,0.91,2.06,5.7,11.34,18.82,24.13,27.58,28.29,27.82,25.21,24.62,25.95,26.92,30.79,28.91,21.12,18.09,12.59,7.52,3.98,9.55639E-05,7.75632E-05,7.26704E-05,7.86999E-05,0.000150307,0.000204592,0.000256551,0.000217819,0.000215213,0.000206936,0.000203219,0.000199583,0.000200051,0.000177419,0.000171094,0.000174689,0.000169102,0.000177004,0.000179012,0.000175174,0.000184798,0.000156836,0.000140776,0.000116065,2015-11-30,34.0087957,126.3443468
Nov-15,5011030000000000000,제주특별자치도 제주시 추자면 영흥리 9999-9744,7.65,4.62,4.5,4.09,5.48,8.66,19.96,35.47,57.96,71.66,80.92,82.46,81.29,73.01,71.39,74.71,77.61,88.23,84.31,60.79,51.62,35.12,21.99,12.8,0.000364505,0.000327321,0.000472235,0.000606499,0.000906195,0.000860353,0.000898484,0.000681383,0.000662832,0.000614446,0.000596301,0.000581631,0.000584633,0.000513752,0.000496217,0.000502863,0.000487571,0.00050727,0.000522106,0.000504246,0.000527165,0.000437637,0.000411473,0.000373149,2015-11-30,33.9570578,126.2970062
Nov-15,5011030000000000000,제주특별자치도 제주시 추자면 영흥리 9999-9488,0.26,0.14,0.09,0.07,0.12,0.26,0.73,1.45,2.41,3.09,3.53,3.62,3.56,3.23,3.15,3.33,3.45,3.94,3.7,2.71,2.32,1.61,0.97,0.51,1.23047E-05,1.00943E-05,9.57753E-06,1.06846E-05,1.94975E-05,2.61576E-05,3.28604E-05,0.000027951,2.75625E-05,0.000026514,2.60177E-05,0.000025568,2.56324E-05,2.27321E-05,2.19107E-05,2.23855E-05,2.16602E-05,0.000022672,2.29289E-05,2.24415E-05,2.36602E-05,2.00993E-05,1.80835E-05,1.48871E-05,2015-11-30,33.9570578,126.2970062
Nov-15,5011030000000000000,제주특별자치도 제주시 추자면 묵리 999-9616,1.6,0.94,0.89,0.78,1.09,1.77,4.22,7.65,12.5,15.55,17.59,17.94,17.68,15.91,15.55,16.3,16.92,19.26,18.34,13.27,11.28,7.69,4.78,2.74,7.61939E-05,6.64051E-05,9.30139E-05,0.000115453,0.000179994,0.000176183,0.000190185,0.000146882,0.000143016,0.000133356,0.000129602,0.000126519,0.000127167,0.000111915,0.000108085,0.000109699,0.000106276,0.000110715,0.000113582,0.000110056,0.000115159,0.000095857,8.95379E-05,7.97799E-05,2015-11-30,33.948255,126.3145612
Nov-15,5011030000000000000,제주특별자치도 제주시 추자면 묵리 20-0,2.3,1.39,1.41,1.29,1.71,2.61,5.94,10.38,16.92,20.83,23.47,23.9,23.56,21.14,20.68,21.62,22.45,25.5,24.44,17.58,14.91,10.1,6.37,3.77,0.000109361,9.87684E-05,0.000147753,0.000192075,0.000282769,0.000259291,0.000267205,0.000199454,0.000193479,0.00017861,0.000172984,0.000168557,0.000169466,0.000148725,0.000143723,0.000145532,0.000141043,0.000146611,0.000151358,0.000145806,0.000152249,0.000125817,0.000119155,0.000109865,2015-11-30,33.948255,126.3145612
Nov-15,5011030000000000000,제주특별자치도 제주시 추자면 묵리 10-256,1.21,0.67,0.56,0.45,0.73,1.27,3.3,6.23,10.22,12.89,14.63,14.96,14.73,13.31,13,13.67,14.17,16.18,15.29,11.14,9.5,6.54,4,2.19,5.78401E-05,4.73985E-05,5.92129E-05,6.73228E-05,0.000119904,0.000126252,0.000148712,0.00011961,0.000116842,0.000110517,0.000107844,0.000105503,0.000105931,9.36679E-05,9.03651E-05,9.20253E-05,8.89904E-05,9.30164E-05,9.46779E-05,9.24233E-05,9.69999E-05,8.14523E-05,7.48665E-05,6.39114E-05,2015-11-30,33.948255,126.3145612
Nov-15,5011030000000000000,제주특별자치도 제주시 추자면 예초리 9999-9744,0.29,0.17,0.18,0.16,0.22,0.33,0.74,1.28,2.09,2.56,2.88,2.93,2.89,2.59,2.53,2.64,2.75,3.11,2.99,2.15,1.82,1.24,0.78,0.46,1.37813E-05,1.23638E-05,1.90502E-05,2.36446E-05,3.70674E-05,3.29784E-05,3.33706E-05,0.000024634,0.000023899,2.19183E-05,2.12351E-05,2.06679E-05,2.07706E-05,1.82148E-05,1.75967E-05,1.77729E-05,1.72775E-05,1.79076E-05,1.85405E-05,0.000017868,1.86285E-05,1.54265E-05,1.46527E-05,1.35266E-05,2015-11-30,33.9519361,126.3314838
Nov-15,5011030000000000000,제주특별자치도 제주시 추자면 예초리 9999-9488,0.09,0.05,0.03,0.02,0.04,0.1,0.28,0.55,0.92,1.17,1.34,1.38,1.35,1.23,1.2,1.27,1.31,1.5,1.41,1.03,0.88,0.62,0.37,0.19,4.4297E-06,3.4751E-06,3.1459E-06,3.06687E-06,6.88473E-06,9.53594E-06,1.24239E-05,1.06297E-05,1.04837E-05,1.00689E-05,0.000009904,9.72496E-06,9.73321E-06,8.64298E-06,8.33611E-06,8.51625E-06,8.24823E-06,8.62225E-06,8.7253E-06,8.54691E-06,9.00788E-06,7.66341E-06,6.84914E-06,5.57779E-06,2015-11-30,33.9519361,126.3314838
Nov-15,5011030000000000000,제주특별자치도 제주시 추자면 신양리 10-256,1.2,0.67,0.51,0.41,0.66,1.3,3.34,6.42,10.6,13.41,15.26,15.61,15.37,13.88,13.56,14.25,14.8,16.87,15.95,11.59,9.9,6.86,4.16,2.23,0.000057205,4.75639E-05,5.32007E-05,6.02987E-05,0.000108889,0.000129199,0.000150408,0.000123362,0.000121245,0.000114987,0.000112427,0.000110137,0.000110561,9.76903E-05,9.42597E-05,9.59021E-05,9.29606E-05,9.70123E-05,9.87732E-05,9.61175E-05,0.00010115,8.54522E-05,7.77671E-05,6.48637E-05,2015-11-30,33.9468028,126.3357244
Nov-15,5011030000000000000,제주특별자치도 제주시 추자면 신양리 999-9616,0.71,0.4,0.31,0.25,0.39,0.76,1.98,3.79,6.26,7.91,9,9.22,9.08,8.19,8,8.4,8.73,9.95,9.41,6.84,5.84,4.04,2.45,1.32,3.38022E-05,0.00002851,3.23329E-05,3.74455E-05,6.52672E-05,7.58239E-05,8.91132E-05,7.28199E-05,7.16359E-05,6.78126E-05,6.63288E-05,6.50204E-05,6.52725E-05,5.76089E-05,5.56004E-05,5.65626E-05,0.00005485,5.71935E-05,5.82802E-05,5.67176E-05,5.96066E-05,5.02878E-05,4.58606E-05,3.85393E-05,2015-11-30,33.9427314,126.3228502
Nov-15,5011030000000000000,제주특별자치도 제주시 추자면 신양리 3 9999-9488,0.25,0.16,0.17,0.15,0.2,0.29,0.64,1.09,1.76,2.14,2.41,2.45,2.42,2.16,2.12,2.2,2.3,2.6,2.5,1.79,1.52,1.03,0.66,0.4,1.20666E-05,1.11581E-05,1.77219E-05,2.21112E-05,3.37627E-05,2.90714E-05,2.86741E-05,2.08688E-05,2.01363E-05,1.83543E-05,1.77422E-05,1.72632E-05,1.73735E-05,1.51915E-05,1.47052E-05,0.000014807,1.44213E-05,1.49275E-05,1.55041E-05,1.48679E-05,1.55578E-05,1.28097E-05,1.24071E-05,1.16026E-05,2015-11-30,33.9478801,126.3362657
Nov-15,5011030000000000000,제주특별자치도 제주시 추자면 신양리 20-0,0.12,0.06,0.04,0.03,0.05,0.12,0.35,0.71,1.17,1.5,1.72,1.76,1.73,1.57,1.54,1.62,1.68,1.92,1.8,1.32,1.13,0.79,0.47,0.24,5.73161E-06,4.58618E-06,4.08967E-06,4.15512E-06,8.86753E-06,1.21848E-05,0.000015875,1.36201E-05,1.34267E-05,1.28983E-05,1.26527E-05,1.24125E-05,1.24638E-05,1.10635E-05,1.06762E-05,1.08988E-05,0.000010537,1.10447E-05,1.11425E-05,1.09664E-05,1.15305E-05,9.80252E-06,8.79535E-06,7.06456E-06,2015-11-30,33.9458488,126.3310537
,,,,,,,,,,,,,,,,,,,,,,,,,,,,,,,,,,,,,,,,,,,,,,,,,,,,,
,,,,,,,,,,,,,,,,,,,,,,,,,,,,,,,,,,,,,,,,,,,,,,,,,,,,,
