연번,관광지명,관광지 분야,관광지 구분,소재지도로명주소,소재지지번주소,위도,경도,면적,공공편익시설정보,숙박시설정보,지정일자,수용인원수,주차가능수,관광지소개,관리기관전화번호,관리기관명,데이터기준일자
1,1100고지(휴게소),자연,관광지,제주특별자치도 서귀포시 1100로 1555,제주특별자치도 서귀포시 색달동 산 1-3,33.357773,126.46252,230,안내소+주차장+화장실,펜션,,115,40,한라산 정상을 동쪽에 끼고 제주시와 서귀포시를 잇는 산간도로 1100로는 제주도 최고의 눈꽃명소· 가장 쉽게 한라산을 조망할 수 있는 뷰포인트· 제주도의 아름다운 드라이브 명소 등 다양한 수식 문구를 가지고 있다. 그만큼 아름다운 풍경을 만나볼 수 있는 곳이다. 특히 겨울이면 눈 꽃이 내린 모습이 장관을 이뤄 여름보다 많은 사람들이 찾는다.,064-713-9950,한라산국립공원,2022-12-01
2,1100고지습지,자연,관광지,제주특별자치도 서귀포시 1100로 1555,제주특별자치도 서귀포시 색달동 산 1-2,33.357619,126.463057,22794,안내소+주차장+화장실,펜션,,4955,40,1100고지 습지는 한라산 고원지대에 형성된 대표적인 산지습지로서 16개 이상의 습지가 불연속적으로 분포하고 있으며· 이 습지들을 따라 2009년에 습지보호지역이 설정되었으며 같은 해에 람사르 습지에 등록되었다. 1100고지 습지의 동물과 식생환경에 대한 안내문이 탐방로 곳곳에 설치되어 있어 습지의 정보를 알 수 있다. 이곳에는 한라산에서만 서식하는 멸종위기 1급의 야생동물인 매와 야생생물 등이 존재하고 있으며· 습지의 낮은 곳에 고여있는 물은 야생동물의 식수원 역할을 하고 있다. 습지 안에는 나무로 이루어진 자연 생태탐방로가 있어 걸으면서 습지를 관람할 수 있다.,064-713-9950,한라산국립공원,2022-12-01
3,1112도로,자연,관광지,제주특별자치도 제주시 명림로 584,제주특별자치도 제주시 봉개동 산 78-1,33.43926,126.628326,297000,,리조트,,6465,,대한민국에서 가장 아름다운 도로 중 하나로 길 양 옆으로 하늘로 곧게 뻗은 삼나무들이 병풍처럼 펼쳐져 있다. 한라산국립공원 북동부 끝 지점에서 시작해 제주시 동부 지역을 북동쪽으로 가로지르며 뻗어나가다 평대리해안에서 끝나는 도로이다. 삼나무 길'이라는 별칭이 있을 정도로 길고 긴 도로 양쪽으로 하늘 높이 솟은 삼나무 가로수가 끝도 없이 펼쳐져 이국적이고 운치 있는 분위기로 유명하다. 이 도로는 기존의 도로를 개발한 것이 아니라 원시림을 베어내 새로 길을 냈기 때문에 길 양 옆으로 삼나무가 병풍처럼 펼쳐져 있다. 이러한 특성 때문에 2002년 대한민국 건설교통부(지금의 국토해양부)는 '제 1회 아름다운 도로' 대회에서 이 도로에 대상을 수여하였다.,064-712-6988,제주특별자치도청,2022-12-01
4,4.3해원방사탑,문화,관광지,제주특별자치도 제주시 신산로 82,제주특별자치도 제주시 일도이동 837-20,33.505213,126.534893,1179,안내소+주차장+화장실,호텔+게스트하우스,1998-04-03,256,70,제주도에는 예로부터 마을 어느 한 방위에 불길한 징조가 있거나· 풍수지리설에 따라 기운이 허하다고 믿는 곳에 액운을 막기 위해 방사탑을 세웠다. 돌을 쌓아 만든 방사탑은 '거욱대'· '거왁'이라고 불렸으며· 마을의 안녕을 수호한다고 여겼다. 이러한 제주도의 문화풍속을 참고해· 추진위에서는 4·3사건으로 인한 대규모 인명 및 물적 피해 그리고 공동체 파괴 등 무형의 피해를 재앙으로 간주해 해원방사탑을 쌓았다.,064-712-6988,제주특별자치도청,2022-12-01
5,5.16도로숲터널,자연,관광지,제주특별자치도 서귀포시 516로,제주특별자치도 서귀포시 남원읍 신례리 산 2-1,33.361754,126.622834,12000,,,,2609,,5.16 도로를 지나면 도로 양쪽 나무가 아치형으로 도로를 감싸는 울창한 나무 터널을 만날 수 있다. 5.16도로는 제주에서 최초 개통된 국도로· 제주시와 서귀포를 이어준다. 한라산 성판악 휴게소를 기점으로 서귀포 방향으로 길을 따라가면 2.6km 지점에서 도로 주변의 상록수와 낙엽수가 숲터널을 이룬다. 사계절 내내 아름다운 산 속의 터널을 달리며 천천히· 느리게 제주의 숲을 느껴보자.,064-710-8590,제주특별자치도도로관리과,2022-12-01
6,9연대 본부 옛터,문화,관광지,제주특별자치도 서귀포시 대정읍 일주서로 2497,제주특별자치도 서귀포시 대정읍 상모리 3392-3,33.229118,126.262788,563,,호텔+펜션+게스트하우스+민박,,122,,국군의 모체인 국방경비대 제9연대는 향토연대로서 1946년 11월 모슬포에서 창설됐다. 다음해 3월부터 제주도민 청년들을 대상으로 1948년 4월까지 모두 8차례에 걸쳐 500여 명을 충원했다. 창설 초기 정치적 중립을 표방하나 1948년 초토화작전이 시행되면서 군경토벌대의 주축이 된다.,064-712-6988,제주특별자치도청,2022-12-01
7,SM디지털아트뮤지엄,기타,관광지,제주특별자치도 제주시 애월읍 애월해안로 516-7,,33.477169,126.359282,1652,,,,,,SM 디지털아트 뮤지움은 빌라드애월호텔 전시관으로 기간별로 다양한 전시를 볼 수 있다. 개관 후 첫 전시로 1년간 ‘피지털 아트(Phygital Art)’전· 『알리사· 리턴 투 원더랜드 : Alisa· return to wonderland』가 열렸다. 피지털은 몸(Physical)과 디지털(Digital)의 합성어로 사람의 움직임에 반응하며 상호작용하는 미디어 콘텐츠를 의미한다. 500평의 공간· 4200만 화소의 컬러 프로젝션· 다수의 사용자가 동시에 참여할 수 있는 대형 스크린이 설치된 12개의 테마관으로 구성됐다. <이상한 나라의 앨리스>의 이야기를 따라 교육적 효과와 재미를 세심하게 설계한 본 전시는 관람자들에게 즐거운 초현실적 경험을 제공한다.,064-710-2114,제주특별자치도청,2022-12-01
8,SOS박물관,기타,관광지,제주특별자치도 서귀포시 월드컵로 31,,33.247066,126.507456,,,,,,,현실에서 일어나는 재난 상황을 대비할 방법과 경각심을 일깨워주는 SOS 박물관에는 다양한 체험시설이 있다. 지진이나 산사태가 일어났을 때 모습을 그림으로 나타낸 전시공간과 재난 상황을 실제로 경험해볼 수 있는 가상현실 체험공간이 있다. 가상현실 체험공간에서는 재난 상황에 맞게 체험할 수 있을 뿐 아니라 대처 방법에 대한 설명을 들을 수 있다. 체험 전 매표소에서 재해예방교육 봉사활동 인증서 발급이 가능하다.,064-710-2114,제주특별자치도청,2022-12-01
9,THE WE,의료,관광지,제주특별자치도 서귀포시 1100로 453-95,제주특별자치도 서귀포시 회수동 30 위(WE)호텔,33.286223,126.444243,46423,주차장+화장실,리조트+호텔+펜션,,3000,120,대한민국 최초로 호텔과 헬스케어 서비스가 융합된 모델로써· 치료뿐 아니라 건강증진센터에서 내적인 안티에이징· 뷰티센터에서 심미적인 안티에이징 등 다양한 헬스케어 프로그램을 운영하고 있다. WE 호텔과 함께 운영되며 5성 호텔 서비스를 결합한 원스톱 서비스를 제공하고 있다.,064-730-1421,WE병원,2022-12-01
10,WE호텔 웰니스센터,의료,관광지,제주특별자치도 서귀포시 1100로 453-95,제주특별자치도 서귀포시 회수동 30 위(WE)호텔,33.286223,126.444243,46423,주차장+화장실,리조트+호텔+펜션,,3000,120,WE 호텔은 한국에서 처음으로 관광과 헬스케어 서비스가 융합된 맞춤형 헬스리조트다. 웰니스 센터에서는 다양한 미네랄 성분이 함유된 물을 이용한 수(水)치료 프로그램과 헬스케어 서비스를 제공한다.,064-730-1462,WE호텔 웰니스센터,2022-12-01
11,가마오름,자연,관광지,제주특별자치도 제주시 한경면 청수서5길 63,제주특별자치도 제주시 한경면 청수리 847,33.305638,126.247149,16660,주차장+화장실,펜션+민박,,3622,70,한경면 수룽이마을(산양리 수룡동) 뒷산으로 마을 남동쪽 약 500m지점에 위치한 오름으로· 수룡동 마을안길로 들어가면 쉽게 오를 수 있다. 주봉인 남쪽봉우리를 중심으로 북쪽으로 뻗은 등성마루에는 언덕같은 봉우리가 솟아 있고· 완만한 동사면은 북동쪽으로 말굽형 화구를 이루며 얕고 넓게 벌어져 있으며 붉은송이로 이루어져 있다.,064-740-6000,제주관광정보센터,2022-12-01
12,가마오름 진지동굴,문화,관광지,제주특별자치도 제주시 한경면 청수서5길 63,제주특별자치도 제주시 한경면 청수리 847,33.305238,126.247877,1005,주차장+화장실,펜션+민박,2006-12-04,218,70,가마오름 동굴진지는 제주시 한경면 청수리 평화동 가마오름 기슭에 위치했다. 일본군이 군사기지로 썼던 땅굴을 재활용한 특수 박물관이다. 여기서 산방산과 모슬포· 알뜨르 비행장· 고산 해안가 등을 한눈에 볼 수 있다. 총 2km로 추정되는 땅굴 진지는 제주특별자치도 최대 규모로 모두 17곳이 있으며 출입구는 33개가 있다.,064-740-6000,제주관광정보센터,2022-12-01
13,가메오름,자연,관광지,,제주특별자치도 제주시 애월읍 봉성리 산 124,33.367159,126.335671,44758,,리조트,,9730,,다른 오름의 비해· 정상에 낮고 작은 분화구가 있다. 하지만 정상에서 누운 오름과 새별 오름· 이달 오름 등을 볼 수 있다. 한림의 비양도와 바다도 볼 수 있다.,064-712-6988,제주특별자치도청,2022-12-01
14,가뫼물,자연,관광지,제주특별자치도 서귀포시 남원읍 남위남성로 168,제주특별자치도 서귀포시 남원읍 남원리 2140-6,33.289997,126.693503,50000,주차장+화장실(3동)+음료대+안내소+피난시설,리조트+펜션+게스트하우스,,10870,30,제주농촌생태체험농장 ‘가뫼물’은 서귀포시 남원읍에 위치하며 겨울에도 감귤을 볼 수 있다. 날이 가물어도 마르지 않는 샘이라 ‘가뫼물’이라 이름 붙였다. 곶자왈 물이 모여 생긴 웅덩이로 제주인은 밭일에 썼으며 동물에게도 생명수가 됐다.,064-764-7759,농업회사법인가뫼물,2022-12-01
15,가문이오름(감은이오름),자연,관광지,제주특별자치도 서귀포시 표선면 남조로 1487-73,제주특별자치도 서귀포시 표선면 가시리 산 158-2,33.40273,126.688282,128882,주차장+화장실+음료대+안내소+피난시설,호텔+펜션,,28018,150,붉은오름과 마주한 가문이오름은 오름 중턱에 삼나무와 해송이 숲이· 그 위로는 낙엽수림이 우거져 있다. 숲이 우거져 검게 보인다고 하여 가문이오름이라 이름 지어졌다. 말굽형의 분화구를 하고 있고· 흰 노루귀· 분홍 노루귀 등 생소한 야생화가 자란다. 붉은오름뿐 아니라 구두리 오름· 쳇망 오름 등 여러 오름과 함께 군락이 형성되어 있다.,064-740-6000,제주관광정보센터,2022-12-01
16,가세오름,자연,관광지,,제주특별자치도 서귀포시 표선면 가시리 산 158-2,33.331991,126.781568,126219,,펜션,,27439,,표선면에 위치한 가세 오름은 산봉우리가 두 갈래로 나눠진 말굽형의 오름이다. 또한 오름의 형태가 가위 같아· 제주도 방언인 ‘가세’를 붙여 이름 지어졌다. 가세 오름에는 5개의 암설류인 봉우리인 염통 오름· 족은 염통· 달 모루· 진동산· 숨골왓이 있다. 가세 오름 초행길은 안내 표지판이 있으나 찾기도 어렵고 탐방로가 복잡하여 헤맬 수 있으니 주의를 요한다. 또한 가시덤불로 다칠 수 있어 긴 바지를 입는 것이 좋다.,064-740-6000,제주관광정보센터,2022-12-01
17,가시악,자연,관광지,,제주특별자치도 서귀포시 대정읍 동일리 1706,33.24658,126.242851,263863,,,,57362,,가시오름은 제주시 중심에서 멀리 떨어진 오름이라 일부러 시간을 내어 오르지 않으면 가기 쉽지 않다. 이름에서 알 수 있듯 이 오름에는 가시나무가 많았다. 하지만 지금은 거의 없고· 산정상은 축구장처럼 넓어 띠(제주어 ‘새’)가 살고 있다. 아름다운 한라산과 모슬봉· 가파도와 마라도까지 조망권이 좋다.,064-740-6000,제주관광정보센터,2022-12-01
18,가파도,자연,관광지,,제주특별자치도 서귀포시 대정읍 가파리,33.170685,126.272632,840000,화장실+음료대+안내시설,펜션+민박,,182609,,가파도는 제주도 부속섬 중 네번째로 크다. 위에서 내려다보면 가파리(가오리 제주방언) 모양을 하고 있어 이름 붙여졌다. 혹은 덮개 모양을 닮아 '개도(蓋島)'라 불리다 가파도라 굳어졌다는 설도 있다. 상동과 하동으로 나눠지며· 177명이 거주한다. 포구 근처 자전거를 대여할 수 있지만· 평지가 많고 한두 시간이면 다 걸을 수 있다.,064-712-6988,제주특별자치도청,2022-12-01
19,가파도 마라도 정기여객선,기타,관광지,제주특별자치도 서귀포시 대정읍 최남단해안로 120,제주특별자치도 서귀호피 하모리 646-20,33.210152,126.25851,,,,,,,정기 여객선은 한국 최남단에 있는 마라도와 가파도 사이를 오간다. 승선하기 위해서 신분증을 지참하여야 하고 배 운항시간을 체크해야 한다. 운진항에서 출발하는 배편 중 마지막 한두 편은 편도만 운행할 수도 있다. 오후 3시· 4시쯤 운항이 마치기 때문에· 당일 왕복 탑승을 원한다면 주의해야 한다.,064-710-2114,제주특별자치도청,2022-12-01
20,가파도 청보리 축제,축제,관광지,제주특별자치도 서귀포시 대정읍 가파로91번길 51,제주특별자치도 서귀포시 대정읍 가파리 276,33.170018,126.271518,7200,화장실+음료대+안내시설,펜션+민박,,1565,,가파도는 대정읍 모슬포항에서 배로 20여분 가면(남쪽으로 5.5㎞) 나온다. 동쪽으로 한라산을 비롯한 5개산(산방산· 송악산· 고근산· 군산· 단산)이 둘러져 있다. 서쪽으로는 국토 마라도가 보인다. 가파도는 최남단에서 가장 먼저 봄소식을 전해준다. 3월 초부터 5월 초순까지 보리잎이 절정을 이루며· 특히 가파도 청보리의 향맥은 타 지역보다 두 배 이상 크게 자란다. 제주특별자치도 향토 품종으로 전국에서 가장 먼저 높고 푸르게 자란다.,064-740-6000,제주관광정보센터,2022-12-01
21,가파초등학교 마라분교장,기타,관광지,제주특별자치도 서귀포시 대정읍 마라로 58,제주특별자치도 서귀포시 대정읍 가파리 696,33.119304,126.266937,,,,,,,마라도에 거주하는 아이들의 교육을 위해 1958년 8월 31일에 설립인가· 이후 1962년 8월 26일에 1개 교실을 신축하고 학생수의 증가로 1972년 11월 30일 1개 교실건물을 증축 1977년 6월 10일 숙직실 및 숙사를 신축· 1981년 10월 26일 급식실을 신축하여 현재의 모습을 갖고 있다.,064-710-2114,제주특별자치도청,2022-12-01
22,각시바우오름,자연,관광지,,제주특별자치도 서귀포시 호근동 2112,33.276755,126.527037,35461,,리조트+호텔+펜션,,7709,,조면암질의 용암원정구로 된 바위산으로 험한 산세를 보이며· 제지기오름· 섶섬· 문섬· 범섬과 연결되는 제주도(濟州島) 남부해안의 용암원정구대를 이루고 있다. 북사면은 완만한 구릉으로 이어진 데에 반해· 남사면은 세가닥 등성마루가 뻗어내리고 이 등성마루는 중앙에 바위로 이루어진 주봉을 중심으로 좌· 우 양쪽에 하나는 남동향 다른 하나는 남서향으로 마치 학이 양날개를 펼친 듯이 뻗쳐 있어· 학이 날개를 펴고 날아와 앉은 모양이라 하여 일명 학수바위(鶴首岩)라고도 한다. 각수바우오름이라고도 하며 줄여서 각시바우· 각수바우 또는 학수바우라고 부른다.,064-740-6000,제주관광정보센터,2022-12-01
23,감귤박물관,기타,관광지,제주특별자치도 서귀포시 효돈순환로 441,,33.271577,126.607516,2315,,,,,,감귤박물관은 제주특별자치도 특산물인 감귤을 테마로 감귤의 역사와 품종· 재배 방법· 세계 감귤 모습 등 다양한 패널과 영상으로 구성하여 전시되어 있는 국내 최초 개관한 1종 공립전문박물관이다. 주요 시설로는 감귤박물관(2·315㎡)· 세계감귤재배유리온실(2·471㎡)· 감귤체험학습장(2·736㎡)· 아열대식물원(1·650㎡)· 기획전시실(97㎡) 등이 있다. 아이들이 좋아하는 감귤 밭에서 사진 찍기· 감귤 냄새 맡기· 감귤 따기 체험(겨울 시즌 한정) 등을 할 수 있어· 아이들을 동반한 가족 단위 여행객에게 추천되는 명소 중 한 곳이다.,064-710-2114,제주특별자치도청,2022-12-01
24,감귤박물관 월랑봉 산책고-생이소리길,자연,관광지,제주특별자치도 서귀포시 효돈순환로 441,제주특별자치도 서귀포시 신효동 1200-6,33.272227,126.608774,4500,주차장+화장실+음료대+안내소+피난시설,펜션+민박,,978,90,감귤박물관을 감싸고 있는 월라봉을 산책할 수 있는 생이소리길은 천천히 걸으면 1시간 정도의 코스로 월라봉 정산바위까지 오를 수 있다. 어떤 이는 짧은 코스라 아쉽다고 하지만 남녀노소 천천히 다녀올 수 있는 코스이다.,064-740-6000,제주관광정보센터,2022-12-01
25,감사공묘역,문화,관광지,제주특별자치도 제주시 조천읍 함대로 362,제주특별자치도 제주시 조천읍 조천리 1191,33.152795,126.661194,16878,,호텔+펜션+게스트하우스,,3669,,제주도에서 겹벚꽃을 볼 수 있는 봄나들이 명소,064-740-6000,제주특별자치도청,2022-12-01
26,감수굴 밭담길,자연,관광지,제주특별자치도 제주시 구좌읍 평대7길 34,제주특별자치도 제주시 구좌읍 평대리 584-1,33.531369,126.843113,,,펜션+게스트하우스+민박,,,,평대리 중동에 위치한 감수굴 밭담길은 고즈넉한 마을의 옛 정취 그대로의 풍경을 즐기며 산책하기 좋다. 밭담의 돌들이 얼기설기 물려있고· 틈새가 있어 태풍에도 무너지지 않는다. 평대리 밭담 사이사이로 제주특별자치도 햇살과 풍광을 만끽해보자.,064-712-6988,제주특별자치도청,2022-12-01
27,갑자기 히어로즈 벽화길,기타,관광지,제주특별자치도 제주시 애월읍 금성1길 29-3,,33.446774,126.299558,,,,,,,마을 곳곳 민원을 해결하는 갑자기 히어로즈에서 애월읍 금성리 마을 해안도로에 벽화 거리를 조성했다. 제주특별자치도 분위기를 풍기는 바다와 돌하르방· 인물 캐리커처 등 재밌는 그림을 감상할 수 있다. 해안도로 앞 건물 역시 그림으로 꾸며졌으며 이곳을 꾸민 프로그램 진행자들의 사인도 함께 있다.,064-710-2114,제주특별자치도청,2022-12-01
28,갓전시관[갓전수교육관],기타,관광지,제주특별자치도 제주시 조천읍 남조로 190,,33.437114,126.670733,,,,,,,갓 전시관은 중요무형문화재 제4호 고분양태 보유자 장순자 선생이 전수교육관 부지를 제공해 건립됐다. 갓 만드는 작업은 물론 갓의 원형 등의 전시실· 체험실· 영상실· 공방 등이 있다. 이 전시관은 제주도문화재 보호조례에 따라 기능보유자 장씨가 위탁관리하며 전승장소로 활용된다.,064-710-2114,제주특별자치도청,2022-12-01
29,강병대교회,문화,관광지,제주특별자치도 서귀포시 대정읍 상모대서로 43-3,제주특별자치도 서귀포시 대정읍 상모리 3846,33.226687,126.257451,3554,공용주차장,호텔+게스트하우스+민박,,773,20,서귀포시 대정읍에 있는 강병대교회는 등록문화재 제38호로 지정됐다. 훈련병의 정신력 강화· 위안을 위해 1952년에 공병대에서 건립했다. 벽체가 현무암이며 전체 규모 절반 정도가 준공 당시 모습을 유지해 역사적 가치가 높은 국방 기념물이다.,070-7790-3860,강병대교회,2022-12-01
30,강정어촌계,자연,관광지,제주특별자치도 서귀포시 말질로 290,제주특별자치도 서귀포시 강정동 4964,33.227541,126.474812,320,화장실,리조트+펜션+게스트하우스,,70,,강정마을은 뛰어난 경치의 올레 7코스에 있다. 외돌개· 법환포구· 강정포구를 끼고 있어 관광객이 꼭 들리는 명소로 유명하다. 제주월드컵경기장· 신시가지가 있는 농어촌 주거지역으로 감귤· 어업· 관광이 어우러져 여름철 낚시꾼이 즐겨 찾는다.,064-712-6988,제주특별자치도청,2022-12-01
31,강정천유원지,자연,관광지,제주특별자치도 서귀포시 강정통물로,제주특별자치도 서귀포시 강정통물로 (강정동),33.233772,126.490567,16000,공용주차장+화장실(1동)+안내시설,게스트하우스+가족펜션,,700,82,강정마을은 서귀포시 최남단 마을로 옛부터 물이 많아 물 강· 물 정을 써 이름 붙여졌다. 마을 동쪽 위치한 강정천은 한라산 암반수가 항상 흘러 서귀포 식수 70%를 공급하며 수려한 자연경관을 뽐낸다. 제주에서 보기 힘든 은어가 서식하며 천연기념물 제 327호 원앙새가 날아다닌다.,064-760-3942,제주특별자치도 서귀포시,2022-12-01
32,개미목,자연,관광지,,,33.379083,126.531853,,,,,,,관음사 등산로 입구에서 4.9km 정도 올라가면 보이는 산등성이로 화산침식잔구(火山浸蝕殘丘)다. 해발 1·200m 지점에 위치한다. 지형이 개미 목처럼 생겨 해당 명칭이 붙었고· 개미등이라 불리기도 한다. 예부터 많은 사람이 명당 묫자리로 생각했다. 현재 산장이 있고 제주특별자치도 일대 경치가 보여 한라산 등산객의 쉼터로 각광받는다.,064-710-2114,제주특별자치도청,2022-12-01
33,개오름,자연,관광지,제주특별자치도 서귀포시 표선면 성읍이리로57번길 162,제주특별자치도 서귀포시 표선면 성읍리 2974,33.423961,126.768737,285187,안내시설+주차장,,,61997,5,산정부 남쪽이 정상이고 북쪽은 봉긋 부풀어 그 사이가 다소 우묵졌고· 동서사면으로 작은 골이 얕게 패였다. 기생화산체로 남동사면에는 해송과 삼나무가 있다. 그 외 지역은 어린나무와 술패랭이· 가시쑥부쟁이· 낭아초· 피뿌리풀 등이 식생한다. 오름 모양이 개 같아 구악(狗岳)이라 표기하며 옛날엔 밥뚜껑 같아 개악(蓋岳)이라 적었다.,064-740-6000,제주관광정보센터,2022-12-01
34,개오리오름,자연,관광지,,,33.42606,126.612492,640913,,,,139329,,개오리오름은 세 봉우리의 화산체로 5.16도로 근처 목장의 동쪽에 있다. 주봉(743m)에 송신탑이 있고· 족은개오리(664m) 북쪽에 서향으로 말굽형 화구를 갖는다. 가운데 샛개오리(658m)는 원추형 작은 오름이다. 오름 형세가 가오리를 닮아 이름 지어졌다. 개가 머리를 들고 짖는 모양 같아 개월오름이라고도 한다.,064-740-6000,제주관광정보센터,2022-12-01
35,개월오름,오름,관광지,,제주특별자치도 제주시 봉개동 산 78-1 일대,33.439207,126.628646,,,,,,,개월오름은 세 봉우리의 화산체로 5.16도로 근처 목장의 동쪽에 있다. 주봉(743m)에 송신탑이 있고· 족은개오리(664m) 북쪽에 서향으로 말굽형 화구를 갖는다. 가운데 샛개오리(658m)는 원추형 작은 오름이다. 오름 형세가 가오리를 닮아 이름 지어졌다. 개가 머리를 들고 짖는 모양 같아 개월오름이라고도 한다.,064-710-2114,제주특별자치도청,2022-12-01
36,갤러리2 중선농원,예술,관광지,제주특별자치도 제주시 영평길 269,제주특별자치도 제주시 월평동 13483,33.478135,126.57017,903,주차장+화장실,펜션+가족호텔,,196,20,영평길에 있는 이 갤러리는 감귤밭을 그대로 유지해 제주특별자치도 정취를 누릴 수 있다. 감귤을 보관하던 창고는 갤러리2· 작은 창고는 카페· 곳간은 도서관 ‘청신재’로 사용한다. 제주에서 쉽게 접할 수 없던 중견 작가의 개인전이 주로 열린다., 064-755-2112,제주특별자치도청,2022-12-01
37,거린사슴전망대,기타,관광지,제주특별자치도 서귀포시 1100로 791,,33.307507,126.454713,,,,,,,한라산 중턱에 있는 거린사슴오름은 실제 사슴이 살았다고 전해진다. 이 전망대에서 숲섬· 범섬· 문섬 등을 볼 수 있다. 서귀포의 명승지가 파노라마 사진에 잘 설명돼 있다.,064-710-2114,제주특별자치도청,2022-12-01
38,거린오름(북오름),자연,관광지,,제주특별자치도 서귀포시 안덕면 동광리 산 94,33.303302,126.331098,143140,,리조트+호텔+게스트하우스,,31117,,거린오름은 안덕면 동광리에 있고 봉우리가 두 갈래로 갈린다. 이름은 갈리다의 옛말인 가리다의 제주방언· 거리다에서 왔다.,064-740-6000,제주관광정보센터,2022-12-01
39,거문오름,자연,관광지,제주특별자치도 제주시 조천읍 선교로 569-36,제주특별자치도 제주시 조천읍 선흘리 478,33.454624,126.71797,2109410,주차장+화장실+음료대+안내소+피난시설,게스트하우스,2005-01-06,458567,240,거문오름(해발456m)은 숲이 우거져 검은 오름이라 한다. 지질학 가치가 높은 용암동굴계 모체로 유일하게 유네스코 세계자연유산에 등재되었다. 제주도자연유산 학술조사에 따르면 거문오름 주변 동굴 규모는 세계적인 수준이다.,064-740-6000,제주관광정보센터,2022-12-01
40,거믄여해안경승지,자연,관광지,제주특별자치도 서귀포시 516로,,33.244472,126.585147,23800,공용주차장,게스트하우스+가족펜션,,5174,10,서귀포 관광의 매력을 잘 나타내며 근처 정방폭포· 파라다이스호텔이 있다. 용암으로 생긴 화산암· 기암절벽을 볼 수 있고 산책과 낚시를 즐기는 관광객이 즐겨 찾는다.,064-760-2772,제주특별자치도청,2022-12-01
41,거슨새미오름,자연,관광지,,제주특별자치도 제주시 구좌읍 송당리 산 145,33.451329,126.760453,429942,공용주차장,펜션+게스트하우스,,93466,25,구좌읍 송당리에 있다. 제주특별자치도 용천은 주로 바다를 향하는데 이곳 샘은 거꾸로 한라산으로 흘러 이름 붙여졌다. 한자로는 천악(泉岳) 혹은 역수산(逆水山)으로 표기되었다. 남쪽 등성이는 목장이고 정상에 경방초소가 있다. 오름밭 일대 전망을 볼 수 있다.,064-740-6000,제주관광정보센터,2022-12-01
42,거인악,자연,관광지,,제주특별자치도 서귀포시 남원읍 한남리 산 2-1,33.353184,126.658365,206352,,,,44859,,거인악은 안덕면 동광리에 있고 봉우리가 두 갈래로 갈린다. 이름은 갈리다의 옛말인 가리다의 제주방언· 거리다에서 왔다.,064-712-6988,제주특별자치도청,2022-12-01
43,거인의 정원,예술,관광지,제주특별자치도 제주시 대원길 58,제주특별자치도 제주시 아라1동 28531,33.471843,126.535325,1320,주차장+화장실,관광호텔+가족호텔,,287,20,1층 카페· 2층 갤러리로 보름마다 전시가 열린다. 공정무역 유기농 커피와 유기농 차를 즐길 수 있다. 포토존도 마련되어 색다른 분위기를 누릴 수 있다., 064-702-3237,제주특별자치도청,2022-12-01
44,거친오름,자연,관광지,제주특별자치도 제주시 명림로 520,제주특별자치도 제주시 봉개동 산51-2,33.445829,126.620413,311524,주차장+화장실+음료대+안내소,리조트,,67723,135,봉개동 명도암 마을에 있고 산세가 험해 거친오름이라 부른다. 오름 남측 기슭에 진물 굼부리라는 분화구가 있다. 전사면에는 낙엽수가 주로 있고 해송과 상록활엽수가 혼재한 자연림을 이룬다.,064-740-6000,제주관광정보센터,2022-12-01
45,건강과성박물관,기타,관광지,제주특별자치도 서귀포시 안덕면 일주서로 1611,,33.254832,126.346797,7000,,,,,,서귀포 산방산과 중문관광단지 사이 위치한다. 7000㎡ 의 전시공간과 야외 조각공원이 합쳐져 세계 최대 성박물관이다. 성을 건강하게 보고 느끼도록 다양한 전시가 구성됐다. 야외 조각공원· 내부 성교육· 성문화 전시관으로 나뉘었던 공간이 2층으로 확장하면서 현재 6가지 테마로 재구성했다（S-Education· S-Culture· S-Fantasy· S-Gallery· S-Book cafe· S-Store）.,064-710-2114,제주특별자치도청,2022-12-01
46,걸매생태공원,자연,관광지,제주특별자치도 서귀포시 남성로,,33.252176,126.554528,60214,공용주차장+화장실(2동)+음료대+유도 및 안내시설,가족호텔+게스트하우스,,13090,27,계절 별 다양한 군락지를 무료로 볼 수 있다. 서귀포민도 자주 오며 봄이 되면 매화를 관람하러 관광객이 많이 찾는다. 산책로 아래 하천이 흐르며 백로와 오리 떼를 볼 수 있다. 산책로가 잘 조성되어 유모차나 휠체어도 이동이 편리하다.,064-760-3191,제주특별자치도청,2022-12-01
47,걸매예술마을,기타,관광지,제주특별자치도 서귀포시 서홍로 4-42,,33.24949,126.557426,,,,,,,걸매 생태공원 동쪽 절벽 위에 위치한 걸매 예술마을은 2007년 서귀포 공공미술 프로젝트를 통해 형성되었다. 주변 자연과 어우러진 그림이 곳곳에 그려져 있으며 ‘풍경이 있는 오솔길’로 불리기도 한다. 골목 담장이나 간판에는 벽화가 그려져 있고 담벼락에 걸린 액자에는 이중섭 화백의 ‘물고기와 노는 세 아이’등 여러 작품들이 구성되어있다. 그리고 그 안에는 제주의 올레길과 올레꾼들의 모습· 서귀포의 옛 모습이 담겨 있다. 골목길이 끝나는 지점에는 별빛 전망대가 있으며 걸매 생태공원과 삼매봉· 그리고 한라산을 조망할 수 있다.,064-710-2114,제주특별자치도청,2022-12-01
48,걸서악오름,자연,관광지,제주특별자치도 서귀포시 남원읍 하례로 393-1,제주특별자치도 서귀포시 남원읍 하례리 산 124,33.281958,126.619888,22946,,펜션+민박+산장,,4988,,걸서악 오름은 오름 일대가 살쾡이와 닮았다 하여 붙여진 이름이다. 신기하게도 예전엔 이곳에 살쾡이들도 많이 살았다고 전해지는데· 이외에도 산의 모양새가 문을 걸어 잠그는 걸쇠 모양과 닮았다고 해 걸쇠 오름이라는 이야기도 있다. 위치는 서귀포시 남원읍 하례리 산 124번지 일대이며· 걸서악 오름도 하례리 마을 해설사 동반이 가능하다. 또한 오름의 서쪽 기슭에서는 효돈천이 흐르고 있으며· 동쪽 기슭에서는 하례 천이 흐르고 있어 두 개울 사이에 있는 오름이라는 뜻도 가지고 있는 걸서악오름은 정상까지 오르는 시간이 10분 남짓으로 길지 않아 아이와 함께 오르기에도 손색없다. 오름의 높이는 124m로 왕복 20분 정도 소요된다. 이 오름은 한때 주변 과수원들의 바람막이 역할을 했으며· 인근에는 하례리의 자랑인 감귤밭이 조성되어 있어 감귤 꽃이 필 때쯤엔 바람에 불어오는 향긋함도 함께 느낄 수 있다.,064-740-6000,제주관광정보센터,2022-12-01
49,검멀레동굴,자연,관광지,,,33.496752,126.966869,2614,편의점,펜션+민박,,568,,우도에서 가장 유명한 해변 중 하나인 검멀레 해변은 검은 모레가 있는 해변으로 알려져 있다. 이 모래사장 끄트머리 절벽 아래에는 콧구멍이라고도 하는 동굴이 커다랗게 열려 있다. 썰물이 되었을 때· 해수욕장 끝에 자리 잡은 동굴 안으로 들어갈 수 있다. 푸른 이끼가 고래가 살았다는 전설을 말해주는 이 곳에서 바다를 바라보면· 넘실 대는 파도와 신이 내려준 해안 절경이 여행의 방점을 찍어주는 듯 하다. 매년 가을 이 동굴에서 동굴음악회도 진행하기 때문에 동굴 안에서 멋지게 울리는 음악회가 궁금하다면· 제주특별자치도 홈페이지 행사 안내를 참고해서 10월 말경 방문을 추천한다.,064-740-6000,제주관광정보센터,2022-12-01
50,검멀레해변,자연,관광지,,,33.496885,126.968727,3704,편의점,게스트하우스+펜션,,805,,검멀레 해수욕장은 우도봉 아래에 협곡 속에 숨어있다. 폭 1백 여 미터의 작은 해변이지만 모래 찜질을 겸한 해수욕을 할 수 있는 장소이다. 도로에서 해변은 계단으로 연결되어 있다. 검멀레의 '검'은 '검다'· '멀레'는 '모래'라는 뜻으로· 검은 모래 해변을 뜻한다. 해변 끝에는 고래가 살았다는 전설이 전해지는 동굴이 있다. 이 동굴은 소의 콧구멍을 닮았다하여· '검은코꾸망'이라 불리는데· 밀물 때는 동굴의 윗부분만 보이지만· 썰물에는 동굴 전체가 드러나 동굴 안으로 접근 할 수 있다. 동굴 내부는 관광객들이 쌓아 올린 작은 돌탑 등이 있으며· 안에서 작은 음악회가 열렸을 정도로 꽤 큰 규모다. 검은코꾸망을 지나면 또 하나의 동굴이 나타나는데· 내부가 온통 붉어 '붉은코꾸망'이라 불린다. 동안경굴(東岸鯨窟)이라고도 하는데 우도 팔경 중 하 나이다. 바다 쪽에서 우도의 비경을 보고 싶다면· 보트를 타고 검멀레 주변 한 바퀴를 돌아보는 것도 좋다.,064-728-3394,제주특별자치도청,2022-12-01
51,게우지코지,자연,관광지,,제주특별자치도 서귀포시 하효동,33.243843,126.618684,5795,주차장,가족형 콘도+호텔,,1260,20,월라봉이 감싸 안은 신효마을 아래에는 쇠소깍을 품은 하효마을이 있다. 하효마을을 구석구석 걷고 싶다면· 올레 6코스를 따라 걸어보자. 올레 6코스는 쇠소깍을 시작으로 서귀포의 생태와 문화를 접할 수 있어· 탐방객들의 발걸음이 끊이지 않는다. 하지만 이 길을 걷다 보면· 누구나 그 발걸음을 멈추는 곳이 있다. 바로 툭 튀어나온 암석 지형이 전복의 내장(제주어로 ‘게읏’)을 닮아 이름 붙여졌다는 게우지코지다. 이곳에 서서 탁 트인 바다 풍경과 더불어 해사한 바닷바람· 경쾌한 파도소리를 온몸으로 마주해보자.,064-794-7944,제주특별자치도 서귀포시,2022-12-01
52,고근산(고공산),자연,관광지,,제주특별자치도 서귀포시 서호동 1287,33.372577,126.422683,1204428,공용주차장+화장실,관광호텔+펜션,,261832,20,제주올레 7-1코스 중간 지점에 위치한 고근산(孤根山)은 서귀포 신시가지를 감싸고 있는 오름으로 정상에 깊지 않은 분화구를 가지고 있다.고공산이라고도 불리는데 평지 한가운데가 우뚝 솟은 오름이라고 해서 붙여진 이름이라는 설과 근처에 산이 없어 외롭다는 데서 유래됐다는 설이 있다. 이 오름은 전설상의 거신 설문대할망이 심심할 때면 한라선 정상부를 베개 삼고 고근산 굼부리에는 궁둥이를 얹고 앞바다 범섬에 다리를 걸치고 누워서 물장구를 쳤다는 전설이 있다. 오름 중턱에는 삼나무· 편백나무· 상수리나무 등이 조림되어 있는데 나무들이 토해내는 상쾌한 공기를 마시며 오르다 보면 분화구에 도착한다. 이 곳에서 범섬 앞바다가 한눈에 펼쳐지고 서귀포시의 모습이 잘 드러난다.,064-760-2913,제주특별자치도청,2022-12-01
53,고내리 다락쉼터,자연,관광지,제주특별자치도 제주시 애월읍 애월해안로 284,제주특별자치도 제주시 애월읍 고내리 463,33.469447,126.340783,2560,공용주차장+화장실,펜션+호텔,,557,20,고내리 다락쉼터는 제주시 애월읍 고내리 해안가에 있는 조그마한 공원이자 쉼터이다. 예부터 이곳을 다락빌레라고 불렸는데· 다락빌레란 부엌에 물건을 넣는 다락처럼 암반이 널리 깔려있다고 해서 붙여진 이름이다. 이곳 다락빌레에 조성된 쉼터를 다락쉼터라고 한다. 이곳은 옛날부터 많은 사람들이 어울려 쉬었던 공간으로 많은 사랑을 받았던 곳이다. 고내포구 직전에 위치해 있으며 이곳은 하귀-애월 해안도로에 있어 드라이브 명소로도 유명한 하다. 제주특별자치도 서부에 있기 때문에 아름다운 일몰도 감상할 수 있는 곳이다.,064-740-6000,제주관광정보센터,2022-12-01
54,고내리포구,자연,관광지,,제주특별자치도 제주시 애월읍 고내리,33.467395,126.337616,4820,주차장,휴양 펜션+가족호텔,,1048,12,고내리는 고지대로 분지 형태를 이루고 있다. 즉 ‘높은 곳 안쪽에 있다’하여 ‘고내리(高內里)’라 불린다. 그리고 그 마을 안에 자리하고 있는 포구가 고내리포구이다. 고내리포구는 바다의 바닥이 마치 요강처럼 움푹 파인 모습과 같아 ‘요강터’라 칭하기도 한다. 제주올레 15코스의 시작점이기도 한 고내리포구의 앞바다에는 고깃배가 정박해 있어 소박한 제주특별자치도 바다의 풍경을 만나볼 수 있으며 방파제에서는 낚시도 가능하다.,064-740-6000,제주관광정보센터,2022-12-01
55,고내봉(고내오름+고니오름+ 망오름),자연,관광지,,제주특별자치도 제주시 애월읍 고내리 산 3-1,33.459949,126.342058,739484,화장실,펜션,,160757,,고내봉은 애월읍 고내리에 위치한 높이 135m의 작은 화산인 기생화산이다. 과거에는 봉수가 있어 안전을 위해 활용했고· 현재는 등산으로 건강을 챙겨주는 고마운 곳이기도 하다. 주가 되는 망 오름과 서쪽의 방애오름· 남동쪽의 진오름· 남서쪽에 너분오름· 남쪽의 상뒷오름 총 5개의 봉우리로 되어있다. 자동차를 이용해 오름 입구까지 갈 수 있어 20분 정도면 정상에 오를 수 있는 산이다. 편하게 이용할 수 있는 만큼 곳곳에 의자라든지· 걸을 수 있는 길 등이 편리하게 되어 있는 편이다. 올라가는 길은 총 세 군데이다.,064-799-3277,제주특별자치도청,2022-12-01
56,고산일과해안도로,자연,관광지,제주특별자치도 서귀포시 대정읍 영락하동로 96,제주특별자치도 서귀포시 대정읍 영락리 2169,33.280282,126.169579,12000,화장실(3동)+주차장,펜션,,2609,40,고산일과해안도로는 차귀도항에서 신도리를 거쳐 일과 사거리에 이르는 약 12km의 해안도로이며· 해가 지는 방향에 있어 노을이 가장 아름다운 구간 중에 하나이며 '노을해안로'라고도 불린다. 천천히 해안도로를 따라가다 보면 소박한 어촌의 풍경과 차귀도의 낙조를 감상할 수 있다. 고산리에서 신도리로 향하다 보면 수월봉과 엉알해안을 만난다. ‘노꼬물 오름’이라고도 불리는 수월봉은 77m의 작은 오름이며· 오름이 바닷가 방향으로 돌출되어 있어 탁월한 전망을 자랑한다. 엉알해안은 제주도의 숨은 비경 31곳 중 하나에 선정된 아름다운 제주의 대표 자연경관이다. 해안절벽이 독특한 퇴적층 모양을 하고 있으며· 유네스코에서 지정한 세계 지질공원에 속해있다. 올레 12코스에 속해있어 드라이브가 아니더라도· 도보여행을 즐길 수 있다.,064-740-6000,제주관광정보센터,2022-12-01
57,고살리숲길,자연,관광지,,제주특별자치도 서귀포시 남원읍 하례리 산 542,33.31638,126.597502,300000,공용주차장,펜션+별장,,65217,38,고살리는 계곡에 샘을 이룬 터와 그 주변을 말한다. 연중 물이 흐르는 곳으로 하례 2리 마을의 상징이다. 고살리를 시작으로 제주특별자치도 곶자왈 숲을 볼 수 있는 자연 탐방로· 즉 고살리 숲길이 있다. 잘 알려지지 않아 조용한 산책을 즐길 수 있다. 상록수가 주로 있으며· 사람의 손길이 닿지 않아 길이 고르지 않고· 자연 그대로의 모습을 간직한다.,064-733-8009,하례리생태관광마을,2022-12-01
58,고성신양해녀의길,자연,관광지,,제주특별자치도 서귀포시 성산읍,33.434294,126.926575,9300,화장실(3동)+주차장,가족호텔,,2022,35,섭지해녀의 집터 정자를 시작으로 바닷길을 따라 걸으며 성산일출봉을 볼 수 있다. 1.2km정도 되며· 해녀가 물질하고 몸을 녹이기 위해 썼던 불턱이 있어 해녀의 삶을 엿볼 수 있다. 계절 따라 다양한 야생화를 볼 수 있는 아름다운 해변길이다.,064-710-2584,제주특별자치도청,2022-12-01
59,고성오일장,시장,관광지,제주특별자치도 서귀포시 성산읍 고성오조로 93,제주특별자치도 서귀포시 성산읍 고성리 1180-34,33.452036,126.913782,1360,주차장+화장실(1동),관광호텔,,296,27,’성산-고성오일시장’은 이 지역의 유일한 오일시장이다. 주로 성산읍 주민이 이용한다. 도심 속 오일시장과 다른 느낌을 풍긴다. 청과물· 수산물· 생활용품 등 모든 물품이 갖춰져 있다.,064-794-2940,제주관광공사,2022-12-01
60,고씨주택,문화,관광지,제주특별자치도 제주시 관덕로17길 27-1,제주특별자치도 제주시 일도일동 1243-1,33.51497,126.52837,245,공용주차장,호텔+호스텔+게스트하우스,,53,100,고씨 주택은 제주시 원도심 산지천 변에 있다. 고용준이 지은 근대가옥으로· 바깥채와 안채가 나눠져 서로 마주보고 있고· 그 사이에 마당이 있다. 고씨 주택은 기술 방면으로는 일식 건축을 참고했지만· 기능적으로는 제주특별자치도 민가의 전통을 계승하여 지어 과도기적 건축물이란 평가를 받는다.,064-740-6000,제주관광정보센터,2022-12-01
61,고흐의 정원,예술,관광지,제주특별자치도 서귀포시 성산읍 삼달신풍로 1265,제주특별자치도 서귀포시 성산읍 삼달리 11852,33.372031,126.845185,2640,주차장+화장실,게스트하우스+펜션,,574,30,‘고흐의 정원'은 현대 기술을 이용해 반 고흐 작품을 재해석했다. 이 전시는 그의 작품이 아닌 '인간 빈센트 반 고흐'가 주인공이다. 시각에 의존하는 기존 전시와 달리 듣고 만질 수도 있는 관객 참여형 체험 전시이다., 064-783-6700,제주특별자치도청,2022-12-01
62,곤물,자연,관광지,제주특별자치도 서귀포시 안덕면 화순서서로64번길 644,제주특별자치도 서귀포시 안덕면 화순리 11901,33.251879,126.332879,182,주차장,게스트하우스,,40,5,‘곤물’은 1600년대 식수로 사용한 용천수이다. ‘곶물’ 로도 불린다. 마을이 형성되던 시기 곤물을 이용해 벼농사를 지었다. 용출량이 풍부해 골물동을 형성한 중요한 수자원이 되었다.,064-740-6000,제주특별자치도청,2022-12-01
63,곤흘동(곤을동)마을터,문화,관광지,,제주특별자치도 제주시 화북1동 4438,33.522004,126.355732,7750,,호텔+펜션+게스트하우스,,1685,,4.3 사건 당시 전소된 가옥만 3만여 채에 이르며· 사건이 종결된 이후에도 복구되지 못한 ‘잃어버린 마을’도 100개가 넘는다. 이들 대부분은 중산간 마을이다. 북촌리의 경우 주민들이 가옥을 복원해 다시 마을이 형성됐지만· 곤흘동은 다시 복구되지 못했다. 폐허로 변한 곤흘동은 현재까지 집과 집을 구분 짓는 울담(울타리 돌담)만 남아있다.,064-712-6988,제주특별자치도청,2022-12-01
64,공천포,자연,관광지,,제주특별자치도 서귀포시 남원읍 신례리,33.267691,126.645873,25298,주차장+화장실,펜션,,5500,15,공천포는 서귀포 남원읍에 있다. 콘크리트 방파제가 몽돌로 도배되어 있어 포근한 느낌을 준다. 조용하고 한적한 해변을 찾는다면 제격이다. 안녕메이게스트하우스나 여러 예쁜 식당이 곳곳에 있다.,064-794-7944,제주특별자치도 서귀포시,2022-12-01
65,공천포구,자연,관광지,,제주특별자치도 서귀포시 남원읍 신례리,33.263103,126.641692,5000,주차장,펜션+게스트하우스,,1087,25,공천포구는 서귀포시 남원읍 신례리에 있고 작고 아름답다. 남원포구에서 쇠소깍으로 이어지는 올레 5코스의 중간에 있어 올레꾼에게 잘 알려져 있다. 근처에는 바다를 볼 수 있는 분위기 좋은 카페와 조용한 식당이 있어 잠시 쉬어가기 좋다. 방파제에서는 간혹 낚시꾼도 만날 수 있다. ‘맛이 좋은 샘물을 바친다‘ 는 뜻의 ‘공샘이’가 ‘공천포’로 바뀌었다는 기록이 있다. 그만큼 물 맛이 좋기로 유명하다. 식수가 귀했던 제주에서 드물게 용천수가 충분했다.,064-794-7944,제주특별자치도 서귀포시,2022-12-01
66,곶자왈,자연,관광지,제주특별자치도 서귀포시 대정읍 애듀시티로 178,,33.285184,126.271754,1546757,공용주차장+화장실(2동)+유도 및 안내시설,가족펜션+게스트하우스,,336252,73,곶자왈은 제주의 용암지대에 만들어진 숲이다. 추사 김정희의 유배길이 있는 구억마을을 비롯해 근처 무릉· 저지마을까지 넓게 분포한다. 독특한 생태계를 이뤄 제주의 허파라 불린다. 추사는 이곳을 거닐며 밀림의 그늘 속에 햇빛이 실낱만큼 보인다 말했다. 육지와는 다른 이국적인 정취를 느낄 수 있다.,064-710-6042,제주곶자왈도립공원,2022-12-01
67,곶자왈반딧불이축제,축제,관광지,제주특별자치도 제주시 한경면 연명로 348,제주특별자치도 제주시 한경면 청수리 1133,33.300152,126.251195,28400,공용주차장+화장실+음료대+유도 및 안내시설,호텔+펜션+게스트하우스,,6174,,별 흐르는 마을 청수리에서 개최되는 곶자왈 반딧불이 축제,064-772-1303,제주특별자치도청,2022-12-01
68,곽지패총,문화,관광지,,제주특별자치도 제주시 애월읍 곽지리 2043-1,33.445585,126.30717,10000,,리조트+펜션+게스트하우스,1990-05-30,2174,,제주특별자치도 북제주군 애월읍 곽지리에 있는 청동기시대에서 원삼국시대에 걸친 시기의 패총 유적,064-710-6703,제주특별자치도 세계유산본부,2022-12-01
69,곽지해수욕장,자연,관광지,제주특별자치도 제주시 애월읍 애월원당길,,33.451074,126.305929,24500,공용주차장+화장실+편의점+음료대+유도 및 안내시설,가족펜션+무인텔,1997-02-14,5326,50,길이 350m· 너비 70m의 백사장과 평균수심 1.5m· 경사도 5~8도의 좋은 조건을 갖춰 청소년 수련장이 설치돼 단체 피서객이 많이 찾는다. 곽지리는 선사시대 패총이 발견될 만큼 유서가 깊다. 해당 부지는 옛날에 마을이 있었지만 어느날 모래에 파묻혔다는 설이 있다.,064-728-3985,제주특별자치도청,2022-12-01
70,관덕정,문화,관광지,제주특별자치도 제주시 관덕로 19,제주특별자치도 제주시 삼도이동 983-1,33.513401,126.521547,13656,공용주차장+화장실+안내시설,,1963-01-21,2969,80,제주특별자치도 시내 가운데 위치해 만남의 장소 또는 이정표 역할을 한다. 제주민에게 익숙하고 친근한 국가지정 보물 제 322호다. 1448년 제주목사 신숙청은 훈련과 상무정신 함양을 위해 이 건물을 세웠다. 제주특별자치도 현존하는 건물 중 가장 오래됐다.,064-710-6711,관덕정,2022-12-01
71,관음사,문화,관광지,제주특별자치도 제주시 산록북로 660,제주특별자치도 제주시 아라일동 387,33.423806,126.558114,76086,공용주차장+화장실,호텔,,16540,120,관음사는 대한불교 조계종 제 23교구 본산으로 제주도 내 30여개 말사를 관장한다. 사찰 주변으로는 한라산 등반로인 관음사코스 입구가 있고 주차장 및 야영장이 있어 연중 관광객으로 붐빈다.,064-724-6833,관음사,2022-12-01
72,관음사 군 주둔지 옛터,문화,관광지,제주특별자치도 제주시 산록북로 660,제주특별자치도 제주시 아라일동 387,33.423806,126.558114,76086,공용주차장+화장실,호텔,,16540,120,1949년 3월부터 잔여 무장대 토벌 작전이 강화되며 2연대 2대대 병력이 주둔했다. 2연대는 제주특별자치도 곳곳에 진지를 구축하고 토벌 근거지로 삼았다. 이곳 외에도 서귀포 수악교 인근에 1대대· 교래리와 산굼부리 사이에 3대대를 배치하여 방어선을 구축했다.,064-724-6833,관음사,2022-12-01
73,관음사 템플스테이,문화,관광지,제주특별자치도 제주시 산록북로 660,제주특별자치도 제주시 아라일동 387,33.423806,126.558114,76086,공용주차장+화장실,호텔,,16540,120,관음사에서는 템플스테이 교육이 이루어지고 있으며 교원 직무연수교육· 달빛 동동(걷기 치유 명상)· 토요 명상여행· 휴식형· 행복 명상&힐링· 만다라 체험 등이 진행된다.,064-724-6833,관음사,2022-12-01
74,광령귤나무,자연,관광지,제주특별자치도 제주시 애월읍 광령8길 242,제주특별자치도 제주시 광령리 11651,33.458998,126.43912,35,,게스트하우스+커플 펜션,1973-04-03,8,,제주도 기념물 제26호이인 이 귤나무는 높이 6m· 수령은 약 250년을 넘은 것으로 추정되며 멸종되었던 것으로 알려졌던 제주도의 재래귤인 동정귤입니다. 마을주민들은 '돈진귤' 또는 '진귤'이라 부릅니다.,064-728-2731,제주특별자치도청,2022-12-01
75,광치기해변,자연,관광지,,제주특별자치도 서귀포시 성산읍 고성리 22433,33.452521,126.924678,31398,공용주차장+화장실,게스트하우스+호텔,,6826,15,성산일출봉에서 섭지코지로 향하는 길목에 있다. 용암이 바다와 만나 빠르게 굳으며 형성된 지질구조가 특징이다. 특히 썰물 때 숨겨진 비경이 드러난다. 용암 지질과 이끼가 연출하는 장관으로 사진 작가의 명소가 됐다.,064-794-7944,제주특별자치도 서귀포시,2022-12-01
76,괴오름(동물오름),자연,관광지,,제주특별자치도 제주시 애월읍 봉성리 산41,33.312447,126.306553,379587,,게스트하우스+펜션,,,,북돌아진오름과 이웃하고 고양이 등처럼 구부러져 옛말 괴가 붙여졌다. 자연림을 이루고 새우난· 복수초· 천남성 등이 자생하며 갯취가 분포한다.,064-740-6000,제주특별자치도청,2022-12-01
77,교래자연휴양림,자연,관광지,제주특별자치도 제주시 조천읍 남조로 2023,,33.437414,126.668141,2300000,공용주차장+화장실(3동)+편의점+음료대+안내시설,가족펜션,1905-07-03,500000,135,곶자왈은 ‘곶’과 ‘자왈’의 합성어이다. 제주어로 곶은 ‘숲’· 자왈은 ‘자갈이나 바위 같은 암석 덩어리’를 뜻한다. 곶자왈은 화산이 폭발하면서 분출한 용암 지형으로 나무와 돌 따위가 제멋대로 뒤섞여있는 제주의 독특한 숲을 의미한다.,064-710-8673,교래자연휴양림,2022-12-01
78,구엄리돌염전,자연,관광지,제주특별자치도 제주시 애월읍 애월해안로 708,,33.482922,126.377408,4958,공용주차장,펜션+가족호텔,1905-07-01,1078,20,구엄리에서 시작해 고내리까지 ‘엄장해안길’이라는 ‘해안누리길’이 조성돼 있다. 구엄리 포구를 지나면 나온다. '소금빌레'라고도 일컫는 구엄리의 돌염전은 구엄리 주민들이 소금을 생산하던 천연 암반 지대였다. 빌레란 제주어로 '너럭바위'를 뜻하니 소금빌레란 소금밭· 즉 돌염전이란 뜻을 담고 있다.,064-740-6000,제주특별자치도청,2022-12-01
79,구엄포구,자연,관광지,,제주특별자치도 제주시 애월읍 구엄리,33.484374,126.376358,723.7,공용주차장+편의점(화장실),게스트하우스+관광호텔,,,30,노을이 아름다운 애월 해안도로를 따라가다 보면 돌염전이 있는 구엄포구를 볼 수 있다. 구엄포구 해변가에 넓게 드러누운 현무암 암반이 돌염전이다. ‘소금빌레’라고도 불리는데 여기서 빌레란 너럭바위란 뜻의 사투리로 즉 돌소금 밭이라는 뜻이다.,064-728-2731,제주특별자치도청,2022-12-01
80,구좌해안로,자연,관광지,제주특별자치도 제주시 구좌읍 구좌해안로,제주특별자치도 제주시 구좌읍 동복리 667-1,33.557418,126.722103,3144,,게스트하우스+관광호텔,,,,구좌읍 동복리 718-1번지에서 김녕리 4320번지에 이른다. 수국이 만발하면 관광객이 몰려와 사진을 찍는다. 평소 조용하기 때문에 제주특별자치도 돌담들과 유채꽃을 보며 드라이브하기 좋다.,064-728-2731,제주특별자치도청,2022-12-01
81,국립제주박물관,예술,관광지,제주특별자치도 제주시 일주동로 17,제주특별자치도 제주시 건입동 261,33.513997,126.54897,52032,주차장+화장실(2동),펜션+가족호텔,,11311,30,제주항이 보이는 사라봉공원 남쪽에 있다. 공항에서 차로 20분 남짓 걸린다. 2001년 개관했고 제주의 역사· 문화유산을 전시·보존·연구하는 고고역사박물관이다. 동북아시아 문화교류의 주요 거점인 제주도의 독특한 역사문화를 압축해서 선보인다., 064-720-8000,제주특별자치도청,2022-12-01
82,국립제주박물관 설날 한마당,축제,관광지,제주특별자치도 제주시 일주동로 17,제주특별자치도 제주시 건입동 261,33.513997,126.54897,43755,공용주차장+화장실+음료대+유도 및 안내시설,호텔+펜션+게스트하우스,,9512,30,박물관 야외정원에서 2월 18일(수)부터 2월22일(일)까지 5일 동안 제기차기· 투호놀이· 널뛰기· 대형 윷놀이· 굴렁쇠 굴리기· 풍속화 퍼즐 맞추기 등의 전통 민속놀이와 함께 고리던지기· 공기놀이 등의 잊혀져가는 추억의 놀이를 즐기며 옛 놀이 문화를 회상할 수 있는 기회를 갖는다.,064-720-8000,제주특별자치도청,2022-12-01
83,국제전기자동차엑스포,축제,관광지,,제주특별자치도 제주시 영평동 21701 JDC스마트빌딩,33.453755,126.572667,9850,공용주차장+화장실+음료대+유도 및 안내시설,호텔+펜션+게스트하우스,,2141,20,전기자동차를 중심으로 하는 e모빌리티 비즈니스 공간이며· 50개국이 참가하는 글로벌 엑스포입니다. 현장과 온라인에서 무역 상담과 국제 컨퍼런스가 개최되고 전시회와 시승체험· 전기차 랠리 등 새로운 체험을 할 수 있습니다.,064-702-1580,(주)IEVE,2022-12-01
84,군산오름,자연,관광지,,제주특별자치도 서귀포시 안덕면 창천리 564,33.255358,126.368639,2836857,주차장+화장실,관광호텔,,616708,15,대정의 난들을 에워싸고 있다. 화산쇄설성 퇴적층으로 이뤄진 기생화산채로 제주도 최대 규모다. 정상에 용머리 쌍봉처럼 솟은 뿔바위가 둘 있다. 동남사면에 애기업게돌 등 퇴적층의 차별 침식으로 생긴 기암괴석이 발달했다.,064-740-6001,제주특별자치도청,2022-12-01
85,굴동포구,자연,관광지,,제주특별자치도 제주시 구좌읍 하도리 385-12,33.522826,126.897805,2890,주차장,관광호텔+펜션,,628,10,하도리 마을에서 가장 크고 역사가 오래된 굴동마을에 위치했다. 올레 21코스의 경유지로 바다를 보면 난도(토끼섬)가 보인다. 포구에서 배로 5분 거리에 위치하며 국내 유일한 '문주란' 자생지이다.,064-728-2731,제주특별자치도청,2022-12-01
86,궁대오름(궁대악),자연,관광지,제주특별자치도 서귀포시 성산읍 금백조로 548,제주특별자치도 서귀포시 성산읍 수산리 4711,33.436165,126.823612,209701,주차장+화장실(제주자연생태공원이용),관광호텔+펜션,,45587,50,오름의 모양새가 마치 활처럼 생기고· 오름 허리에 활(궁·弓)자 모양의 띠가 둘러져 있어 궁대오름으로 불린다. 궁대악 일대에는 제주특별자치도가 총 30억원을 투입한 자연생태공원이 있다. 그 외궁대오름 탐방로· 분화구 전망대 탐방로· 자연생태공원 탐방로· 궁대오름 둘레길 코스로 조성되어 있어 오래 머물며 걷기 좋다. 궁대오름으로 향하는 길은 완만한 편이라 힘들지 않다. 전망대에 오르면 동쪽 오름의 실루엣과 풍력발전기의 조화로운 풍경이 인상적이다., 064-787-4711,제주특별자치도청,2022-12-01
87,궤펜이오름,자연,관광지,,제주특별자치도 제주시 조천읍 교래리 산137-1,33.233885,126.380192,72807,,관광호텔+펜션,,15828,,성판악 휴게소 북동쪽 약 1.5Km의 수림지대에 동서로 나란히 세 봉우리가 이어진 오름으로 행정구역상 조천읍과 남원읍의 경계에 걸쳐져 있다. 이 오름은 세 봉우리마다 원형 화구를 가진 특이한 오름이다. 제일 동쪽의 것이 주봉으로· 궤펜이오름이라 하면 이 주봉을 지칭하고· 가운데가 샛궤펜이· 제일 서쪽이 섯궤펜이라 하여 따로 부르고 있다.,064-787-4711,제주특별자치도청,2022-12-01
88,귀덕연대,문화,관광지,제주특별자치도 제주시 한림읍 귀덕14길 14-5,제주특별자치도 제주시 한림읍 귀덕리 1118,33.44282,126.29334,637,주차장+화장실,리조트+펜션+게스트하우스,,138,15,귀덕 연대는 명월진 소속의 별장 6명· 봉군 12명이 배치되어 6교대로 하루 종일 해안선을 지켰다고 한다. 연대라는 것은 횃불과 연기를 이용하여 정치. 군사적으로 급한 소식을 전하는 통신 수단으로 봉수대와 비슷한 역할을 한다. 동쪽으로 애월연대· 서쪽으로 우지연대와 연결되어 있다. 옛날의 모습은 남아있지 않고· 지금의 연대는 최근에 보수하여 세운 것이다.,064-728-2731,제주문화재지원팀장,2022-12-01
89,귀빈사,문화,관광지,제주특별자치도 제주시 구좌읍 비자림로 1456,제주특별자치도 제주시 구좌읍 송당리 2438,33.442902,126.761265,746,,펜션+게스트하우스,2004-09-04,162,,2004년 등록문화재 제 113호 제주특별자치도 이승만별장으로 대한민국 근대문화유산으로 지정되어있다. 제주도의 육우 생산을 목적으로 이승만 대통령의 지시로 '국립제주도송당 목장' 건립하였다. 이 목장 시설 중 하나로 지어져 이승만 별장으로 사용하였다. 목장 입구부터 시작되는 삼나무가로수길 '귀빈사' 앞 오랜된 나무까지 신비한 느낌을 자아내는 곳이다.,064-783-3856,제주문화재청,2022-12-01
90,그대·나의뮤즈 :클립 to 마티스,기타,관광지,제주특별자치도 서귀포시 안덕면 신화역사로304번길 38,,33.302676,126.317069,,,,,,,그대· 나의 뮤즈'는 미디어 아트 전시회로 현재 가장 트렌디한 전시회의 유형이다. 제주특별자치도 곳곳에서 유사 전시회들을 만날 수 있지만· 이 전시는 참여형이라는 점이 다른 미디어 아트 전시회들과는 조금 다르다. 나의 움직임에 따라 변화하는 공간의 작품과 역동적으로 변하는 작품들· 손이 닿으면 채색이 되는 그림 등 다른 미디어 아트들보다 더 몰입감 있게 작품에 빠져들 수 있다. 미디어 전시 뿐 아니라· 작품을 공간 속에 여러 가지 방법으로 표현해 놓았기 때문에 다른 전시관들과는 또 다른 매력으로 작품을 감상할 수 있다. 반고흐· 클림트· 드가· 마티스 등 서양 미술사의 거장 4인의 작품 100여점의 감각을 압도적으로 느낄 수 있다.,064-710-2114,제주특별자치도청,2022-12-01
91,그리스신화박물관/트릭아이미술관,기타,관광지,제주특별자치도 제주시 한림읍 광산로 942,,33.347623,126.356881,,,,,,,그리스 신화를 아름답게 재현한 신개념의 그리스신화박물관이다. 루브르· 바티칸박물관 명화와 대리석 조각상 200점이 재현되어 있다. 그리스 의상을 입고 관람을 하고 사진을 촬영할 수도 있고· 스탬프 북을 완성하거나· 아테네 시민권을 발급할 수 있는 등 어른과 아이 모두 다양한 체험을 할 수 있다.,064-710-2114,제주특별자치도청,2022-12-01
92,그린크루즈(산방산유람선),기타,관광지,제주특별자치도 서귀포시 안덕면 화순해안로106번길 16,,33.236866,126.335193,,,,,,,세계지질공원으로 인증된 산방산과 용머리해안을 따라 그림처럼 펼쳐지는 황홀한 바다 풍경을 산방산유람선에서 감상할 수 있다. 크루즈 코스는 화순항을 출발해서· 화순금모래해변 - 항만대 - 산방산 - 용머리해안 - 단산 - 형제섬 - 송악산 - 주상절리 - 가파도·마라도 - 박수기정 - 화순항으로 돌아오는 코스로 산방산 부근의 여러 관광 스팟을 편안하게 눈에 담아 볼 수 있다. 산방산유람선 코스의 경우 승선 후 1시간 정도의 운항을 하고· 하루에 3회 정도 배가 있다.,064-710-2114,제주특별자치도청,2022-12-01
93,그림포레스트,기타,관광지,제주특별자치도 서귀포시 중문관광로110번길 32,,33.251151,126.4129,,,,,,,<그림의 숲展>은 그림형제 동화 원작의 이야기를 연출한 미디어아트 전시입니다. 익숙한 이야기는 물론· 흥미와 놀라움으로 가득한 원작 동화의 이야기를 ‘그림의 숲’에서 살펴볼까 합니다. 그렇기에 그림형제의 동화를 새롭게 발견하는 듯한 경험이 될 것입니다.,064-710-2114,제주특별자치도청,2022-12-01
94,금능석물원,자연,관광지,제주특별자치도 제주시 한림읍 한림로 176,제주특별자치도 제주시 한림읍 금능리 12829,33.385142,126.227151,33058,주차장+공중화장실,민박+펜션,,7187,60,금능석물원은 약 40여년을 돌하르방을 제작한 장공익 명장이 제주특별자치도 생활의 모습들을 돌로써 조성한 공원이다. 「돌하르방」을 비롯해 「해녀상」· 「동자상」· 「물허벅을 지고 아이를 돌보는 어머니상」 등 제주특별자치도 지역의 전설을 돌로 표현한 작품· 제주의 생활· 민속· 문화를 상징하는 조각품들이 전시되어 있다. 관광객들에게 제주특별자치도 석물의 진수를 감상할 수 있게 한다. 세계 여러 나라의 대통령과 총리· 지도자들이 제주도를 방문했을 때 선물하였던 돌하르방의 모형도 함께 전시해 놓았다. 전체적인 분위기를 주도하는 불교적인 색채가 묻어나는 석불들은 수 십 년 동안 이곳을 지켜온 장공익의 작품이다. 금릉석물원 내에는 정여굴과 조롱굴 2개의 동굴이 있으며 굴 안에는 불공을 드릴 수 있는 암자가 있다.,064-796-3360,금능석물원,2022-12-01
95,금능포구,자연,관광지,제주특별자치도 제주시 한림읍 금능7길 22 일대,제주특별자치도 제주시 한림읍 금능리 149412,33.3897,126.2282,3563,,민박,,775,,금능포구는 금능으뜸원 해변의 3분 거리에 위치하고 있으며 다른 해수욕장과는 달리 한적하고 평화로운 바다의 모습을 감상할 수 있다. 작은 선박들이 드나드는 작은 포구지만 드넓게 펼쳐진 바다의 모습은 마음까지 시원해진다. 길에는 종종 그물을 말리는 모습· 세워진 선박의 모습을 통해 어민들의 터전임을 느낄 수 있다.,064-728-7672,제주특별자치도청,2022-12-01
96,금능해수욕장,자연,관광지,제주특별자치도 제주시 한림읍 금능길 11910,제주특별자치도 제주시 한림읍 금능리 20361,33.39112,126.236341,101206,주차장+공중화장실+음료대+유도 및 안내시설+편의점,민박+펜션,,22001,100,바닥이 훤히 비치는 투명한 물빛과 바닷물이 찰박거리는 얕은 수심· 물놀이 후 따뜻하게 즐기는 온수 샤워까지. 아이들과 다녀오기에 최적의 조건을 갖춘 해수욕장을 찾는다면 금능해수욕장이 제격이다. 제주시 한림읍에 위치한 금능해수욕장은 서쪽의 인기 명소인 협재해수욕장과 바로 이어져 있다. 비양도와 모래사장까지 이웃한 해변과 비슷한 풍경을 품고 있지만 사람이 붐비지 않아 여유로운 것이 매력이다. 더구나 주차장과 해변이 바로 연결되어 짐을 옮길 때도 부담이 없다. 새로 신축된 샤워실은 온수 샤워가 가능해 해수욕장 이용에 편리함을 갖췄다.,064-728-3983,제주특별자치도청,2022-12-01
97,금덕무환자나무 및 팽나무군락,자연,관광지,제주특별자치도 제주시 애월읍 광상로 2974 일대,제주특별자치도 제주시 애월읍 유수암리 1920,33.441762,126.400646,3527,,펜션+관광호텔,,767,,금덕 무환자나무 및 팽나무 군락에는 오래된 팽나무들이 무리를 이루고 있으며 그 사이에 무환자나무 1그루가 있다. 무환자나무는 자식에게 화가 미치지 않는다하여 무환자나무라 하며· 제주도에서는 도욱낭 또는 더욱낭으로도 불리고 있다. 열매는 염주를 만드는데 쓰였기 때문에 절이 세워진 후에 심어진 것으로 보인다. 이 군락의 무환자나무는 베어졌다가 다시 싹이 나와 자라고 있는데· 원래는 둘레가 3m 이상 되는 큰 나무였다고 한다. 현재는 3개의 싹이 나와서 자란 것이 높이 12m· 둘레 1∼2m에 달하는 큰 나무가 되었다.,064-728-2731,제주특별자치도청,2022-12-01
98,금룡사,문화,관광지,제주특별자치도 제주시 구좌읍 김녕로 148-11,제주특별자치도 제주시 구좌읍 김녕리 1145-49,33.5539,126.753661,6286,주차장+화장실,펜션+민박,,500,20,1930년 김연화 보살에 의해 설립된 염불당이 그 창사의 시초다. 청춘고혼(靑春孤魂)이 된 동생 덕암(德庵)의 넋을 기리며 오십년 남짓 지낸 세월에 염불당 및 요사체가 폐허 지경까지 왔을 때· 자재 현도(自在賢途)스님을 만나 인연이 되어 1975년 대웅전 건립을 기점으로 사찰로 면모를 일신했다. 대웅전에는 석가모니를 주불로 모시고 관음대세지보살이 좌우에 협시하고 있다 (불상조각가 권정환에 의해 1979년에 조성됨). 법당에는 총 7축의 탱화작품이 있는데 (후불탱화· 신중탱화· 칠성탱화· 독성탱화· 산신탱화· 지장탱화· 영단탱화)· 이 작품은 인간문화재 48호인 석정스님에 의한 것으로 1979년에 완성되었다.,064-783-5180,금룡사 고객센터,2022-12-01
99,금룡사 템플스테이,문화,관광지,제주특별자치도 제주시 구좌읍 김녕로 148-11,제주특별자치도 제주시 구좌읍 김녕리 1145-49,33.5539,126.753661,6286,주차장+화장실,펜션+민박,,30,20,체험형 템플스테이는 주말에 운영되는 정기 체험형 프로그램으로 사찰예절· 사찰안내· 범종체험· 예불· 나 긍정 명상· 108배 자비명상· 파도소리 명상· 스님과의 대화· 칭찬 샤워 등의 프로그램을 진행하고 있다. 휴식형 템플스테이는 바쁜 일상에서 잠시 벗어나 나만의 시간· 나와의 대화를 통해 마음을 쉬어가기 위한 프로그램이다. 예불· 공양· 운력 외에 올레길 걷기· 지질트레일· 바닷가 해맞이· 독서· 기도 등 개인이 자율적으로 자아 성찰의 시간을 가지면 된다. 원할 경우 108배하며 108염주꿰기 체험· 스님과의 차담· 명상 등도 경험해 볼 수 있다.,064-783-5180,금룡사 고객센터,2022-12-01
100,금붕사,문화,관광지,제주특별자치도 제주시 구좌읍 일주동로 3618-1,제주특별자치도 제주시 구좌읍 하도리 994,33.501178,126.888805,7146,공용주차장+화장실,펜션+게스트하우스+민박,,400,8,금붕사는 고려시대 사찰 터라고 전해지고 있으며· 제주시 구좌읍 하도리에 김대승각 화주가 초가 내에 불상을 모시고 신앙생활을 하다가 1926년 창건하였다. 1932년경 최청산의 주도 아래 승려 교육이 실시되었으며· 1937년에는 두 달에 걸쳐 법화산림 대작불사를 거행하기도 하였다. 1938년에는 금붕사 경내에서 불교 예법에 따른 혼례식을 거행하여 신도들의 큰 호응을 얻었다.,064-783-3202,금붕사 사무실,2022-12-01
101,금성비단교산책길,자연,관광지,,제주특별자치도 제주시 애월읍 금성리 569-5,33.446885,126.299197,357,공중화장실(곽지해수욕장)+무인카페,펜션+관광호텔+게스트하우스,,,,벽화마을을 시작으로 다리를 건너 마을을 산책할 수 있는 곳이다. 비단교에 서서 마을과 바다를 바라보는 것이 아름다우며 곳곳에 무인카페가 있어서· 바다를 바라보며 실내 휴식에도 적합하다,064-728-2731,제주특별자치도청,2022-12-01
102,금성포구,자연,관광지,,제주특별자치도 제주시 애월읍 금성리 573-1,33.446826,126.298291,5000,,게스트하우스+관광호텔,,1087,,금성포구는 애월읍 금성천 하구에 있는 오래된 포구로· 애월읍 서쪽 끝 마을인 금성리와 귀덕리 사이에 자리 잡고 있으며· 금성천과 바다가 만나는 구간이기 때문에 물이 깨끗하고 맑다는 장점이 있다. 옛날 마한시대 이전부터 육지와 중국을 왕래하는 선박이 드나들었던 유래가 깊은 포구이다. 비교적 한적한 금성포구는 사람이 많아 북적이는 해변과는 다른 분위기를 띄고 있다.,064-728-2731,제주특별자치도청,2022-12-01
103,금악오름(왕매),자연,관광지,,제주특별자치도 제주시 한림읍 금악리 산 1-1,33.356146,126.305833,613966,공용주차장+화장실,게스트하우스+관광호텔,,133471,30,금악오름은 한림읍 금악리 금악마을에 자리했다. 분화구를 중심으로 남북으로 높은 두 개의 봉우리가 있다. 산정화구호가 있는 몇 안 되는 오름 중 하 나이다. 화구호에는 원래 수량이 풍부하였는데· 현재는 바닥이 드러나 있고 비가 오면 물이 고이지만 오래가지는 않는다. 이 화구호는 왕매라 불린다. 금악오름은 금오름이라고도 불리는데· '검· 감· 곰· 금'은 어원상 신(神)이란 뜻이여서 옛날부터 신성시 되어온 오름이라는 것을 알 수 있다. 오름에는 해송· 삼나무· 찔레· 보리수· 윤노리나무 등이 자생하고 있다.,064-710-2114,제주특별자치도청,2022-12-01
104,금오름,자연,관광지,,제주특별자치도 제주시 한림읍 금악리 산1-1,33.355765,126.306213,387350,공용주차장+화장실,펜션+게스트하우스,,84207,35,금오름(今岳)은 대한민국 제주특별자치도 제주시 한림읍에 있는 기생 화산으로 제주특별자치도 제주시 한림읍 금악리에 있는 해발 427.5m의 오름(산)이다.,064-710-2114,제주특별자치도청,2022-12-01
105,기당미술관,기타,관광지,제주특별자치도 서귀포시 남성중로153번길 15,제주특별자치도 서귀포시 서홍동 621,33.244825,126.551266,5092,공용주차장+화장실+유도 및 안내시설+경보 및 피난시설,관광호텔+가족호텔,,1107,20,기당미술관은 서귀포시 서홍동에 있는 미술관으로 서귀포 터미널에서 택시를 타면 10분 정도 걸리는 거리에 자리하고 있다. 1987년 7월 1일 개관한 기당미술관은 국내 최초의 시립 미술관으로 제주가 고향인 재일교포사업가 기당(寄堂) 강구범에 의하여 건립되어 서귀포시에 기증되었다., 064-733-1586,제주특별자치도청,2022-12-01
106,기독교순례길 1코스(순종의길),문화,관광지,제주특별자치도 제주시 애월읍 금성하안길 3,제주특별자치도 제주시 애월읍 금성리 436-3,33.446168,126.302807,893,주차장+화장실,리조트+콘도+펜션,,194,15,기독교 순례길 1코스인 순종의 길은 일제강점기에 독립운동을 하다가 순교한 이도종 목사와 조봉호 선생의 흔적이 담긴 길이다. 애월의 금성교회에서 이도종 목사와 조봉호 선생의 생가 일대· 한림 해안길· 한림교회 일대를 지나 협재교회에 이르는 길로 총 14.2km이다. 순종의 길 시작점인 금성교회는 제주특별자치도 출신 첫 목사인 이도종 목사와 독립운동을 하다 옥사한 조봉호 선생이 청년 시절에 다녔던 교회이며 이곳을 지나고 남당물을 거쳐 길을 따라 안으로 들어가면 옛 금성교회를 볼 수 있다.,064-794-2984,제주특별자치도청,2022-12-01
107,기독교순례길 2코스(순교의길),문화,관광지,제주특별자치도 제주시 한림읍 협재8길 8,제주특별자치도 제주시 한림읍 협재리 1791,33.394725,126.243128,804,주차장+화장실,리조트+펜션+민박,,175,6,기독교 순례길 2코스 순교의 길은 1코스의 종점인 협재교회에서 출발하여 한경면 용수리와 조수리를 거쳐 대정읍까지 이어지는 총 23km 길이다. 1코스에서 해안로를 걸으며 바다를 느낄 수 있었다면· 2코스에서는 농촌의 모습을 만날 수 있다. 또한 4.3 당시 대정지역 주민들을 살린 조남수 목사의 이야기와 한국전쟁 당시 세워진 강병대교회와 지역사회를 위해 헌신한 농어촌 교회의 이야기도 만날 수 있다.,064-794-2984,제주특별자치도청,2022-12-01
108,기독교순례길 3코스(사명의길),문화,관광지,제주특별자치도 제주시 한경면 조수3길 7,제주특별자치도 제주시 한경면 조수리 331-1,33.336785,126.230692,214000,주차장+화장실,호텔+펜션+게스트하우스,,46522,12,기독교 순례길 3코스 사명의 길은 이도종 목사가 예배를 인도한 조수교회를 시작점으로 기독교인과 도민들에게 귀감이 된 조남수 목사의 공덕비까지 이어지는 총 21.4km의 길이다. 원거리로 구성되어 있어서 순례자의 사명감을 가지고 걷는 길이다. 조수교회는 2코스 중간에도 포함되어 있다. 코스 중에는 4.3의 아픈 역사를 기록한 표석도 볼 수 있다. 이어서 특전사숲길과 용수저수지를 지나면 순례자의 교회에 도착한다. 순례자의 교회 인근에는 드럼통처럼 생긴 무료 제주특별자치도 게스트하우스가 있다. 사명의 길을 탐방할 때 미리 예약하고 자연과 함께 편히 쉴 수 있다.,064-794-2984,제주특별자치도청,2022-12-01
109,기독교순례길 4코스(화해의길),문화,관광지,제주특별자치도 서귀포시 대정읍 추사로36번길 11,제주특별자치도 서귀포시 대정읍 안성리 1639,33.251045,126.279675,113000,주차장+화장실,호텔+펜션+게스트하우스,,24565,66,기독교 순례길 4코스인 화해의 길은 1코스의 도착점인 이도종 목사 순교터에서 출발한다. 대정교회· 추사 유배지 입구· 모슬봉· 강병대교회· 모슬포교회를 지나 조남수 목사 공덕비에 이르는 11.3km의 코스이다. 조남수 목사 공덕비는 3코스 사명의 길의 도착점이기도 하다. 4코스의 주요 포인트인 모슬포는 조선시대 수군 방호소가 설치되던 군사적으로 중요한 곳이었으며 대정의 외항 겸 어항으로 발달해왔다.,064-794-2984,제주특별자치도청,2022-12-01
110,김경숙해바라기농장,기타,관광지,제주특별자치도 제주시 번영로 854-1,,33.478736,126.627644,,,,,,,제주시에서 서귀포 표선으로 향하는 번영로에 위치한 해바라기 농장이다. 1만 여평에 달하는 대지에 75만송이 해바라기가 자란다. (시기에 따라 상이· 사전 문의 후 방문 필요) 사진을 찍기 위해 방문하는 사람들이 많은데 웨딩 스냅 사진을 찍는 커플 모습도 심심치않게 볼 수 있다. 인당 5·000원의 입장료가 있는데· 3·000원의 가치가 있는 쿠폰 역할을 해서 농장에서 판매하는 해바라기 오일· 아이스크림· 해바라기 씨 등을 구입할 수 있다.,064-710-2114,제주특별자치도청,2022-12-01
111,김녕 고장난 길(벽화마을입구),자연,관광지,제주특별자치도 제주시 구좌읍 김녕로21길 12,제주특별자치도 제주시 구좌읍 김녕리 4001,33.557975,126.746623,3253,화장실(2동)+주차장(3동),관광호텔+펜션,,707,60,김녕마을은 유네스코 세계지질공원이다. 그 브랜드를 활용하여 각 지역의 독특한 지질자원과 이를 원형으로 만들어진 마을의 역사·문화·신화·생활 등 다양한 이야기를 접목시켜 도보길을 만들었다. '김녕'의 뜻은 넉넉하고 편안한 마을이라고 하여 지어진 이름이다. 신석기시대 사람들의 흔적이 있고· 용암동굴 위에 자리해 농촌 마을이지만 경작지가 귀하다.,064-728-2731,제주특별자치도청,2022-12-01
112,김녕 지질트레일 A코스,트레일,관광지,제주특별자치도 제주시 구좌읍 김녕로 209,제주특별자치도 제주시 구좌읍 김녕리 4971,33.556199,126.761651,58400,공용주차장+안내시설,호텔+펜션+게스트하우스,,12696,160,김녕·월정 지질트레일 코스의 총 길이는 14.6㎞ 정도다. ‘마을의 뭍을 가로지르며 걷는 길’로 드르빌레길이라 불린다. 9km 정도 된다. ‘드르’는‘들’· '빌레’는 ‘넓적하게 퍼진 암반’을 일컫는 제주특별자치도 토박이 말이다. 이름에서 눈치 챘겠지만 김녕· 월정 두 마을은 온통 빌레 지대이다. 코스를 따라 걷다 보면 김녕과 월정· 두 마을의 드르빌레와 바당빌레를 고루 만나볼 수 있다.,064-782-9801,지오브랜드,2022-12-01
113,김녕 지질트레일 B코스,트레일,관광지,제주특별자치도 제주시 구좌읍 김녕로 209,제주특별자치도 제주시 구좌읍 김녕리 4971,33.556199,126.761651,58400,공용주차장+안내시설,호텔+펜션+게스트하우스,,12696,160,B코스는 ‘바닷가를 따라 걷는 길’로 ‘바당빌레길’이라 불린다. 5km 정도 된다. ‘바당’은‘바다’를· '빌레’는 ‘넓적하게 퍼진 암반’을 일컫는 제주특별자치도 토박이 말이다. 이름에서 눈치 챘겠지만 김녕· 월정 두 마을은 온통 빌레 지대이다. 코스를 따라 걷다 보면 김녕과 월정· 두 마을의 드르빌레와 바당빌레를 고루 만나볼 수 있다.,064-782-9801,지오브랜드,2022-12-01
114,김녕 청굴물,자연,관광지,제주특별자치도 제주시 구좌읍 김녕로1길 751,제주특별자치도 제주시 구좌읍 김녕리 1296,33.557968,126.75137,374,,민박+펜션+게스트하우스,,81,,김녕 청굴물은 벽화마을에서 김녕해수욕장 방향으로 도보로 10분 정도 이동하여 마을 골목 사이로 들어가면 나온다. 김녕 지질 트레일 코스에 속하는 곳이어서 도보로 이동하며 사진을 찍을 수 있다. 용천수의 수온은 15도 안팎으로 일정하게 유지된다. 만조 때는 물에 잠겼다가 간조 때 다시 나타나기 때문에 간조와 만조 중간쯤에 방문해야 용천수를 즐길 수 있다.,064-740-6000,제주특별자치도청,2022-12-01
115,김녕금속공예벽화마을,문화,관광지,제주특별자치도 제주시 구좌읍 김녕항3길 1816,제주특별자치도 제주시 구좌읍 김녕리 4001,33.557983,126.746611,3000,주차장+화장실,호텔+펜션+게스트하우스,,652,20,김녕을 시작으로 아름다운 성세기 해변까지 약 3km의 거리가 재탄생했다. ‘다시방 프로젝트’에 의해 10명의 예술가가 버려지는 금속 제품과 제주특별자치도 현무암을 이용하여 벽화 마을을 조성했다. 제주특별자치도 해녀의 일생을 주제로 각 건물마다 모두 다른 조형물이 설치되어 산책하며 다양한 작품을 볼 수 있다. 총 29점의 작품이 있다. 안내판이나 팸플릿은 따로 없고 주민이 실제로 살고 있기 때문에 떠들거나 집 안을 마음대로 들어가면 안된다.,064-783-5040,제주특별자치도청,2022-12-01
116,김녕사굴,문화,관광지,,제주특별자치도 제주시 구좌읍 덕천리 2014,33.50116,126.7742,26000,주차장+화장실,호텔+펜션+게스트하우스,1962-12-03,5652,15,제주도 북동쪽 26km 지점 만장굴 부근에 자리잡고 있다. 이 동굴의 내부형태가 뱀처럼 생겼다 해서 '사굴'이라고도 불리는데 입구는 뱀의 머리부분처럼 크게 벌어져 있는 반면· 안쪽으로 깊숙히 들어갈수록 뱀의 형체처럼 점점 가늘게 형성되어 있어 신비스러움을 자아내게 한다. 동굴 끝부분에 발달된 대규모의 용암폭포· 다량의 용암이 흘러내린 동굴바닥의 형상 등이 특이하다. 김녕사굴은 만장굴과 함께 천연기념물 제98호로 지정되어 보호되고 있다.,064-783-5412,제주특별자치도청,2022-12-01
117,김녕요트투어,기타,관광지,제주특별자치도 제주시 구좌읍 구좌해안로 229-16,,33.558247,126.737295,,,,,,,제주시 구좌읍 김녕리 김녕항에 위치한 김녕요트투어는 최고급 인테리어 시설의 럭셔리 요트를 타고 제주특별자치도 바다 위를 누비는 체험이다. 요트선수 국가대표 출신이 조작하는 요트를 타고 오직 바람을 동력으로 항해하는 리얼세일링을 체험할 수 있다. 김녕 앞바다 일대는 돌고래 서식지로 다른 요트 투어가 가능한 장소 중에서 돌고래 출현이 가장 빈번한 곳이다. 또한 김녕 바다 아래에는 '두럭산'이라는 해저 산이 있어· 어종이 풍부하기 때문에 선상 낚시도 인기가 좋다.,064-710-2114,제주특별자치도청,2022-12-01
118,김녕항,자연,관광지,제주특별자치도 제주시 구좌읍 김녕항1길 5013,제주특별자치도 제주시 구좌읍 김녕리 40742,33.558016,126.740119,8934,주차장,관광호텔+키즈펜션,,1942,10,구좌읍 김녕리에 위치하고 있는 '김녕항'은 푸른 바다와 다양한 형태의 기암절벽이 조화를 이루고 있는 경관을 볼 수 있는 곳이다. 김녕항은 동방파제(약 170m)· 서방파제(약 680m)로 구성되어있고· 매일 어선들이 드나들고 있으며· 해녀가 많기로 유명한 곳이기도 하다. 수산물 직매장 또한 있다.,064-740-6000,제주특별자치도청,2022-12-01
119,김녕해수욕장,자연,관광지,제주특별자치도 제주시 구좌읍 김녕로 209 일대,제주특별자치도 제주시 구좌읍 김녕리 4971 일대,33.557118,126.736557,14816,주차장+공중화장실+흡연구역+편의점+음료대+유도 및 안내시설,펜션+게스트하우스,1971-05-20,3221,200,김녕해수욕장하늘에서 바라본 모습이 한문 평(平) 자를 이룬 모양을 하고 있어 ‘김녕’이라고 불리는· 김녕마을에 있는 해수욕장이다. 거대한 너럭바위 용암 위에 모래가 쌓여 만들어졌으며· 성세기는 외세의 침략을 막기 위한 작은 성이라는 뜻이 담겨 있다. 하얀 모래와 코발트빛 바다 풍경으로 인기가 많고· 제주특별자치도 자연의 아름다움을 새삼 느끼게 해주는 곳이다. 해변가를 걷다 보면 제주의 바람으로 돌아가는 김녕풍력발전기들을 관찰할 수 있다. 인근에는 갓돔과 노래미 돔이 잘 잡히는 갯바위 낚시터가 낚시꾼들에게 인기 명소이며· 용천동굴· 당처물 동굴· 만장굴 등 다양한 굴이 근처에 위치해 있어 여름에 시원하게 피서를 즐길 수 있다.,064-728-3987,제주특별자치도청,2022-12-01
120,김녕해수욕장야영장,자연,관광지,제주특별자치도 제주시 구좌읍 해맞이해안로 76,제주특별자치도 제주시 구좌읍 감녕리 4974,33.556968,126.760193,32000,공중화장실,키즈펜션+민박+게스트하우스,,6957,200,김녕해수욕장 옆에 있는 김녕해수욕장야영장은 화장실이 있어 요즘 유행하고 캠핑을 즐기는 야영객들이 많이 찾는다. 특히 봄· 여름에는 캠핑페스티벌도 개최되는 명소이고· 주차시설과 야영장이 인접해 있어 주차 후에 장비를 이동하기에도 편리하다. 김녕리에서 가까운 거리에 있고 인근에 다양한 먹거리 식당들이 많이 있어 음식을 조리하지 않아도 충분히 캠핑을 즐길 수 있다. 지역 주민들 또한 많이 찾는 야영장이다.,064-784-8679,제주특별자치도청,2022-12-01
121,김녕해안도로,자연,관광지,제주특별자치도 제주시 구좌읍 해맞이해안로,제주특별자치도 제주시 구좌읍 김녕리,33.556937,126.759706,115200,,펜션+게스트하우스,,25043,,김녕해안도로는 해맞이해안도로라 불리는 코스의 일부이다. 이 코스는 김녕성세기해변에서 월정· 평대· 세화해변을 지나 하도해변에 이르는 약 19.2km의 구간이다. 사람들이 많이 찾는 해변들이 한데 모아져 있는 코스로 전동기로는 1시간 조금· 빠른 걸음으로는 3시간 반 이상· 보통 걸음으로는 6시간 24분 정도가 소요된다. 물빛이 고운 김녕성세기해변을 나서서 달리다 보면 사람들이 가장 많이 찾는 월정리해변에 다다른다. 앞바다에 풍력발전기가 서 있고 에메랄드 빛 바닷물을 볼 수 있다. 예쁜 사진을 남길 수 있는 포토존이나 카페가 다른 곳에 비해 많이 자리 잡고 있으므로 쉬어가기 좋다.,064-740-6000,제주특별자치도청,2022-12-01
122,김만덕객주,문화,관광지,제주특별자치도 제주시 임항로 68,제주특별자치도 제주시 건입동 984-41,33.516583,126.532225,171746,안내소+주차장+화장실,호텔+펜션+게스트하우스,,37336,10,제주시 구도심에 있는 미니 민속촌으로 초가 8동으로 관람동과 체험동으로 구분해서 운영하고 있다. 이 곳은 실제 객주 터라는 역사적 실체를 재현함으로써 계승 발전과 문화 관광자원화를 통한 지역 경제 활성화을 위해 지어졌다. 조선 후기 거상 김만덕의 나눔과 봉사의 실천 정신을 통해 사회.경제적 책임과 윤리의 의미를 관광객 및 후세들에게 전달하고자 하는 노력이 담겨 있다. 관람동에서는 객주를 재현한 건축물이나 상단의 모습을 재현해 놓아· 무료로 관람이 가능하고· 체험동에서는 실제 음식을 판매하는 주막을 운영하고 있다. 제주특별자치도 전통 음식인 몸국이나· 고사리육개장 등의 음식을 맛볼 수 있다. 매주 월요일 휴무일과 주막 운영을 미리 확인하고 방문하는 것이 좋다.,064-727-8800,제주도특별자치도청,2022-12-01
123,김만덕기념관,문화,관광지,제주특별자치도 제주시 산지로 7,제주특별자치도 제주시 건입동 1164,33.515962,126.530405,88527,안내소+주차장+화장실+임산부 휴게시설,호텔+펜션+게스트하우스,,19245,30,재물을 잘 쓰는 자는 밥 한 그릇으로도 굶주린 사람의 인명을 구할 수 있지만· 그렇지 않으면 썩은 흙과 같다. 노블리스 오블리제를 실천한 거상이자 조선 최초의 여자CEO· 나눔과 봉사의 표상으로 유명한 김만덕. 의인 김만덕의 삶과 그 정신을 기리고 본받기 위해 설립된 기념관이다.,064-759-6090,김만덕기념관,2022-12-01
124,김영갑갤러리 두모악,예술,관광지,제주특별자치도 서귀포시 성산읍 삼달로 137,제주특별자치도 서귀포시 성산읍 삼달리 4375 김영갑 갤러리 두모악,33.372065,126.85418,8628,주차장+화장실,게스트하우스+펜션,,1876,30,김영갑은 1957년 충남 부여에서 태어났지만 20여 년 동안 고향을 밟지 않을 정도로 제주의 매력에 흠뻑 빠져 남은 일생 동안 제주를 사랑했다. 밥 먹을 돈까지 아껴서 필름을 사 사진 작업에 모든 열정을 바쳤다. 이후 전시관을 마련하기 위해 폐허가 된 초등학교를 구하며 초석을 다질 즈음 손이 떨리기 시작하고 허리에 통증이 왔으며 나중에는 카메라를 들지도 못하고 제대로 걷지 못하는 지경이 되어 병원에 갔더니 루게릭병 진단을 받았다. 병원에서는 3년을 넘기기 힘들 거라고 했지만 그는 포기하지 않고 손수 몸을 움직여 전시관을 만들기에 열중하였고· 2002년 여름 ‘김영갑 갤러리 두모악’ 미술관의 문을 열었다. 이후 그는 2005년 5월 29일 그가 직접 만든 두모악에서 잠들었으며 그의 뼈는 두모악 마당에 뿌려져 있다., 064-784-9907,제주특별자치도청,2022-12-01
125,김영수도서관,기타,관광지,제주특별자치도 제주시 중앙로8길 18,,33.514774,126.522098,,,,,,,김영수도서관은 제주특별자치도 도시재생지원센터에서 제주시 원도심 도시재생사업의 일환으로 추진돼 지어졌다. 학교 도서관과 사용하지 않던 창고와 관사를 활용해 지상 2층으로 확장했다. 낮에는 북초등학교 학생들을 위한 도서관으로· 오후부터 저녁까지는 마을도서관으로 개방해 누구든지 자유롭게 이용할 수 있다. 고즈넉한 한옥집이 떠오르는 넓은 공간과 <대별왕 소별왕>· <설문대할망>· <자청비> 등 아기자기한 분위기를 느낄 수 있는 커뮤니티 공간은 물론· 조선시대까지 제주의 중심지였던 ‘제주목 관아’가 한 눈에 보이는 정원형 서가 ‘목관아가 보이는 책뜰’을 만날 수 있다.,064-710-2114,제주특별자치도청,2022-12-01
126,김정문알로에 알로에숲,기타,관광지,제주특별자치도 서귀포시 성산읍 성읍정의현로32번길 43,,33.384338,126.806054,,,,,,,김정문알로에는 1975년 설립돼 국내 최초로 알로에를 보급하고· 대중화에 앞장서온 기업이다. 고(故) 김정문 창업주는 일조량이 풍부하고 물 빠짐이 좋은 제주특별자치도 지역이 최적의 알로에 재배지라고 판단해· 제주특별자치도 서귀포시 성산읍에 약 3만3000m2 의 농장을 세우고 친환경 농법으로 알로에를 재배했다. 알로에 자체의 항균·항충 성분을 활용해 농약이나 화학비료 등은 일절 사용하지 않는다. 아울러 제품 생산 과정에서도 정제수와 합성보존료· 합성감미료· 합성착향료 등을 배제하는 3無 원칙을 준수하고 있다.,064-710-2114,제주특별자치도청,2022-12-01
127,김택화미술관,예술,관광지,제주특별자치도 제주시 조천읍 신흥로 1,제주특별자치도 제주시 조천읍 신흥리 2275,33.543737,126.653293,814,주차장+화장실,펜션+가족호텔,,177,20,김택화미술관은 2019년 12월 16일 개관한 제주특별자치도 (제주-사립13-2019-2호) 1종 미술관이다. 일평생 제주의 풍경을 고집스레 그렸던 화가 김택화(1940~2006)의 예술세계와 삶의 여정을 담아낸 공간으로 미술관은 자료실· 제1 전시실· 제2 전시실· 아트샵(화방스토어)· 카페(화실커피)로 구성되어 있다.,064-710-2114,제주특별자치도청,2022-12-01
128,김한미술관&카페3206,예술,관광지,제주특별자치도 제주시 한림읍 한상로 115,제주특별자치도 제주시 한림읍 상대리 3206,33.410399,126.267154,2452,주차장+화장실,펜션,,533,20,김한미술관과 카페3206는 함경북도가 고향인 서양화가 김한(1928~2013)의 유작과 유품들을 전시한다. 고향에 대한 그리움을 화폭에 담아· 포구와 달· 여인· 물고기 등의 소재와 푸른 색채가 자주 등장한다. 이 때문에 김한 화가는 '푸른빛의 화가'라고 불린다. 김기주 미술관 관장은 아버지 이름의 漢(한) 모양을 본떠 미술관을 설계해 김한 화가의 혼을 담고자 노력했다. 1층에는 카페3206과 김한 작가의 유품실이 있고· 2층 갤러리에는 김한 화가의 작품들을 다양한 주제로 감상할 수 있으며 소통 공간도 마련되어 있다.,064-740-6000,제주특별자치도청,2022-12-01
129,까끄래기오름,자연,관광지,,제주특별자치도 제주시 조천읍 교래리 128,33.431514,126.703661,132944,,펜션,,,,까끄래기오름은 억새군락으로 알려진 산굼부리의 동쪽으로 약 2km의 조천읍 교래리에 있다. 50미터 정도의 완만한 경사로 비교적 낮은 오름에 속한다. 조릿대와 억새가 군락을 이루고 있어 아름다운 경치를 감상할 수 있다. 오름 기슭에는 빽빽한 삼나무 숲이· 오름 중턱에는 무성한 대나무 밭이· 오름 정상 부근에는 은빛 물결로 출렁이는 억새밭이 있어 다양한 제주의 매력을 느낄 수 있다.,064-710-2114,제주특별자치도청,2022-12-01
130,꿈바당 어린이도서관,기타,관광지,제주특별자치도 제주시 연오로 140,,33.480698,126.500211,,,,,,,꿈바당 어린이 도서관은 본래 대통령이 제주도를 방문할 때 묵던 공간이었다. 1984년 건립된 이후 전두환과 노태우· 김영삼 전 대통령이 총 11회에 걸쳐 이용했다. 1996년 경호시설에서 해제되며 한때 제주도지사 관사로 사용되기도 했다. 높은 담장이 당시 경비가 삼엄했던 모습을 생생하게 보여준다. 여러 논의 끝에 이 건물은 2017년 꿈바당 어린이 도서관으로 새롭게 탈바꿈했다. 건물의 역사적인 의미를 보존하고자 대통령 전용 공간인 안방과 거실은 원형을 살려 대통령 행정 박물 전시실로 운영하고 있다. 대통령이 사용했던 가구나 식기· 집기들이 그대로 남아 있어 학습공간으로 유용하다.,064-710-2114,제주특별자치도청,2022-12-01
131,나바론절벽,자연,관광지,,제주특별자치도 제주시 추자면 영흥리 산 19,33.956351,126.293911,4959,,민박,,1078,,나바론 절벽은 돈대산· 추석산 등과 더불어 추자를 대표하는 큰산에서 독산의 해안으로 이어지는 급경사면 기암을 말한다. 추자도사람들은 나바론 절벽을 통과하는 길을 ‘하늘길’이라고 한다. 아찔한 절벽을 옆으로 하여 걷는 과정에서 이어지는 절벽과 해수면과의 경사 차이가 심하기 때문이라 추측된다.,064-740-6000,제주특별자치도청,2022-12-01
132,낙선동 4.3성,문화,관광지,제주특별자치도 제주시 조천읍 선흘서5길 13,,33.480583,126.709528,26527,,호텔+펜션+게스트하우스,,5767,,낙선동성은 4 3 당시 축조된 성 가운데 원형을 가장 잘 보존한 유적이다. 일부는 허물어지고· 일부는 과수원의 경계 표시를 위해 옮겨서 쌓기는 했지만 전체적으로 복원에 무리가 없다고 판단해· 2007년 제주도에 의해 복원되어 관리 중에 있다.,064-783-4373,제주특별자치도청,2022-12-01
133,낙천리아홉굿의자마을,문화,관광지,,,33.328048,126.227015,583,주차장+화장실,호텔+펜션+게스트하우스,,127,,낙천마을의 뜻은 하늘이 내려준 천 가지의 기쁨이다. 아홉굿마을은 제주도에서는 보기 드문 아홉개의 샘(굿)이 있다는 뜻이 있다. 또한· 낙천리마을에서는 여러가지 체험 프로그램을 할 수 있다. 낙천리 특산물인 보리를 이용해 도우를 만들고· 이곳에서 자란 농산물을 이용해 보리피자나 보리빵· 보리수제비를 만들 수 있는 쿠킹클래스가 열린다. 전통적인 천연 염색 체험이나· 농산물 수확 체험 등 다양한 경험을 통해 아이들이 제주의 자연을 느낄 수 있다.,064-773-1946,아홉굿마을 영농조합법인,2022-12-01
134,낙천아홉굿마을 의자공원,문화,관광지,,,33.327874,126.225901,12405,주차장+화장실,호텔+펜션+게스트하우스,,2697,,낙천리아홉굿마을은 올레길 13코스의 중간지점에 있다. 아홉 개의 샘이 있다 하여 아홉굿마을로 불린다. 일천 개의 의자가 각자 특이한 이름과 다양한 모양을 갖고 있다. 최근에는 올레길 13코스를 볼 수 있는 전망대까지 생겼다. 전망대는 엘리베이터가 있어 남녀노소 모두 어렵지 않게 낙천리의 풍경을 감상할 수 있다.,064-773-1946,아홉굿마을 영농조합법인,2022-12-01
135,낙타트래킹,기타,관광지,제주특별자치도 서귀포시 표선면 번영로 2564-21,,33.403025,126.778642,,,,,,,24마리의 낙타들은 약 3년 전 호주에서 제주로 왔다. 영어로 교육을 받아서 약간의 영어 단어를 이해할 수 있다. 모두 단봉낙타로 쌍봉낙타보다 키가 크고 힘이 좋아서 300kg까지 들 수 있다. 안장이 2인용으로 되어 아이들은 보호자와 함께 이용이 가능하다.,064-710-2114,제주특별자치도청,2022-12-01
136,남거봉(낭끼오름),자연,관광지,,제주특별자치도 서귀포시 성산읍 수산리 3954,33.435285,126.842066,82601,,펜션+게스트하우스,,,,보통 낭끼오름이라고 불리나· 사람에 따라 낭곶오름· 낭껏오름· 낭케오름· 남케오름이라고 부르기도 한다. ‘낭끼’의 ‘낭’은 나무를 뜻하는 제주말이며· ‘끼’는 초목이 자라나는 들판 또는 일정한 지역· 또는 변두리를 뜻한다. 그래서 ‘낭끼’는 나무들이 서 있는 변두리로 해석된다. 한자 표기로는 ‘남거봉(南擧峰)’으로도 쓰고· 오름의 모양새가 갓을 벗어놓은 것 같다고 하여 ‘남관봉(南冠峰)’이라고도 쓰고 있다.,064-710-2114,제주특별자치도청,2022-12-01
137,남국사,문화,관광지,제주특별자치도 제주시 중앙로 738-16,제주특별자치도 제주시 아라일동 499-1,33.459022,126.548825,,,,,,,남국사는 수국이 아름다운 고즈넉한 풍경을 자랑한다.,064-710-2114,제주특별자치도청,2022-12-01
138,남내소,문화,관광지,제주특별자치도 서귀포시 남원읍 하례로,,33.289438,126.615547,,,,,,,남내소는 제주특별자치도 서귀포시 남원읍 하례로에 있는 한라산 남사면을 대표하는 하천이다. 발원지인 한라산 정상에서부터 쇠소깍까지 무려 13km에 이른다. 거대하고 신비한 기암절벽이 이어져 트레킹 명소로도 큰 사랑을 받는다. 그 중 효돈동에 이르러 모습을 나타내는 남내소는 규모와 깊이로 탄성을 자아낸다.,064-710-2114,제주특별자치도청,2022-12-01
139,남두연대,문화,관광지,,제주특별자치도 제주시 애월읍 신엄리 27801,33.479107,126.358537,58617,,호텔+펜션+게스트하우스,,12743,,해안절벽 위에 있는 남두연대는 주변경관이 아름답다. 동쪽으로 조부 연대· 서쪽으로 애월 연대와 교신하며 적의 침입이나 위급 시 통신수단으로 사용됐다. 산 정상에 위치한 봉수대와 달리 해변 가까운 높은 지대에 설치한다.,064-710-6703,제주특별자치도 제주시,2022-12-01
140,남문지못,문화,관광지,,제주특별자치도 서귀포시 대정읍 인성리 392,33.246562,126.276421,21743,,호텔+펜션+게스트하우스,,4727,,제주특별자치도 서귀포시 대정읍 인성리 392에 있다. 추사의 유배시절 모습을 그린 입석이 세워져 있다. 추사의 제자 소치 허련이 그렸다. 소동파를 그린 동파입극도를 모티브로 삼았다. 평소 소동파를 좋아해서 그런지 추사의 일생은 소동파와 비슷한 점이 많다. 소동파는 당대 최고 시인으로 높은 벼슬까지 올랐다가 정치적인 이유로 해남도(海南島)에 유배된다.,064-760-2505,제주특별자치도청,2022-12-01
141,남송악(남송이오름),자연,관광지,,제주특별자치도 서귀포시 안덕면 서광리 산31,33.313059,126.306636,366531,,관광호텔,,,,남송이 오름은 제주특별자치도 서귀포시 안덕면 서광리 산 31에 있다. 전망대로 올라가면 멀리 송악산· 단산· 산방산· 녹차밭이 보이는 아름다운 등산로이다.,064-710-2114,제주특별자치도청,2022-12-01
142,남수각하늘벽화거리,문화,관광지,제주특별자치도 제주시 중앙로13길 32,,33.511429,126.527827,,,,,,,남수각 하늘길 벽화거리는 제주특별자치도 제주시 중아로13길 32에 있다. 주변에 제주성지와 오현단· 오래된 여관을 개조해 만든 산지천 갤러리 등이 있어 커플 스냅을 찍고 산책하기에도 좋은 코스이다.,064-710-2114,제주특별자치도청,2022-12-01
143,남원 위미2리 어촌계,자연,관광지,제주특별자치도 서귀포시 남원읍 태위로 208,제주특별자치도 서귀포시 남원읍 위미리 16621,33.274857,126.669503,222,,펜션+게스트하우스,,48,,남원 위미2리 어촌계는 제주특별자치도 올레 5코스로 제주특별자치도 서귀포시 남원읍 태원로 208에 있는 남원 포구에서 쇠소깍을 가로지른다. 이곳에는 보말과 다슬기· 청각이 가득하다.,064-764-1526,제주특별자치도청,2022-12-01
144,남원문화의거리,자연,관광지,제주특별자치도 서귀포시 이중섭로 41,제주특별자치도 서귀포시 서귀동 5121,33.276055,126.71283,403,,소형호텔+게스트하우스+펜션,,88,,남원문화의 거리는 바위마다 세워져있는 돌들과 그 위에 예쁘게 새겨져 있는 시들이 마음도 평안해지는 산책로이다.,064-740-6000,제주특별자치도청,2022-12-01
145,남원큰엉해변,자연,관광지,제주특별자치도 서귀포시 남원읍 태위로 522-17,제주특별자치도 서귀포시 남원읍 남원리 2379-3,33.273379,126.703754,20735.3,공중화장실+주차장,휴양콘도미니엄+리조트+펜션+민박,,4508,8,남원큰엉해변 이름의‘엉’은 제주도 방언으로 '언덕'을 뜻한다. 큰 바위가 바다를 집어 삼킬 듯이 입을 크게 벌리는 것 같아 이와 같은 명칭이 붙었다. 절벽 위는 평지로 부드러운 잔디가 깔려있다.,064-712-6988,제주특별자치도청,2022-12-01
146,남원항(남원포구),자연,관광지,제주특별자치도 서귀포시 남원읍 남태해안로 140,,33.281211,126.734031,,,,,,,남원항(남원포구)는 올레길 5코스의 시작 지점으로 잘 알려져 있다. 포구의 옛모습이 남아있다. 돌로 쌓은 모양을 그대로 간직해 더욱 매력이 있다.,064-710-2114,제주특별자치도청,2022-12-01
147,남좃은오름(남조순오름),자연,관광지,,제주특별자치도 제주시 연동 산23,33.473376,126.497716,637805,화장실(3동)+주차장,관광호텔+펜션,,,124,남좃은오름은 제주특별자치도 제주시 연동에 있고· 남조순오름 또는 남짓은 오름이라고 한다. 높이 296.7m· 둘레 3·072m· 총면적 63만 7805m² 규모의 기생 화산으로 말굽 형태의 분화구가 있다. 오름 4면 전체가 울창한 해송 숲으로 덮여 있으며 중턱 일대에는 산책로가 조성되어 있다,064-710-2114,제주특별자치도청,2022-12-01
148,남태해안로,자연,관광지,제주특별자치도 서귀포시 남원읍 남태해안로,제주특별자치도 서귀포시 남원읍 태흥리,33.292289,126.739362,401800,공중화장실(2동)+주차장,모텔,,87348,10,남태해안로는 산책하기 좋고· 한라산과 어우러진 노을 빛이 아름답고 사진찍기 굉장히 좋다. 제주특별자치도 서쪽 차귀도포구· 용수리포구의 반건조 오징어가 유명하다.,064-760-3072,제주특별자치도 서귀포시청 건설과,2022-12-01
149,납읍난대림 금산공원,자연,관광지,,제주특별자치도 제주시 애월읍 납읍리 1457-1,33.43273,126.330363,27885,공중화장실+주차장,호스텔+펜션+민박,,6062,10,납읍난대림 금산공원은 제주시 애월읍 납읍리 마을에 인접하여 약 일만 평에 이르며 울창한 상록수림이 있다. 자연림의 원형을 보존하고 있는 표본지역으로 원식생 연구에 기초적인 자료를 제공한다. 때문에 학술 자원으로서 가치가 높고· 문화재보호법에서 천연기념물로 지정됐으며· 보호되고 있다., 064-710-6653,제주특별자치도청,2022-12-01
150,내창트레킹,트레일,관광지,제주특별자치도 서귀포시 남원읍 하례로 393-1,제주특별자치도 서귀포시 남원읍 하례리 산124,33.269198,126.625469,19853,화장실(2동)+주차장,산장+펜션+민박,2014-12-01,4316,10,내창트레킹은 하례리의 효돈천을 따라 자연 그대로의 용암 하천 계곡을 체험할 수 있다. 물이 만든 용암 길이라는 뜻의 ‘효돈천’의 총 길이는 약 13km로 한라산 남사면을 대표하는 산남 최대 하천으로 꼽힌다. 매끈한 암석으로 채워진 효돈천은 다양한 식생이 서식하며· 빼어난 절경을 자랑하는 숨은 명소이기도 하다.,064-733-8009,하례리생태관광마을협의체,2022-12-01
151,너븐숭이 4.3기념관,문화,관광지,,,33.546025,126.68871,34219,안내소+주차장+화장실+영유아 돌봄시설,호텔+펜션+게스트하우스,,7439,,북촌리는 조천면의 동쪽 끝에 자리 잡은 해변마을이다. 제주특별자치도 4.3의 상징인 조천읍 북촌리에 4.3 희생자들을 위로하여 후세들의 산 교육장으로 활용하는 기념관이 있다.,064-783-4303,제주특별자치도청,2022-12-01
152,넙게오름,자연,관광지,,제주특별자치도 서귀포시 안덕면 서광리 936,33.288921,126.319042,260296,,관광호텔,,,,넙게오름은 제주특별자치도 서귀포시 안덕면 서광리936에 있고· 산책하기 좋다. 이곳에 ‘넑게물’이라는 우물이 있다. 우물은 고려말에 조성돼 지금까지 있다.,064-760-4351,제주특별자치도청,2022-12-01
153,넥슨컴퓨터박물관,기타,관광지,제주특별자치도 제주시 1100로 3198-8,,33.472387,126.485337,,,,,,,넥슨컴퓨터박물관은 게임 회사 넥슨이 만든 컴퓨터 관련 박물관으로 컴퓨터와 게임의 역사를 만나볼 수 있다.,064-710-2114,제주특별자치도청,2022-12-01
154,노로오름,자연,관광지,,제주특별자치도 제주시 애월읍 유수암리 산139,33.381212,126.43046,475274,,관광호텔,,,,노로오름은 제주시 애월읍 유수암리 일대에 위치한다. 원형 분화구 한 개· 원추형 화구 다섯 개로 이루어졌다. 작은 노로오름도 원형 분화구 1개· 원추형 화구 1개로 이루어졌다. 각각 독립된 복합형 화산체이다. 오름 전사면이 울창한 숲을 이루고 있다., 064-787-4280,제주특별자치도청,2022-12-01
155,노리매 매화축제,축제,관광지,제주특별자치도 서귀포시 대정읍 중산간서로 226015,제주특별자치도 서귀포시 대정읍 구억리 6541,33.282569,126.287545,1730,공용주차장+화장실+음료대+유도 및 안내시설,호텔+펜션+게스트하우스,,376,10,노리매 매화축제는 서귀포시 대정읍 중간서로2260-15에 있다. 노리매는 순 우리말로 '놀이'와 매화의 '매'가 만나 지어졌다. 자연과 현대 감성이 어우러진 제주도 자연공원 관광지이다. 대한민국에서 매화를 가장 빨리 볼 수 있다.,064-792-8211,노리매,2022-12-01
156,노을해안로(대정),자연,관광지,제주특별자치도 서귀포시 대정읍 노을해안로,제주특별자치도 서귀포시 대정읍 신도리,33.242537,126.224411,713700,화장실(2동),호텔+펜션+게스트하우스,,155152,,노을해안로는 대정을 일과리에서 신도1리로 향하는 약 12km의 코스이다. 국토해양부가 선정한 전국 52개의 해안누리길 중 46코스에 속하는 길이며· 제주환상자전거길에 포함되어 있어 자전거와 차량이 동시에 통행 가능하다. 제주특별자치도 서해안을 따라 구성된 해안도로로· 제주특별자치도 해안길 중 노을 경관이 가장 아름다워 노을해안로라는 이름이 붙었다.,064-760-3072,제주특별자치도 서귀포시청 건설과,2022-12-01
157,노형슈퍼마켙,기타,관광지,제주특별자치도 제주시 노형로 89,,33.464931,126.455314,,,,,,,노형슈퍼마켓은 제주시 노형로89에 있는 미술관이다. 이곳은 명도로 구분되는 흰색과 검은색만이 존재한다. 주변에 보이는 소품들은 1981년으로 시간여행을 떠난 것처럼 추억을 불러일으킨다.,064-710-2114,제주특별자치도청,2022-12-01
158,녹산로유채꽃길,자연,관광지,,제주특별자치도 서귀포시 표선면 가시리 산 87-15,33.398807,126.706334,99330,,,,21593,0,녹사로는 제주도의 봄 사진 명소로 손꼽히는 유채꽃 길이다. 노란 꽃이 아름다우며 봄이 되면 많은 사람들이 찾는다.,064-760-0505,표선면사무소,2022-12-01
159,녹하지악,자연,관광지,,제주특별자치도 서귀포시 중문동 산4,33.306568,126.430411,340236,,게스트하우스+관광호텔,,,,옛날 한라산에 사슴이 많이 서식할 때 겨울이 되면 사슴들이 이곳에 내려와 무리 지어 살곤 했다. 그래서 녹하지악이라 이름 지었다. 코스가 짧아 간단하게 오름을 보고 싶을 때 오기 좋다.,064-787-4831,제주특별자치도청,2022-12-01
160,논고악,자연,관광지,,제주특별자치도 서귀포시 남원읍 신례리 산2-1,33.358476,126.611744,567616,,게스트하우스+관광호텔,,,,논고악은 제주특별자치도 남제주군 남원읍에 있는 산이다. 높이858m으로· 성널오름· 바늘오름· 어후악· 사라봉 등과 함께 신생대 제 3기· 4기에 걸쳐 분출된 화산 활동에 의하여 형성됐다.,064-710-2114,제주특별자치도청,2022-12-01
161,논짓물,자연,관광지,,제주특별자치도 서귀포시 하예동,33.240031,126.380321,10656,화장실(1동)+주차장+안내시설,리조트+호텔+펜션+게스트하우스+민박,,2317,50,논짓물은 해수와 담수가 만나는 곳에 있는 천연 해수욕장이다. 바다로 유입되는 민물의 양이 많아 둑을 막아 풀장과 샤워장을 만들었다. 여름 물놀이 장소로 인기가 좋다.,064-760-4852,사통마을,2022-12-01
162,농개,자연,관광지,제주특별자치도 서귀포시 성산읍 환해장성로111번길 4,제주특별자치도 서귀포시 성산읍 신산리 561-1,33.381782,126.88005,5139.89,주차장,펜션+게스트하우스,,1117,10,농개는 제주의 해안을 따라 걷는 바당 올레길 근처에서 볼 수 있다. 몇 해 전 새롭게 개장한 올레길 3-B 코스이다. 총 길이 14.2km로 온평 숲길을 시작으로 신산 환해장성과 신산포구를 지나 농개로 이어져 있다.,064-782-3784,성산읍사무소,2022-12-01
163,높은오름,자연,관광지,,제주특별자치도 제주시 구좌읍 송당리 산 213-1,33.457192,126.792601,951657,,게스트하우스+관광호텔,,,,높은오름은 제주시 구좌읍 송당리 산 231-1에 있다. 주변 일대에서 유일하게 고도가 400m 이상 된다. 주위에 산재된 다른 오름을 압도하는 느낌을 주어 높은 오름이라 불린다. 정상에서 보는 풍경이 예술이다.,064-710-6072,제주특별자치도청,2022-12-01
164,누운오름(한림읍),오름,관광지,,,33.363811,126.324215,,,,,,,누운오름은 소가 누워 있는 모습과 닮았다는 뜻에서 붙여진 이름이다. ‘눈 오름’이라고도 하며· 그리 높지 않아 쉽게 오를 수 있다. 정상에는 풀이 무성하고· 높지 않고 울창한 나무들 사이로 주변을 둘러보기 좋다.,064-710-2114,제주특별자치도청,2022-12-01
165,누웨마루거리,기타,관광지,제주특별자치도 제주시 신광로 47,,33.487738,126.49034,,,,,,,누웨마루거리는 제주도가 2010년 제주시 연동에 조성한 차 없는 거리이다. 2011년 ‘바오젠’ 회사로 인해 많은 중국인이 찾아왔으며· 그 덕에 이후로도 중국 관광객이 크게 늘었었다. 이것을 계기로 한동안 ‘바오젠거리’라 불렸었다. 시 도로명이었기에 공식적으로 이용할 도로명을 공모했고· 2017년 12월 명칭 공모에 따라 '누웨마루거리'로 명칭이 변경되었다,064-710-2114,제주특별자치도청,2022-12-01
166,눈물의십자가,문화,관광지,,제주특별자치도 제주시 추자도,33.947013,126.320097,34219,,호텔+펜션+게스트하우스,,7439,,1801년 신유박해 때 순교한 황사영· 알렉시오의 백서 사건으로 그의 아내이던 정난주 마리아는 제주관노로 유배를 가게 됐다. 아들만큼은 평민으로 살아가도록 하기 위해 제주도 향해 가던 중 추자도 갯바위에 내려놓고 떠났다고 한다. 이런 역사적 사건을 배경으로 제주에서는 추자도에 처음으로 천주교가 뿌리를 내렸다. 그 상징적 의미로 조형물을 설치해 놓았다.,064-740-6000,제주특별자치도청,2022-12-01
167,느리지오름(망오름),오름,관광지,,,33.363811,126.324215,,,,,,,전망대에서 선명하게 찾아볼 수 있는 산과 오름은 모두 열두 개다. 익숙한 이름의 새별오름부터 조금은 낯선 바리메오름· 이달봉까지 360도 찬찬히 돌아보면 안내판과 오름의 실제 모습을 비교하며 살펴보는 재미 있다.,064-710-2114,제주특별자치도청,2022-12-01
168,다끄네포구(용담포구),자연,관광지,,,33.516466,126.492292,,,,,,,용담포구는 용담3동에 자리 잡은 작은 포구다. 옛날 마을 주민들이 해안 바위를 깨고 포구를 만들어 터를 닦았다고 해서 '다끄네포구'라고도 불린다. 물이 투명하고 맑아 해산물을 많이 볼 수 있고 날 좋은 날에는 물놀이를 즐기는 사람도 있다.,064-710-2114,제주특별자치도청,2022-12-01
169,다랑쉬굴,문화,관광지,,제주특별자치도 제주시 구좌읍 세화리 26081,33.469975,126.831823,25000,,호텔+펜션+게스트하우스,,5435,,다랑쉬굴은 4·3사건 당시인 1948년 12월 18일· 하도리· 종달리 주민 11명이 피신해 살다가 굴이 발각되어 집단희생 당한 곳이다. 이 날 군경민 합동 토벌대는 다랑쉬오름 일대를 수색하다가 이 굴을 발견했다.,064-740-6000,제주특별자치도청,2022-12-01
170,다랑쉬마을,문화,관광지,,,33.470297,126.823834,665271,,호텔+펜션+게스트하우스,,144624,,북제주군 구좌읍에 위치한 다랑쉬마을은 1948년 11월경 4 3사건으로 마을이 전소되었다. 해발170m의 중산간지역에 위치한 다랑쉬마을은 대략 100여 년 전에 설촌되었다 한다. 다랑쉬라는 이름의 유래에 대해서는 여러가지 설이 있으나 '마을의 북사면을 차지하고 앉아 하늬바람을 막아주는 다랑쉬오름의 분화구가 마치 달처럼 둥글게 보인다'하여 다랑쉬라 붙여졌다는 설이 가장 정겹다.,064-740-6000,제주특별자치도청,2022-12-01
171,다랑쉬오름(월랑봉),오름,관광지,,,33.475162,126.826599,,,,,,,다랑쉬오름은· 산봉우리의 분화구가 마치 달처럼 둥글게 보인다 하여 다랑쉬라 불렸다는 설과· 높다는 뜻의 '달'에 봉우리의 뜻을 가진 쉬가 합쳐져 불려진 이름이라는 주장이 있다. 실제 둥근 굼부리에서 보름달이 솟아 오르는 모습은 송당리가 아니면 볼 수 없는 광경이라 하여· 마을의 자랑거리로도 여겨진다.,064-710-2114,제주특별자치도청,2022-12-01
172,다래오름(월라봉),오름,관광지,,,33.248496,126.35095,,,,,,,다래오름은 서귀포의 풍경을 한눈에 담을 수 있다. 월랑봉은 오름 모양새가 마치 달이 떠오르는 모습 같다 하여 붙여진 이름으로 다래나무가 많이 자생하는 곳이라 하여 다래오름 이라는 이름으로 불린다.,064-710-2114,제주특별자치도청,2022-12-01
173,다려도,자연,관광지,,제주특별자치도 제주시 조천읍 북촌리,33.536595,126.696662,24694.33,화장실,관광호텔+휴양콘도미니엄,,300,0,다려도는 제주시 조천읍 북촌리에 있는 섬으로· 그 모습이 물개를 닮았다 하여 통상 '달여도'라 하며 '다려도'는 이의 변음이다.,064-783-8522,북촌리사무소,2022-12-01
174,단산(바굼지오름),오름,관광지,제주특별자치도 서귀포시 안덕면 향교로 165-23,,33.240041,126.28964,,,,,,,단산오름은 제주에서 클라이밍이 가능한 곳이다. 동서남북에서 바라본 모습이 모두 다르다. 단산을 오르는 길에서 일본군이 파 놓은 진지 동굴을 볼 수 있으며· 넓은 들판이 한눈에 들어온다. 정상에 오르면 산방산과 안덕의 모습뿐 아니라 한라산의 풍경도 볼 수 있다.,064-710-2114,제주특별자치도청,2022-12-01
175,단산과 방사탑,문화,관광지,,,33.54739,126.650603,39221,,호텔+펜션+게스트하우스,,8526,,제주특별자치도 사람들은 언덕처럼 땅 위로 봉긋 솟아오른 것을 오름이라 부른다. 제주는 오름의 왕국이라 할 정도로 300개가 넘는 많은 오름이 있다. 부드러운 능선을 보여주는 일반 오름과 달리 단산도 오름은 뾰족하다. 옛사람들은 마치 박쥐가 날개를 펼친 모습이라고 하여 바굼지오름이라 불렀다고 한다.,064-760-2505,제주특별자치도청,2022-12-01
176,닭머르해안길,자연,관광지,제주특별자치도 제주시 조천읍 신촌북3길 62-1,,33.537786,126.61332,,,,,,,‘닭머르 바위’는 닭이 마치 흙을 파헤치고 그 안에 들어앉은 모습을 닮았다 하여 이름이 붙여졌다. 아름다운 바다 전망을 자랑한다. 도민들은 이곳을 잘 알지만· 여행객들에게는 잘 알려지지 않았다. 그래서 한적하게 산책을 즐기며 사진을 찍기에 제격이다.,064-710-2114,제주특별자치도청,2022-12-01
177,답다니수국밭,기타,관광지,제주특별자치도 서귀포시 월평로50번길 17-30,,33.243811,126.464324,,,,,,,답다니수국밭은 제주특별자치도 서귀포시 월평로50번길 17-30에 위치했다. 사진 찍기 좋고· 예쁘고 색감이 다양한 꽃들이 아주 많다.,064-710-2114,제주특별자치도청,2022-12-01
178,답다니탑망대,기타,관광지,,,33.503319,126.955678,,,,,,,답다니탑망대는 제주시 우도면 언평리798에 있다. 바위 크기만큼 쌓아 올린 탑이 무척 이색적이다. 그 옆 하얀등대가 자리하고 있어 포토스팟으로 유명하다.,064-710-2114,제주특별자치도청,2022-12-01
179,당산봉(당오름·차귀오름),자연,관광지,,,33.307523,126.172009,,,,,,,당산봉은 제주시 한경면에 있는 오름으로 올레 12코스의 끝자락에 있으며 세계지질공원 주요명소이기도 하다. 당산봉 정상까지 경치를 감상하면서 오르기 좋다.,064-710-2114,제주특별자치도청,2022-12-01
180,당오름,오름,관광지,,,33.468478,126.775764,,,,,,,송당'은 제주특별자치도 무속신앙의 본고장이라 할 수 있다. 이름부터 당과 연관되어 있다. 이곳에 있는 당오름은 송당초등학교 남서쪽 약 400m지점에 가로로 누워 있다. 이 오름은 전체적으로 나직하고 둥그스름한 몸집을 가진다. 북쪽 사면이 얕게 패어 내리면서 말굽형 화구를 지녔다.,064-710-2114,제주특별자치도청,2022-12-01
181,당오름(구좌),오름,관광지,,제주특별자치도 제주시 구좌읍 송당리 산199-1,33.468478,126.775764,,,,,,,구좌읍 송당리에 있는 이 오름은 표고가 27m이고· 비고가 69m이다 오름 북서쪽기슭에 송당 본향당이 있다는 데서 당오름 이라 하고 한자로 당악으로 썼다.,064-710-2114,제주특별자치도청,2022-12-01
182,당오름(안덕면),오름,관광지,,,33.333184,126.33583,,,,,,,북동쪽 사면에 삼나무 등이 일부 조림되어 있을 뿐· 그 외 사면은 풀밭오름을 이루면서 귀화식물인 개민들레로 덮여 있으며· 분화구 안 일부에 가시나무가 식생하고 있다.,064-710-2114,제주특별자치도청,2022-12-01
183,당오름(한경면),오름,관광지,,,33.307523,126.172009,,,,,,,당오름(함경면)은 푸른 바다와 함께 걷는 호젓한 산책길이다. 당산봉은 물과 마그마의 폭발적인 반응에 의해 형성된 수성화산체로 서귀포시 안덕면에 있는 산방산과 용머리와 더불어 제주도에서 가장 오래된 화산체 중 하나이고· 푸른 해안과 함께 함경면의 고즈넉한 평야의 풍경을 즐기는 것 또한 일품이다.,064-710-2114,제주특별자치도청,2022-12-01
184,당케산물(당케포구),자연,관광지,제주특별자치도 서귀포시 표선면 표선당포로,,33.325935,126.84472,,,,,,,올레 4코스 출발지점에 위치해 있는 당케포구는 제주에서 가장 넓은 면적의 백사장인 표선 해비치 해변에 있는 포구이다. 등대와 어우러진 바다 풍경과 간혹 드나드는 통통배가 멋진 풍광을 자아내며 도내 해돋이 명소로도 유명하다.,064-710-2114,제주특별자치도청,2022-12-01
185,대록산(큰사슴이오름),오름,관광지,,,33.398807,126.706334,,,,,,,대록산은 오름의 형세가 사슴을 닯았다고 해서 붙여진 이름이다. 다른이름은 큰사슴이오름이라고 한다. 가시리 정석비행장과 유채꽃프라자 사이에 위치했고 말굽형 두가지 분화구를 가진 화산체이다.,064-710-2114,제주특별자치도청,2022-12-01
186,대림리선돌,문화,관광지,,제주특별자치도 제주시 한림읍 대림리,33.424404,126.279072,91.09,,호텔+펜션+게스트하우스,,20,,제주도 서쪽으로 12번 도로를 따라 남쪽으로 내려가다 보면 한림리와 대림리로 갈라지는 길이 있다. 여기서 왼쪽방향으로 들어서서 가다보면 건널목이 다노는데 그곳 오른편이 마을 입구이다. 길 입구에 폭낭(팽나무) 세그루가 선돌로 가는 입구를 지키고 있으며 대림리 지형이 넓어 한눈에 넓은 평야가 다 들어온다,064-740-6000,제주특별자치도청,2022-12-01
187,대발이파크,기타,관광지,제주특별자치도 서귀포시 남원읍 태위로 536,,33.274631,126.705849,,,,,,,대발이파크는 공룡을 좋아하는 아이들과 놀러가기 좋은 파크이다.,064-710-2114,제주특별자치도청,2022-12-01
188,대수산봉(큰물뫼·물미오름),오름,관광지,,제주특별자치도 서귀포시 성산읍 고성리 2039-1,33.43828,126.903673,,,,,,,조선시대 대수산봉 정상에 봉수대가 있었다. 북동쪽으로는 성산봉수· 남서쪽으로는 독자봉수와 교신했다고 한다. 현재도 봉수대 흔적이 어렴풋이 남아있다. 정상에 가면 성산일출봉과 섭지코지가 아름답게 내려다 보인다.,064-710-2114,제주특별자치도청,2022-12-01
189,대수포구,자연,관광지,,제주특별자치도 제주시 한림읍 수원리 724-5,33.426955,126.270571,3361.28,주차공간,관광호텔+휴양콘도미니엄,,200,10,대수포구는 올레 15코스의 첫 코스다. 한림항과 그리 멀지 않은 곳에 있고· 제주테우마을로 불리기도 한다. 테우체험과 테우선상낚시· 스킨스쿠버와 함께 다이빙 등 다양한 해상체험을 할 수 있다. 작은 포구지만 일몰시간에 아름다운 석양을 보여준다.,064-728-3383,제주특별자치도 제주시청 해양수산과,2022-12-01
190,대왕산(왕뫼·왕메· 왕미),오름,관광지,,,33.457463,126.87216,,,,,,,대왕산은 성산읍 수산리 북서쪽에 위치한 오름으로· 수산리와 종달리를 연결하는 군도 변에 있어 접근이 용이하다. 남사면으로 구불구불한 숲길이 나 있고 수산리 공동묘지가 있다. 동사면으로 뻗어내린 등성이는 오름 동쪽 끝에서 부리를 이루고 있어 마을사람들은 이를 왕뫼 동끝 이라 부른다.,064-710-2114,제주특별자치도청,2022-12-01
191,대장금촬영지(제주민속촌),기타,관광지,제주특별자치도 서귀포시 표선면 민속해안로 631-34,제주특별자치도 서귀포시 표선리 40-1,33.322345,126.841487,,,,,,,MBC 인기드라마 대장금촬영지는 제주민속촌 내에 있다. 2003년 12월 11일부터 27일까지 17일 촬영이 진행되었는데· 당시의 촬영 장면과 대사· 출연진의 사인이 담긴 안내판과 포토존이 설치되어 있다. 특히 대장금 미니테마파크에는 의상· 촬영 당시 대본· 약초· 관련 사진 및 의료 기구가 전시되어 있다.,064-710-2114,제주특별자치도청,2022-12-01
192,대정면 4.3사건 위령비,문화,관광지,제주특별자치도 서귀포시 대정읍 동일하모로 158-3,제주특별자치도 서귀포시 대정읍 하모리 1224,33.225353,126.248486,20,,호텔+펜션+게스트하우스,2003-09-20,15,,대정면 4.3사건 위령비는 제주특별자치도 서귀포시 대정읍 동일하모로 158-3에 있다. 4.3 사건 당시 죽은 주민의 원혼을 달래기 위해 세워졌다.,064-712-6988,제주특별자치도청,2022-12-01
193,대정오일장,시장,관광지,제주특별자치도 서귀포시 대정읍 신영로36번길 65,제주특별자치도 서귀포시 대정읍 하모리 1089-15,33.220462,126.248346,9241,주차장+화장실(1동),관광호텔,,2009,60,대정오일장은 1· 6· 11· 16· 21· 26· 31일에 운영한다. 대정오일시장은 6·25전쟁 당시 문을 연 곳으로 제주도 서부 지역에서 가장 큰 오일시장이다. 당시 대정읍에는 비행장과 육군훈련소가 있어 생활용품 및 물자가 오가다 보니 점차 커지다 자연스레 시장이 형성되었다고 한다. 대정읍 내에서 자리를 몇 번 옮기다 현재 위치인 대정읍 하모리에 자리를 잡았다.,064-794-2940,제주관광공사,2022-12-01
194,대정해변(하모해변),자연,관광지,,제주특별자치도 서귀포시 대정읍 하모리,33.226464,126.25283,11906.13,공용주차장+화장실,,,200,25,대정해변은 모슬포와 가까운 곳에 위치해 있어 모슬포 해수욕장이라 불리기도 한다. 하모해변은 과거에 해수욕장으로 이용됐으나· 모래 유실과 돌출된 암반 등에 의한 안전사고 우려가 높아 현재는 폐장된 상태이다.,064-760-2771,제주특별자치도 서귀포시청 해양수산과,2022-12-01
195,대정향교,문화,관광지,제주특별자치도 서귀포시 안덕면 향교로 165-17,제주특별자치도 서귀포시 안덕면 사계리 3126-1,33.239527,126.288432,2219,공용주차장+화장실(2동)+유도 및 안내시설,휴양 펜션+게스트하우스,1971-08-26,2000,30,대정향교는 서귀포시 안덕면에 있다. 공자를 비롯한 여러 성현께 제사를 지내며· 지방 백성의 교육과 교화를 위하여 세운 조선시대 국립교육기관을 가리킨다. 많은 보수로 인해 본래의 모습은 많이 없어졌지만 장식이 검소하고 단청을 하지 않아 전체적으로 간결한 느낌을 준다.,064-794-7944,제주특별자치도 서귀포시,2022-12-01
196,대정현역사자료전시관,문화,관광지,제주특별자치도 서귀포시 대정읍 상모대서로 17,제주특별자치도 서귀포시 대정읍 상모리 3862-1,33.225137,126.256342,284.16,주차장+화장실 (2동),게스트하우스+가족펜션,2005-04-15,1500,15,1955년 지어져 1980년까지 대정읍 사무소로 이용되었다. 역사가 있는 건물로· 현재 제주의 역사를 알 수 있는 사진 등 자료를 관람할 수 있는 전시관으로 바뀌었다. 2005년 등록문화재 제 157호로 지정되었다.,064-712-6988,제주특별자치도청,2022-12-01
197,대평포구,자연,관광지,,제주특별자치도 서귀포시 안덕면 감산리 982-2,33.236478,126.362086,10544.27,공용주차장+화장실(1동),휴양콘도미니엄,,200,50,제주 올레 9코스의 시작 점이자 8코스의 종착점인 대평포구는 현재 낚싯배나 작은 어선이 정박하는 포구로 이용되고 있다. 고려 시대 때는 원이 제주에 탐라 총괄부를 두어 강점하면서 제주마를 송출하는 포구로 이용하였다.,064-760-2761,제주특별자치도 서귀포시청 해양수산과,2022-12-01
198,대포포구,자연,관광지,,제주특별자치도 서귀포시 대포동,33.243515,126.435222,,공용화장실(2동)+공용주차장,관광호텔+가족호텔,,200,42,대포포구는 제주특별자치도 서귀포 대포로에 있는 해상 교통의 요지다. 대포포구는 월평마을의 아왜낭목에서 대평포구로 가는 제주특별자치도 올레 8코스 중간에 있다. 또한 대포항에서는 요트 투어가 가능하며· 360도로 회전하는 제트보트 등 이색적인 해상 스포츠도 경험할 수 있다.,064-760-2761,제주특별자치도 서귀포시청 해양수산과,2022-12-01
199,대한민국최남단기념비/마라도기념비,기타,관광지,,제주특별자치도 서귀포시 대정읍 가파리,33.170018,126.271518,,,,,,,‘대한민국최남단’이라고 한자로 새겨진 비석으로· 비석 앞 바닷가에는 마라도의 수호신인 장군바위가 솟아 있다. 1985년 10월 남제주군은 마라도 남쪽 해안에 가로125cm· 세로 153cm· 높이 292cm의 국토 최남단 비석을 세웠다. 현재는 이어도에 해상 기지가 있어 최남단이라는 말이 같이 쓰이고 있다.,064-710-2114,제주특별자치도청,2022-12-01
200,더 플래닛,기타,관광지,제주특별자치도 서귀포시 천제연로 70,제주특별자치도 서귀포시 색달동 2558,33.255195,126.413038,,,,,,,생태문화전시관 <더 플래닛>은 신비롭고 소중한 제주도의 자연을 새롭게 발견할 수 있도록· 아이부터 어른까지 누구나 즐길 수 있는 다양한 전시와 콘텐츠가 준비된 공간이다.,064-710-2114,제주특별자치도청,2022-12-01
201,덕수리전통민속재현축제,문화,관광지,제주특별자치도 서귀포시 안덕면 일주서로 1836,제주특별자치도 서귀포시 안덕면 덕수리 산27,33.256753,126.322041,9304,주차장+공중화장실+안내시설,펜션,,2023,40,덕수리전통민속재현축제는 서귀포시 안덕면 덕수리민속공연장에서 개최한다. 민속 경연 대회 작품을 바탕으로 1991년 민속 재현 행사를 시작한 것이 전통 민속 문화 축제로 발전하여 매년 10월초에 축제를 열고 있다.,064-760-4313,덕수리민속보존회,2022-12-01
202,덕천리 팔자 좋아 길,자연,관광지,,제주특별자치도 제주시 구좌읍 덕천리 1326-25,33.487587,126.747077,78960,,,,17165,,웃못연못을 시작으로 숲터널· 사근이오름을 거쳐 상덕천삼거리· 북오름굴 고사리밭· 주체오름까지 돌아보고 다시 삼덕천삼거리로 돌아오는 8자 모양의 이다. 덕천리의 길 구석구석을 걸으면 저절로 기분이 맑아지고· 잡념이 사라진다. 덕천리영농 체험장 인근에 위치한 산책하기 좋은 숲길이다.,064-782-5788,덕천리사무소,2022-12-01
203,도너리오름,오름,관광지,,,33.30898,126.340273,,,,,,,금악동광간 포장도로 중간지점의 당오름· 정물오름과 도로를 사이에 두고 마주보고 서있다. 안덕면 동광리와 한림읍 금악리의 경계에 걸쳐져 있다. 한창로 정물오름 앞을 지나는 곧게 뻗어있는 경사진 도로의 중간지점에서 목장으로 진입하는 길이 있다. 목장입구의 철제대문을 지나 한 집 뒷편으로 정상까지 올라갈 수 있다.,064-710-2114,제주특별자치도청,2022-12-01
204,도두동 무지개 해안도로,자연,관광지,,제주특별자치도 제주시 도두일동 1734,33.509258,126.471975,7440,,관광호텔+가족호텔,,1617,0,도두동 무지개 해안도로는 용담이호해안도로에서 도두동 가는 방향에 위치했다. 방호벽이 무지개 색으로 페인팅되어 있다. 제주 하늘과 그 아래로 끝없이 펼쳐진 수평선을 마주할 수 있다. 공항과 가까운 곳에 있어 여행 전후로 가볍게 드라이브를 즐길 수 있다.,064-728-1546,도두일동 동사무소,2022-12-01
205,도두봉,자연,관광지,,제주특별자치도 제주시 도두일동 산 1,33.506984,126.468448,80253,화장실+안내시설+주차장,관광호텔+가족호텔,,3000,30,제주시 도두일동 산1에 있고· 포토스팟으로 유명하다. 평소 운동과 등산을 부담스러워하는 사람도 가볍게 찾아가기 좋다. 날씨가 좋고 구름이 없을 때는 멀리 한라산도 보인다.,064-728-3126,제주특별자치도 제주시청 환경관리과,2022-12-01
206,도두오래물축제,문화,관광지,제주특별자치도 제주시 도두항길 26,제주특별자치도 제주시 도두일동 26051,33.506326,126.466646,1283,주차장+공중화장실+편의점,호텔,,279,45,도두 오래물은 한라산에서부터 내려온 시원하고 깨끗한 물이 땅 속에 저장돼 있다가 해안가에 이르러 분출되는 용천수다.,064-712-4567,도두 오래물축제위원회,2022-12-01
207,도두항,자연,관광지,제주특별자치도 제주시 도두항길 22-2,제주특별자치도 제주시 도공로 2,33.507985,126.466405,781.11,,펜션+가족호텔,,,,도두항은 용두암해안도로와 이호테우사이에 위치한 방파제로 관탈도와 추자도행 낚시배들이 출항하는 곳으로 유명하다.,064-712-6988,제주관광공사,2022-12-01
208,도두해안도로,자연,관광지,,제주특별자치도 제주시 도두2동 706-3,33.510446,126.482366,988,,관광호텔,,,,용담에서 도두까지 이어진 해안도로다. 드라이브 코스이며 맛집들과 유명한 카페촌이 있다. 약 6.1km의 도로는 아름다운 경관으로 유명하다.,064-712-6988,제주특별자치도청,2022-12-01
209,도령모루,문화,관광지,,,33.497069,126.493855,8300,,가족호텔+펜션,1905-07-12,,,도령마루는 제주시 7호 광장 일대를 일컫는다. 옛 지명인 ‘도령마루’라는 이름 보다는 70년대 초 유명 제과회사에서 세운 해태탑이 들어서면서 ‘해태동산’으로 일반인에게 알려졌다.,064-712-6988,제주특별자치도청,2022-12-01
210,도리미오름,오름,관광지,,,33.429268,126.767105,,,,,,,도리미오름은 말굽형 화구형으로 완만한 등성이를 가진다. 이차적 용암유출에 의해 화구가 동북방향으로 터진 형태를 하고 있다.,064-710-2114,제주특별자치도청,2022-12-01
211,도새기축제,문화,관광지,제주특별자치도 제주시 한림읍 한림중앙로 719,제주특별자치도 제주시 한림읍 한림리 8872,33.40986,126.268046,18000,주차장+공중화장실,호텔+펜션,,3913,140,도새기란 돼지를 뜻하는 제주방언이다. 제주산 돼지고기의 우수성 홍보를 위한 아주 특별한 축제다.,064-740-6000,제주특별자치도청,2022-12-01
212,도순다원,기타,관광지,제주특별자치도 서귀포시 중산간서로356번길 152-41,제주특별자치도 서귀포시 도순동 1-1,33.272975,126.483057,,,,,,,도순다원은 녹차 생산을 통해 지역 경제 활성화에 기여할 뿐 아니라 이산화탄소 감축에도 효과를 지니고 있는 생태 관광지다.,064-710-2114,제주특별자치도청,2022-12-01
213,독자봉,오름,관광지,,제주특별자치도 서귀포시 성산읍 신산리 1785,33.387711,126.854177,,,,,,,성산읍 삼달리 북쪽 약 1.5km 지점에서 통오름과 길 하나를 사이에 두고 남쪽으로 이웃해 있다. 이곳의 봉수는 조선시대 북동쪽에 수산 봉수와 서쪽의 남산 봉수와 교신했었다고 전해진다.,064-710-2114,제주특별자치도청,2022-12-01
214,돈내코,자연,관광지,제주특별자치도 서귀포시 516로,,33.299695,126.582389,493.44,공용주차장+화장실+안내센터,펜션+호텔,,,60,제주의 백중날(음력 7월 15일)에는 닭을 잡아먹고 물 맞이를 하는 풍습이 있다. 이날 물을 맞으면 모든 신경통이 사라진다는 옛 이야기가 전해오고 있어 백중날 이곳이 가장 사람이 많이 붐빈다.,064-733-1584,영천동사무소,2022-12-01
215,돈내코계곡원양축제,문화,관광지,제주특별자치도 서귀포시 돈내코로 137,제주특별자치도 서귀포시 상효동 1463,33.300408,126.581838,8211,주차장+공중화장실,호텔+펜션,1971-05-20,1785,15,瀑布是根据州合于1994年6月 的。深谷、瀑布郁郁的常林相映成趣。道瀑布水流下·瀑布因一恩的住·而得名。,064-740-6000,제주특별자치도청,2022-12-01
216,돈내코유원지,자연,관광지,,,33.300571,126.585113,43312,화장실,펜션,,,60,돈내코 유원지는 예로부터 이 지역에 멧돼지가 많이 출몰하여 돗드르라 하며 돗드르는 지금의 토평마을의 지명 유래가 되었다. '돗'은 돼지· '드르'는 들판· '코'는 입구를 내는 하천을 가리키는 제주어다. 멧돼지들이 물을 먹었던 내의 입구라 하여 돈내코라 불린다.,064-733-1584,영천동사무소,2022-12-01
217,돈대산,오름,관광지,,,33.953129,126.3336098,,,,,,,돈대산 정상에 2005년에 완공한 팔각형의 아담한 정자가 세워져 있는데· 이 정자에서 신양항과 해안 마을 전경이 한눈에 내려다보인다. 산 중턱에 총 길이 2km의 산책로가 조성되어 있다.,064-710-2114,제주특별자치도청,2022-12-01
218,돈대산산림휴양산책로,자연,관광지,,제주특별자치도 제주시 추자면 예초리 산 67-1,33.94794,126.322742,103918,,민박,,,,돈대산 산림 휴양 산책로는 다도해의 뛰어난 풍경을 보며 트레킹과 힐링여행을 즐기기 좋은 곳으로 알려져 있다. 특히 산 위의 돈대정에서 보는 사방의 풍경이 빼어나다.,064-712-6988,제주특별자치도청,2022-12-01
219,돌오름,오름,관광지,,제주특별자치도 제주시 조천읍 교래리,33.427618,126.6665803,,,,,,,제주특별자치도 한라산 정상에서 동북쪽으로 약 4km 거리에 이르는 경사진 면을 이르는 이름. 융기 작용으로 형성된 돌산으로· 기암과 괴석이 어우러진 좋은 관광 자원이다.,064-710-2114,제주특별자치도청,2022-12-01
220,돔박이오름(동박악),오름,관광지,,제주특별자치도 서귀포시 안덕면 광평리 산89,33.339425,126.364176,,,,,,,돔박이 오름의 돔박이는 동백나무의 제주어로 동백나무가 많이 자라서 돔박이오름이라고 불렀다는 설과 돔박생이(동박새의 제주어)가 서식했다고 해서 그 이름을 따서 돔박이오름이라고 불렀다는 설이 있다.,064-710-2114,제주특별자치도청,2022-12-01
221,돔베낭골,자연,관광지,,제주특별자치도 서귀포시 호근동 1619,33.239919,126.531883,74,노상 공용주차장,펜션+가족호텔,,,,해안 절벽과 휜히 트인 바다의 경치를 동시에 볼 수 있는 해안이다. 돔베(도마)같이 넓은 나뭇잎이 많은 곳이라고 해서 돔베낭골이란 이름이 붙여졌다.,064-712-6988,제주특별자치도청,2022-12-01
222,동거문오름,오름,관광지,,,33.488067,126.8804954,,,,,,,동거문오름은 거미오름이나 동검은이오름으로도 불린다. 일반적인 오름들처럼 둥글고 매끄러운 모습이 아니라 능선이 끊어질 듯 이어지며· 멀리서 보면 여러 개의 오름인 듯 보이는 모양을 하고 있다. 동거문오름은 보는 방향에 따라 다채로운 모양을 보인다.,064-710-2114,제주특별자치도청,2022-12-01
223,동계 정온 유허비,문화,관광지,,제주특별자치도 서귀포시 대정읍 안성리,33.250551,126.274093,44,,게스트하우스+가족펜션,,,,동계 정온의 유허비는 광해군을 비판하는 상소 때문에 제주도에 유배되었다가 인조반정(仁祖反正)으로 복권된 후 병자호란 때 청나라와 맞서 싸울 것을 주장하던 동계 정온의 우국충정을 기려 세워진 것이다.,064-760-2505,제주특별자치도 서귀포시,2022-12-01
224,동굴의 다원 다희연,기타,관광지,제주특별자치도 제주시 조천읍 선교로 266,,33.479302,126.700604,,,,,,,다희연은 녹차를 주제로 한 복합 테마파크로 세계자연유산인 거문오름 용암동굴계 자락에 자리하고 있다. 다희연에 들어오면 카펫처럼 펼쳐진 너른 녹차밭을 감상할 수 있다.,064-710-2114,제주특별자치도청,2022-12-01
225,동귀방파제,자연,관광지,,제주특별자치도 제주시 애월읍 하귀1리 1624-1,33.486368,126.408292,424,,펜션+관광호텔,,,,동귀 방파제는 하귀입구 사거리에서 포구 방향으로 가면 보이는 조그마한 방파제다.,064-712-6988,제주특별자치도청,2022-12-01
226,동문재래시장,시장,관광지,제주특별자치도 제주시 관덕로14길 20,제주특별자치도 제주시 이도일동 1436-7,33.511589,126.526006,230,주차장+화장실(5동),관광호텔+가족호텔,,50,129,동문재래시장은 제주도 도심에 자리하였으며· 가장 크고 역사가 깊은 상설 재래시장이다. 엄청난 규모를 자랑하는 만큼 1년 내내 현지인 그리고 여행객들의 발걸음이 끊이지 않는 곳이다.,064-794-2940,제주관광공사,2022-12-01
227,동백동산,자연,관광지,,제주특별자치도 제주시 조천읍 선흘리 산 12,33.517021,126.717609,590083,공용주차장+화장실(2동)+안내센터,가족호텔+펜션,,,88,조천읍 선흘리에 위치한 동백동산은 제주 생태체험관광의 또 다른 명소이다. 화산 폭발 후 흘러내린 용암이 쪼개지면서 형성된 곶자왈은 넓은 연못이 만들어지기에 어려운 구조다. 하지만 용암이 식을 때 부서지지 않고 판형으로 남아있는 지형에서는 물이 빠져 내려가지 않고 고여 있게 된다. 이를 ‘파호이호이 용암’이라 부르며 제주에서는 동백동산이 유일하다.,064-784-9445,사회적협동조합선흘곶,2022-12-01
228,동백포레스트,자연,관광지,,제주특별자치도 서귀포시 남원읍 신례리 1767,33.300127,126.636598,2200,화장실(4동)+주차장+관광안내소,펜션,,,150,남원읍 신례리의 ‘동백포레스트’는 동글동글한 애기동백나무가 심어져 있는 동백 군락지이다.,0507-1331-2102,동백포레스트,2022-12-01
229,돔베낭길,자연,관광지,,,33.239983,126.5318796,2858,공용주차장,펜션,,,10,돔베낭길은 원래 돔베낭골로 돔베낭이 많은 굴이라는 데서 붙인 것이다. 돔베낭은 동백나무를 이르는 제주어이고· 굴은 골짜기를 뜻하는 골이 변한 소리이다. 아름다운 해안절경을 가지고 있다,064-712-6988,제주특별자치도청,2022-12-01
230,동복리관광체험어장,기타,관광지,,,33.535438,126.718064,,,,,,,동복에서 김녕으로 차를 몰고 가다 보면 '동복관광체험어장'이라고 쓰인 돌이 보이는 데· 바로 이곳이 직접 해산물을 채취해 볼 수 있는 체험어장이다.,064-710-2114,제주특별자치도청,2022-12-01
231,동복환해장성,문화,관광지,,제주특별자치도 제주시 구좌읍 동복리,33.536032,126.719979,150,,독채 펜션+가족호텔,1998-01-07,,,제주특별자치도 기념물 제49-6호로 지정된 동복 환해 장성은 배를 타고 들어오는 외적의 침입을 막기 위해 해안선을 따라 쌓은 성인데 1207년 삼별초군이 제주로 가는 것을 방어하기 위해서 쌓은 것이 그 시초라고 한다.,064-712-6988,제주특별자치도청,2022-12-01
232,동수악,오름,관광지,,제주특별자치도 서귀포시 남원읍 한남리 산2-12,33.33526,126.668112,,,,,,,동수악은 높이 712m. 한라산의 기생화산의 하나로· 5 ·16도로가 제2논고교를 건너는 부근의 도로변에 위치한다. 화구에는 항상 물이 괴어 있고· 제2논고교 밑을 거쳐 산체 남쪽을 끼고 도는 계곡에 낙엽수와 상록수가 혼합된 수림이 울창하다.,064-710-2114,제주특별자치도청,2022-12-01
233,동알오름,오름,관광지,,제주특별자치도 서귀포시 대정읍 상모리 153,33.207144,126.28888,,,,,,,송악산 응회환 외륜의 북쪽에는 작고 나지막한 3개의 말굽형 화구가 나란히 줄지어 분포되어 있다. 이 화구들은 송악산 외륜을 둘러싸고 있으며· 마을 사람들은 이 작고 아담한 동산들을 알오름이라고 부르고 있다. 동쪽에 있다하여 동알오름이라 한다.,064-710-2114,제주특별자치도청,2022-12-01
234,동일리포구,자연,관광지,,제주특별자치도 서귀포시 대정읍 동일리,33.227955,126.241,886,,펜션,,,,동일리포구는 소규모 어항으로 분류되어있으며 동일리는 옛날엔 날 외라고 불리었다고 한다. 소금을 만드는 염전 터가 전해 내려오며 역사 유적과 함께 유서 깊은 마을이라고 알려진다.,064-712-6988,제주특별자치도청,2022-12-01
235,돛오름,오름,관광지,,,33.480346,126.799591,,,,,,,돛오름은 비자림 서남쪽으로 이어져 있는 오름으로 풍만한 산체를 이루며· 산정부에서 북동쪽으로 얕게 골이 패어 있는 원형분화구를 갖고 있다.,064-710-2114,제주특별자치도청,2022-12-01
236,두맹이골목,기타,관광지,제주특별자치도 제주시 동문로16길 17-4,제주특별자치도 제주시 일도이동 1006-11,33.512022,126.534985,,,,,,,2008년부터 이 두맹이 골목을 대상으로 한 문화거리조성 프로젝트가 시작되었는데· 첫 해에는 한국민족예술인총연합 제주도지회가 공공미술공모사업을 진행해 당선된 작품을 골목에 벽화로 채워 넣기 시작했다.,064-710-2114,제주특별자치도청,2022-12-01
237,두산봉(말미오름),오름,관광지,,제주특별자치도 서귀포시 성산읍 시흥리 산1-5,33.47865,126.884062,,,,,,,두산봉은 몸집이 큰 산이란 뜻으로 두산 또는 두산봉이라 부르기도 하고· 말을 많이 놓아 먹이던 곳이라고 해서 말미오름이라고 부르기도 했다.,064-710-2114,제주특별자치도청,2022-12-01
238,둔지봉,오름,관광지,,,33.501458,126.797246,,,,,,,둔지는 제주 방언으로 ‘평지보다 조금 높은 곳’을 가리키는 말로· 둔지봉은 주변에 둔지가 많은데 연유하여 붙여진 이름이다.,064-710-2114,제주특별자치도청,2022-12-01
239,뒤굽은이오름,오름,관광지,제주특별자치도 제주시 구좌읍 중산간동로 1989-3,,33.477369,126.758827,,,,,,,뒤곱은이오름· 뒤꾸부니오름· 후곡악등 여러 별칭이 있는 뒤굽은이오름은 모든 명칭은 뒷 부분이 구부러진 오름이라는 데에서 유래했다. 남쪽으로는 구부러지고 북쪽으로 벌어진 굼부리를 가지고 있다,064-710-2114,제주특별자치도청,2022-12-01
240,드르쿰다in 성산,기타,관광지,제주특별자치도 서귀포시 성산읍 섭지코지로25번길 64,제주특별자치도 서귀포시 고성리 372-1,33.449374,126.920708,,,,,,,초대형 스튜디오 카페이다.,064-710-2114,제주특별자치도청,2022-12-01
241,들렁모루 산책길,자연,관광지,,제주특별자치도 서귀포시 서홍동 2437,33.282247,126.542773,14578,,가족호텔+펜션,,,,들렁모루란 제주어로 속이 빈 바위가 있는 언덕이란 뜻인데· 산책길 중간에 머리가 살짝 들린 커다란 돌을 볼 수 있다.,064-712-6988,제주특별자치도청,2022-12-01
242,따라비오름,오름,관광지,,제주특별자치도 서귀포시 표선면 가시리 산62,33.398807,126.7063341,,,,,,,따라비오름은 3개의 분화구(굼부리)와 6개의 봉우리로 이루어져 있다. 화산이 폭발할 때 분출된 용암은 부드러운 산세를 만들어냈고· 가을이면 오름을 뒤덮은 억새 군락이 장관을 이룬다. 이런 풍경에 취한 사람들은 따라비오름을 ‘오름의 여왕’이라 부르기 시작했다.,064-710-2114,제주특별자치도청,2022-12-01
243,라신동,문화,관광지,,제주특별자치도 제주시 한림읍 귀덕리,33.431879,126.290695,2160,,가족호텔+휴양 호텔,2021-11-21,,,라신동은 서기 1212년 고려희종 7년 귀덕리가 제주에서는 처음으로 석전촌에서 귀덕현으로 개칭되면서 새롭게 탄생한 마을이라 하여 라신동이라 부르게 되었다.,064-712-6988,제주특별자치도청,2022-12-01
244,렛츠런팜 양귀비꽃,기타,관광지,제주특별자치도 제주시 조천읍 남조로 1660,,33.416989,126.681469,,,,,,,제주 렛츠런 팜에서 보여지는 양귀비 꽃의 향연.,064-710-2114,제주특별자치도청,2022-12-01
245,렛츠런팜제주,기타,관광지,제주특별자치도 제주시 조천읍 남조로 1660,,33.416989,126.681469,,,,,,,제주특별자치도 렛츠런팜은 국내 경주마를 육성하고 관리하는 목장이다. 200만㎡가 넘는 면적에 마사와 교배소· 동물병원 등을 갖췄다.,064-710-2114,제주특별자치도청,2022-12-01
246,로봇스퀘어,기타,관광지,제주특별자치도 제주시 구좌읍 해맞이해안로 1032,,33.529167,126.853882,,,,,,,로봇스퀘어는 로봇을 갖고 놀 수 있는 카페이다,064-710-2114,제주특별자치도청,2022-12-01
247,마라도 섬투어,자연,관광지,제주특별자치도 서귀포시 대정읍 마라로 65,,33.117986,126.266333,772,,관광호텔+가족호텔,,,,최남단 마라도 섬투어는 주민이 직접 안내자 겸 해설사가 되어 무인도 시절부터 지금까지 이어진 마라도의 자연과 문화· 역사· 생활사를 들려주는 섬투어 프로그램이다,064-710-2114,제주특별자치도청,2022-12-01
248,마라도(마라해양도립공원),자연,관광지,,,33.118503,126.267368,532.8,화장실(2동),호텔+펜션,,,,한국 최남단의 섬으로 면적 약 9만평· 최장길이 약 1.3km· 모슬포에서 남쪽으로 11km 해상에 위치한다.,064-792-4663,제주특별자치도청,2022-12-01
249,마라도관광쉼터,기타,관광지,,제주특별자치도 서귀포시 대정읍 가파리,33.170018,126.271518,,,,,,,관광객들에게 관광에 대한 정보를 제공하고 관광지 안내를 도와준다. 여행 중 휴식을 취할 수 있다.,064-710-2114,제주특별자치도청,2022-12-01
250,마라도기원정사,문화,관광지,제주특별자치도 서귀포시 대정읍 마라로 87,제주특별자치도 서귀포시 대정읍 가파리 736,33.116036,126.266575,101,공용주차장,펜션+민박,1987-10-12,,200,마라도 기원정사는 대한민국 최남단 사찰이다. 석가모니가 직접 불법을 설파했다는 기원정사의 이름을 가져왔다고 한다.,064-792-8518,제주특별자치도청,2022-12-01
251,마라도등대,자연,관광지,제주특별자치도 서귀포시 대정읍 마라로 165,제주특별자치도 서귀포시 대정읍 가파리 642,33.116988,126.26924,3000,공용화장실,민박+별장,,,,푸른 잔디밭 끝에 걸쳐 바다를 향하고 있는 마라도 등대는 동중국해와 제주도 남부해역을 오가는 선박들이 육지초인표지로 이용하고 있는 우리나라의 ‘희망봉’ 등대이다.,064-792-8507,제주해양수산관리단,2022-12-01
252,마라도성당,자연,관광지,제주특별자치도 서귀포시 대정읍 마라로 153,,33.115681,126.269375,101,,민박+별장,,100,,대한민국 최남단 마라도에 위치한 성당. 단단한 전복껍데기형상 지붕에· 십자가의 유리 천정 빛이 내려 오도록 설계되었다.,070-4210-3200,천주교 제주교구,2022-12-01
253,마방목지,자연,관광지,제주특별자치도 제주시 516로 2480,,33.426903,126.604159,421196,공용주차장,펜션+가족호텔,,,80, 5.16 도로에 있는 제주마방목지는 1986년 이후 천연기념물 347호로 지정 보호되고 있는 제주특별자치도 혈통 조랑말들을 볼 수 있다.,064-712-6988,제주특별자치도청,2022-12-01
254,마복이오름,오름,관광지,,제주특별자치도 서귀포시 안덕면 상천리 산83,33.319382,126.3912479,,,,,,,영아리오름 남서자락에 가로누운 오름으로· 마바람을 많이 받는다 하여 마보기라 부르고 있으며· 하늬보기와 같이 계절풍의 풍향위치에 따른 특성으로 구분되어 이름지어져 있다. 남북으로 두 봉우리가 말등처럼 이어져 기복없는 풀밭오름을 이루고 있다,064-710-2114,제주특별자치도청,2022-12-01
255,마오름(한경면),자연,관광지,,제주특별자치도 제주시 한경면 저지리 산 56,33.338031,126.243814,,,,,,,오름 형체가 말과 닮았다하여 마오름이라 부르고 있다고 하며· 오름의 정확한 어원은 알수가 없고 묘비에 마악·마봉 등으로 표기되어 있다.,064-710-2114,제주특별자치도청,2022-12-01
256,마흐니숲길,자연,관광지,제주특별자치도 서귀포시 남원읍 남조로 973,,33.359013,126.692272,,,펜션,,,,마흐니 숲길은 물영아리 맞은편 탐방로 입구부터 마흐니오름 정상까지 편도 5.3km의 숲길이다.,064-712-6988,제주특별자치도청,2022-12-01
257,막숙,자연,관광지,,,33.237744,126.515844,421,공용주차장,펜션+가족호텔,,,50,막숙은 용천수가 흐르는 곳으로 최영장군이 대규모 정예군을 이끌고 내려와 이곳에 막사를 치고 주둔하며 목호의 무리를 섬멸했다는 것에서 나온 이름이다,064-712-6988,제주특별자치도청,2022-12-01
258,만벵듸 공동장지,문화,관광지,제주특별자치도 제주시 한림읍 갯거리오름길 114,제주특별자치도 제주시 한림읍 금악리 2754,33.372303,126.295903,3049,,민박+펜션,1950-07-07,,,1950년 음력 7월 7일 모슬포 섯알오름 탄약고터에서 집단학살된 민간인들을 매장한 곳으로 만벵듸 공동장지라고 한다,064-712-6988,제주특별자치도청,2022-12-01
259,만세동산,오름,관광지,,,33.539972,126.641671,,,,,,,조천만세동산'은 제주의 3대 항일운동 중 하나인 조천만세운동이 전개되었던 곳이다.,064-710-2114,제주특별자치도청,2022-12-01
260,만장굴,자연,관광지,,,33.529058,126.771412,9307,공용주차장+화장실(4동),펜션,,,100,제주특별자치도 말로 '아주 깊다'는 의미에서 '만쟁이거머리굴'로 불려온 만장굴은 약 10만년전~30만년전에 생성되었다,064-710-7903,세계유산본부,2022-12-01
261,망오름,오름,관광지,,제주특별자치도 서귀포시 표선면 토산리 산13,33.322394,126.7735897,,,,,,,느지리오름은 상명리의 옛 이름인 느지리에서 이름이 유래됐다. 16세기 이후 봉수가 설치되면서 망오름으로 불리기도 한다.,064-710-2114,제주특별자치도청,2022-12-01
262,망장포,자연,관광지,,제주특별자치도 서귀포시 남원읍 하례리,33.342037,126.5884214,,,,,,,망장포는 용암이 흐르던 길이 기암괴석으로 남으며 생겼다. 이곳은 고즈넉하고 소박한 분위기를 풍긴다.,064-710-2114,제주특별자치도청,2022-12-01
263,매오름,오름,관광지,,제주특별자치도 서귀포시 표선면 세화리 산7,33.318663,126.811817,,,,,,,매오름은 마치 매가 날개를 펴고 앉아 있는 형태 닮아 이름이 붙여졌다고 한다. 산 정상에 돌출된 퇴적층의 바위는 멀리서 보면 매의 머리를 닮아 금방이라도 날아오를 듯하다. 천해지역에서 형성된 천해성 수중분화구의 하나로 추측되며· 분화구 내부에 분석구를 가진 이동식화산에 속한다.,064-710-2114,제주특별자치도청,2022-12-01
264,맬튼개갯담,자연,관광지,제주특별자치도 제주시 구좌읍 구좌로 142,제주특별자치도 제주시 구좌읍 하도리 3314-2,33.521876,126.861331,,,,,,,맬튼개는 하도리 굴동에 위치한 갯담으로 문주란섬 가까이에 있으며 자연 빌레를 이용한 이중 갯담으로 지금도 고기가 몰려들고 있는 살아있는 유적이다.,064-710-2114,제주특별자치도청,2022-12-01
265,머체왓숲길,자연,관광지,제주특별자치도 서귀포시 남원읍 서성로 755,,33.324568,126.662772,,,,,,,머체’는 돌이 쌓이고 잡목이 우거진 곳· ‘왓’은 제주어로 ‘밭’을 의미한다. 따라서 머체왓숲길이란 ‘돌과 나무가 한껏 우거진 숲길’이란 뜻이다.,064-710-2114,제주특별자치도청,2022-12-01
266,멍멍플레이스,기타,관광지,제주특별자치도 제주시 애월읍 소길남길 244-5,,33.415997,126.37962,,,,,,,애월에 있는 애견동반 숙소이다,064-710-2114,제주특별자치도청,2022-12-01
267,메이즈랜드,기타,관광지,제주특별자치도 제주시 구좌읍 비자림로 2134-47,,33.467852,126.772418,,,,,,,메이즈 랜드는 바람·물·여자라는 제주도의 삼다를 테마로 조성한 미로공원이다,064-710-2114,제주특별자치도청,2022-12-01
268,명월성지,문화,관광지,,제주특별자치도 제주시 한림읍 명월리 2236,33.400604,126.261488,1300,,가족호텔+관광 펜션,1976-09-09,,60,제주특별자치도 기념물 제 29호. 명월진성은 둘레가 3천 20척· 높이가 8척이었으며· 동쪽과 남쪽 및 서쪽에 각각 성문이 있었다. 성 안에는 수량이 풍부한 샘이 있었고· 건물로는 객사· 별창· 군기고 등이 있었으나 지금은 하나도 남아 있지 않다.,064-710-6704,제주특별자치도청,2022-12-01
269,명월팽나무군락,자연,관광지,,제주특별자치도 제주시 한림읍 명월리 1846,33.388119,126.266441,,,,,,,팽나무는 느릅나무과에 속하는 나무로 우리나라· 일본· 중국에 분포한다. 우리나라의 남부 지방에서는 폭나무· 포구나무 등으로 불린다. 나무가 매우 크게 자라며 옛날부터 풍수지리설에 따라 마을의 기운이 약한 곳을 보태주는 비보림이나 바람을 막아주는 방풍림을 만드는데 많이 심어졌다.,064-710-2114,제주특별자치도청,2022-12-01
270,모구리오름,오름,관광지,제주특별자치도 서귀포시 성산읍 서성일로 260,제주특별자치도 서귀포시 난산리 2960-1,33.405959,126.821694,,,,,,,성산읍에 위치한 모구리오름은 오름 바로 옆에 알과 비슷한 형태의 작은 오름이 있어 마치 어미 오름이 알 오름을 품고 있는 모습과 같다 하여 ‘어미 모 母’ 자를 따서 ‘모구리오름’이라 칭하였다.,064-710-2114,제주특별자치도청,2022-12-01
271,모라이,오름,관광지,제주특별자치도 서귀포시 산록남로,,33.301789,126.509593,,,,,,,모라'가 '모리'로 변하고· '모리'에서 ㄹ이 탈락· '모이 뫼'로 변하여 산을 뜻하는 '뫼'로 남게 됐다는 것이다. 이대로 풀이하면 '모라이' 란 결국 뫼(산)라는 뜻을 나타낸 이름이라는 이야기가 된다.,064-710-2114,제주특별자치도청,2022-12-01
272,모슬봉(모슬개오름),오름,관광지,,제주특별자치도 서귀포시 대정읍 동일리 2081-3,33.240079,126.258172,,,,,,,모슬봉은 서귀포시 대정읍 모슬포 평야지대에 솟아있는 오름으로· ‘모슬개오름’이라고도 부르는데· 모래의 방언인 ‘모살’에 물가나 포구를 뜻하는 ‘개’가 합쳐진 말이다.,064-710-2114,제주특별자치도청,2022-12-01
273,모슬포항,자연,관광지,제주특별자치도 서귀포시 대정읍 신영로36번길 48,제주특별자치도 서귀포시 하모리 1089-35,33.218925,126.248641,,,,,,,제주특별자치도 올레 10코스 종점이자 11코스 시작점인 모슬포항은 제주도 남서부 지역의 대표적인 항구이자 최남단 어업 기지이다.,064-710-2114,제주특별자치도청,2022-12-01
274,모지오름,오름,관광지,,제주특별자치도 서귀포시 표선면 성읍리 산22,33.396389,126.772859,,,,,,,어머니가 아기를 안은 형체라 하여 모지오름이라 부르고 있다.,064-710-2114,제주특별자치도청,2022-12-01
275,모진이몽돌해변,자연,관광지,,,33.935434,126.322764,,,,,,,하추자도에 위치한 모래 없이 몽돌로만 이루어진 해수욕장이다. 몽돌은 제주도 말로 동글동글한 돌을 뜻하는데· 밀려가고 밀려오는 파도에 움직이는 몽돌소리가 주는 특유의 편안함이 있다. 여름에는 해수욕도 가능하다.,064-710-2114,제주특별자치도청,2022-12-01
276,모충사,문화,관광지,제주특별자치도 제주시 사라봉길 75,제주특별자치도 제주시 건입동 426,33.518872,126.544288,90,주차장+화장실,펜션+호텔,1963-03-01,,45,모충사는 사라봉 공원 남쪽기슭에 자리잡고 있다. 제주특별자치도 주민의 성금으로 세워졌다. 사라봉은 제주시 동쪽 건입동에 위치한 봉우리로· 약 1·062.600㎡(321·756평) 의 공원과 함께 산책로도 잘 가꾸어져있어 제주시민들에게 생활 속 휴식을 제공한다. 의병항쟁 기념탑과 순국지사 조봉호 기념탑· 김만덕 할머니 묘탑이 20m높이로 삼각형을 이루며 우뚝 솟아 있다.,064-722-0614,제주특별자치도청,2022-12-01
277,목시물굴,문화,관광지,,제주특별자치도 제주시 조천읍 선흘리 산26번지 일대,33.509708,126.717938,443890,,휴양 펜션+가족펜션,1981-08-26,,,목시물굴은 선흘리 초토화 이후 200명의 주민들이 숨었던 동굴이다. 1948년 11월21일 당시 눈이 내려 군인들은 주민들이 걸어간 발자국을 따라가 주민들을 고문하고 그 자리에서 총살하며 동굴내부로 연기를 피워 주민들을 죽게 했다. 입구는 두 개며 길이는 약 100m 정도 된다. 한쪽 입구는 사람이 누워서 들어가야 할 정도로 좁다. 다른 입구는 비교적으로 넓지만 용암이 흐르다 굳어버린 암석이 바닥을 형성해 울퉁불퉁하고 낮은 형상이며 많은 사람이 오래 머물기에는 부적절하다.,064-712-6988,제주특별자치도청,2022-12-01
278,목장카페 드르쿰다,기타,관광지,제주특별자치도 서귀포시 표선면 번영로 2454,제주특별자치도 서귀포시 성읍리 2873,33.409135,126.770148,,,,,,,목장카페 드르쿰다는 동물 먹이주기와 승마· 카트· 이색 자전거 체험까지 즐길 거리가 많다. 번영로 대로변에 위치해 찾기 쉽고· 편안한 카페와 체험장이 한 공간에 있어 이용하기 편하다. 카페 전망창 너머로는 푸른 들판이 펼쳐져 탁 트인 경치를 보기 좋다.,064-710-2114,제주특별자치도청,2022-12-01
279,묘산봉(괴살매),자연,관광지,,제주특별자치도 제주시 구좌읍 김녕리 2723,33.542702,126.744524,,,,,,,묘산봉은 구좌읍 서김녕리 일주도로 남쪽 약 1km지점에 위치한다. 북동쪽 동김녕리 소재의 입산봉(笠山峰)과 서로 이웃해 있다. 김녕지서 서쪽으로 농로가 오름자락까지 시멘트포장길이 나 있다. 일주도로에서 보면 등성이가 고양이 등같이 구부러져 있고· 반대쪽인 남쪽(한라산방향)을 향해 화구가 벌어진 말굽형 화산체이다. ‘괴살메’라고 불리는 이유는 고양이가 누워있는 모양을 닮았기 때문이다. 혹은 고양이가 살았다고 하여 그렇게 부르기도 한다.,064-710-2114,제주특별자치도청,2022-12-01
280,무등이왓터,문화,관광지,제주특별자치도 서귀포시 안덕면 신화역사로586번길 21-7,제주특별자치도 서귀포시 안덕면 동광리 233-1,33.309482,126.352496,236,공용주차장,가족호텔+펜션,1981-08-26,,10,1948년 11월· 약 130여 가구가 빼곡하게 들어선 작은 마을인 동광리의 ‘무등이왓 마을’에 잔인한 학살이 시작되었다. 그 해11월 21일· 마을이 모두 불타버렸고 100여 명의 희생자가 발생했다. 마을 지형이 춤 추는 어린이를 닮았다고 하여 ‘무등이왓’ 이라 이름 붙여졌다. 현재 옛 터만 남아있으며· 4ㆍ3사건의 유적지로 남아있다.,064-712-6988,제주특별자치도청,2022-12-01
281,무릉곶자왈,자연,관광지,,제주특별자치도 서귀포시 대정읍 무릉리 산1,33.270264,126.20042,,,,,,,‘곶’은 숲을 뜻하고 ‘자왈’은 ‘덤불’을 뜻한다. 곶자왈은 화산에서 분출된 용암으로 생겨난 바위 덩어리들이 요철 지형을 만들면서 형성된 숲이다. 이곳 주변에는 청수곶자왈· 저지곶자왈· 오설록티뮤지엄 등이 있다. 제주올레 코스를 따라가다 보면 만날 수 있다. 숲이 우거지고· 바닥에는 다양한 바위와 나무덩굴이 엉켜있어 어두워지기 시작하면 위험할 수 있다. 아침과 낮 사이에 탐방을 권고한다. 또 걷기 편한 복장을 입고 오는 것이 좋다. 자연 그대로를 간직한 제주도만의 독특한 숲인 곶자왈에서 맑은 공기와 함께 자연의 아름다움을 생생하게 느낄 수 있다.,064-710-2114,제주특별자치도청,2022-12-01
282,무릉도원마을,기타,관광지,,제주특별자치도 서귀포시 대정읍 무릉리,33.270264,126.20042,,,,,,,무릉도원 마을은 제주특별자치도 대정읍 무릉리에서 운영하는 농촌 체험 정보화 마을이다. 2009년 3월부터 운영했으며 농촌관광코스 10에 선정될 만큼 자연이 잘 보존되었다. 드넓은 평야를 이루어 쾌적함과 산뜻함을 선사한다. 아이들이 농가에 숙박하며 농촌체험을 할 수 있는 프로그램이 있다.,064-710-2114,제주특별자치도청,2022-12-01
283,무릉자전거도로(환상자전거길 3구간),기타,관광지,,제주특별자치도 제주시 한경면 판포리 1605-1,33.342037,126.588421,,,,,,,환상자전거길 3구간은 해거름마을공원에서부터 송악산까지 이어진다. 이 구간에는 제주특별자치도 소규모 어항 중에 사람들이 가장 많이 찾는 판포포구· 해상풍차가 있다. 또 아름다운 신창풍차해안도로·· 제주특별자치도 대표 일몰 명소 수월봉· 차귀도· 대정오일시장이 있다. 마지막으로 고즈넉한 여유를 가진 송악산까지 다양한 제주의 아름다움을 만나고 즐길 수 있다.,064-710-2114,제주특별자치도청,2022-12-01
284,무민랜드,기타,관광지,제주특별자치도 서귀포시 안덕면 병악로 420,제주특별자치도 서귀포시 상천리 470-6,33.296828,126.372395,,,,,,,핀란드 국민작가 토베 안손의 무민 트롤은 75년이 넘도록 많은 사랑을 받고 있다. 국내 최초 제주도에 무민 하우스를 전시한다. 미디어 아트· 목공 아트 체험· 무민카페· 무민 기프트숍· 무민 정원을 운영한다. 무민 이야기가 예술로 살아 숨쉬는 감성 공간이다.,064-710-2114,제주특별자치도청,2022-12-01
285,무비랜드왁스뮤지엄,기타,관광지,제주특별자치도 서귀포시 중문관광로 205,제주특별자치도 서귀포시 중문동 2565,33.248795,126.419885,,,,,,,‘무비랜드 왁스 뮤지엄 제주’는 1962년 여름 미국 캘리포니아주 브에나파크에 문을 연 미국 최초&최대의 밀랍 박물관 'Movieland Wax Museum'을 제주도로 영구 이전하여 개관했다. 할리우드의 반백 년 역사를 고이 간직한 세계의 문화사적 유물· 영화 '벤허'· '닥터 지바고'에 출연한 박제된 말 6필과 소품· 의상 등 세계 최정상급 밀랍 장인들이 수년에 걸쳐 만든 작품들을 관람할 수 있다. 세계의 단 하나뿐인 밀랍 박물관이다.,064-710-2114,제주특별자치도청,2022-12-01
286,무수천,자연,관광지,,제주특별자치도 제주시 애월읍 광령리,33.370172,126.48197,,,,,,,복잡한 인간사의 근심을 없애준다 하여 ‘무수천’이라 불린다. 줄줄이 놓인 계단을 내려가면 시야에 꽉 차는 무수천을 만날 수 있다. 한라산 어승생악의 물줄기가 흘러 무수내를 이루고 있다. 무수내는 외대천으로 흘러가면서 기암절벽과 마주쳐 작은 폭포와 맑은 호수를 이룬다. 해골을 닮은 ‘해골 바위’ 등 기묘한 형상의 여러 바위가 눈길을 끈다. 시내 가까이에 있어 소풍이나 가족나들이에 적당하다.,064-710-2114,제주특별자치도청,2022-12-01
287,묵리마을,기타,관광지,,,33.948649,126.314295,,,,,,,상추자와 하추자를 경계로 하는 ‘추자교’를 지나면 하추자의 조용하면서 평화로운 전통 어촌마을인 ‘묵리마을’이 나온다. 마을 전체가 산에 둘러싸여 다른 마을에 비하면 해돋이가 다소 늦다. 그래서 낮의 길이가 짧아져 '묵리'라 불린다. 또한· 묵리마을은 화재 없는 안전마을로 지정되었다.,064-710-2114,제주특별자치도청,2022-12-01
288,묵리처녀당,문화,관광지,,제주특별자치도 제주시 추자면 묵리 229-1,33.943169,126.314468,302,,가족민박+펜션,,100,,90년전 제주에서 물질하러 추자도에 온 잠녀들 중 어머니를 따라온 처녀(애기업개-애기를 돌봐줄 사람)가 있었다. 그런데 사고로 당이 있는 높은 벼랑에서 바다로 떨어져 죽었다. 마을사람들의 꿈에 처녀가 나타나 한 자리에 앉아 꿈쩍하지도 않았다. 쳐녀의 원혼을 달래주기 위해 마을사람들은 그곳에 묵리처녀당을 세워 매년 2월 초하룻 제관을 정하여 당제를 지내기 시작했다. 당제가 끝나면 당의 오른쪽 바닷가 바위에서 해신제를 지낸다고 한다.,064-712-6988,제주특별자치도청,2022-12-01
289,묵리해안쉼터,자연,관광지,,,33.944927,126.312162,,,,,,,처녀당으로도 불리는 이 곳은 오랜 옛날 제주에서 해녀들이 물질을 왔을 때 어린애를 돌봐줄 처녀를 같이 데리고 왔는데 사고로 죽게 되면서 묵리 마을에서는 그 죽은 처녀의 원혼을 달래주기 위하여 당을 지었다. 매년 음력 2월 초 하룻날 제관을 정하여 당제를 지낸다. 해안가에 위치했으며 이 곳에서 보는 묵리 마을의 경치가 좋다.,064-710-2114,제주특별자치도청,2022-12-01
290,묵리해안포구,자연,관광지,,,33.945693,126.312995,,,,,,,상추자와 하추자를 경계로 하는 추자교를 지나면 하추자 의 조용하면서 평화로운 전통 어촌마을인 묵리마을을 갈 수 있다. 마을의 전·후가 산에 둘러싸여있어 해돋이가 다른 마을에 비하면 다소 늦음에 따라 낮의 길이가 짧아 '묵리'라 불린다. 묵리방파제에서는 낚시를 즐길 수 있으며· 해산물인 소라도 맛볼 수 있다. 작은포구인만큼 배가 많이 드나들지는 못한다.,064-710-2114,제주특별자치도청,2022-12-01
291,문도지오름(문돗지),오름,관광지,,제주특별자치도 제주시 한림읍 금악리,33.352994,126.313941,,,,,,,‘문도지’란 이름은 죽은 돼지의 형상에서 비롯되었다. 산등성이가 완만하고 매끈하다. 동쪽으로 열린 말굽형의 모습이며 산정은 네 방향으로 다채로운 경관을 품고 있다. 뒤편으로 한라산이 온전히 보이며 금악이오름을 시점으로 신창 풍차와 당산봉· 좌측으로 산방산까지 이어지는 제주의 서남부 권역이 드넓게 펼쳐진다.,064-710-2114,제주특별자치도청,2022-12-01
292,문석이오름,오름,관광지,,,33.446911,126.795637,,,,,,,‘문석이오름’은 구좌읍 송당리의 높은오름과 거미오름 사이에 남북 쪽으로 가로누워 있다. ‘문석이악’이라고도 부르며· 이름의 정확한 유래는 밝혀진 바가 없다. 산등성이가 동서 방향으로 완만하고· 서남 및 동북 방향으로 벌어진 2개의 말발굽형 화구가 있는 복합형 화산체이다. 동쪽 기슭에는 예로부터 심한 가뭄이 들어도 절대 마르지 않았다는 ‘미나리 못’이 있다. 위쪽은 억새와 풀로 덮여 있고 아래쪽은 삼나무가 우거졌다. 높이가 낮아 5~10분만에 정상까지 오를 수 있다. 그래서 주변 오름과 함께 오르거나· 아이들을 동반하여 오르기 좋다. 다른 오름과 달리 정상이 평평하다. 바람이 불면 초록 물결이 넘실거리는 모습을 볼 수 있다.,064-710-2114,제주특별자치도청,2022-12-01
293,문섬(서귀포해양도립공원),자연,관광지,,제주특별자치도 서귀포시 서귀동,33.247141,126.564055,,,,,,,서귀포항 남쪽 1.3㎞에 위치한다. 문섬에는 서귀포항의 관문으로 등대가 있으며· 도지정 문화재기념물로 보호되고 있는 무인도다. 이 이름이 붙여진 사연도 어느 섬 못지 않게 재미있다. 옛날부터 모기가 많아 ‘모기 문’자를 써서 문섬이라 불렀다는 얘기가 있다. 또 다른 전설에 의하면 옛날 어느 사냥꾼이 한라산에서 실수로 활집으로 옥황상제의 배를 건드렸다 한다. 크게 노한 옥황상제가 한라산 봉우리를 뽑아 집어 던졌는데 그것이 흩어져서 서귀포 앞바다의 문섬과 범섬이 되었고 뽑힌 자리가 백록담이 되었다는 이야기가 내려온다.,064-710-2114,제주특별자치도청,2022-12-01
294,문화공간 양,예술,관광지,제주특별자치도 제주시 거로남6길 13,제주특별자치도 제주시 화북이동 34861,33.50925,126.561874,363,화장실,관광호텔+가족호텔,,79,,제주도 사투리에는 말을 걸 때 '양'을 사용한다. 문화공간 ‘양’은 예술로 사회에 말을 건다는 의미가 있다. 관장이 본인의 외갓집을 조금씩 다듬어 만들었다고 한다. 안거리· 밖거리· 우영밭· 통시 등 제주특별자치도 전통 가옥의 형태를 그대로 유지하면서· 전시실· 강의실 등 다양한 문화를 접할 수 있는 공간으로 변모했다. 안거리에는 고지도· 오래된 가구와 물품들을 간직하고 있어· 거로마을의 옛 모습을 살펴볼 수 있다., 064-755-2018,제주특별자치도청,2022-12-01
295,문화빳데리 충전소,예술,관광지,제주특별자치도 서귀포시 중정로 76,제주특별자치도 서귀포시 서귀동 4053 (지하),33.24793,126.564582,377,화장실,펜션+가족호텔,,82,,문화빳데리 충전소는 서귀포 예술의 전당과 함께 서귀포 문화예술공간으로 활용된다. 퍼포먼스 아트를 중심으로 다양한 예술 장르와 융합해 실험적인 예술 활동과 창작공연예술을 선보인다. 실험예술제를 매회 개최하여 실험예술의 대중화를 위한 다양한 프로젝트를 기획하고 시행하고 있다., 064-738-5855,제주특별자치도청,2022-12-01
296,물메(물미·수산봉),자연,관광지,,제주특별자치도 제주시 애월읍 수산리 산1-1,33.473759,126.384683,,,,,,,물메(물미· 수산봉)은 동그란 형태의 분화구를 지니고 정상에 물이 고여 작은 연못이 있다. 둘레길을 따라 걷다 보면 ‘곰솔’이라는 400년 이상 된 나무를 볼 수 있다. 천연기념물로 지정되어 있는 보호수라 한다.,064-710-2114,제주특별자치도청,2022-12-01
297,물영아리오름,오름,관광지,,제주특별자치도 서귀포시 남원읍 수망리 산188,33.36806,126.692221,,,,,,,물영아리오름은 분화구에 물이 고인 습지를 품고 있다. 수망리의 ‘중잣성 생태 탐방로’와 연결된다. ‘잣성’은 제주도 전통 목축 문화 유물로 목초지에 쌓아 올린 경계용 돌담을 뜻한다. 목장 둘레를 따라 반 바퀴를 돌고 나면 본격적인 탐방이 시작이 된다. 오름 정산에는 습지 퇴적층으로 다양한 동식물이 서식한다. 멸종 위기종이 있어 보존 가치가 매우 높다. 2006년 람사르 습지로 지정되었다.,064-710-2114,제주특별자치도청,2022-12-01
298,물오름,오름,관광지,,,33.427618,126.66658,,,,,,,해발 838.6m· 높이 114m· 둘레 2·494m· 면적은 36만 4856㎡이다. 제주시 조천읍과 서귀포시 남원읍 경계에 있으며 한라산국립공원에 속한다. 비행기 항로 유도를 위한 항공무선표지소가 있어 민간인통행 금지구역이다.,064-710-2114,제주특별자치도청,2022-12-01
299,물장오리,오름,관광지,,,33.400714,126.604737,,,,,,,‘물장오리’는 ‘물장오름’이라고도 하며· 한라산국립공원 안에 있다. 해발 900~937m에 있는 산정 화구호(火口湖)로서 제주도 형성과 관련된 설문대할망이 빠져 죽은 곳이라는 전설이 있다. 예로부터 인근 주민에게 식수를 공급하는 데 중요한 역할을 하였으며· 가뭄이 들었을 때 도민들이 이곳에서 기우제를 지내기도 하였다.,064-710-2114,제주특별자치도청,2022-12-01
300,물찻오름,오름,관광지,제주특별자치도 제주시 조천읍 교래길,,33.427618,126.66658,,,,,,,교래리와 남원· 표선 3개 읍면의 경계선이 마주치는 곳에 위치했다. 오름의 북서쪽 사면은 골이 패여 있으며· 언덕 사이에 대형 화산탄이 널려 있다. 산 위의 분화구는 바깥 둘레 1·000m가량의 깔때기 형으로 못이 움푹 들어앉아 있다. 제주의 기생 화산 중 몇 안 되는 ‘산정화구호’는 물이 연중 넘실거린다. 물잣오름 또는 물찻오름은 옛 기록과 같이 정상의 굼부리에 물이 있고· 돌이 잣과 같이 쌓여 있기 때문에 이름 붙여졌다. 또는 산봉우리가 낭떠러지를 이루고 있다 해서 붙인 이름으로 보인다.,064-710-2114,제주특별자치도청,2022-12-01
301,미악산(턥오름·쌀오름·솔오름),오름,관광지,제주특별자치도 서귀포시 인정오름로 387-63,제주특별자치도 서귀포시 동홍동 산7-1,33.300763,126.554343,,,,,,,서귀포시 뒷쪽으로 한라산 중턱에서 동홍동과 토평동에 걸쳐져 있는 큰 기생화산체다. 남동사면으로 말굽형 화구를 이룬다. 전사면으로 해송과 삼나무가 있고· 북동사면 일부에 상록수가 숲을 이룬다. 미악산 북쪽 해발 약 700m 지대부터 난대림이 있는데· 우리나라 유일의 극상 상태인 보유림으로 알려져 있다.,064-710-2114,제주특별자치도청,2022-12-01
302,미천굴,자연,관광지,제주특별자치도 서귀포시 성산읍 중산간동로 4150-30,제주특별자치도 서귀포시 삼달리 1010,33.382276,126.84183,,,,,,,미천동굴은 규모가 큰 동굴과 웅장한 너리보 유명하다. 길이는 1·700m에 달하는 거대한 동굴이다. 동굴 안에서는 불규칙한 블록· 용암석순 등을 볼 수 있으며 문화·학술·관광 등 다양한 즐거움을 경험할 수 있다. 비가 그치고 동굴이 고요함에 젖었을 때 동굴의 물이 흐르고 떨어지는 소리는 지하 동굴에 대한 신비감을 느끼게 한다. 동굴 안에 있는 동안은 바깥의 더운 여름을 잊을 만큼 충분히 춥다.,064-710-2114,제주특별자치도청,2022-12-01
303,민속자연사박물관,문화,관광지,제주특별자치도 제주시 삼성로 40,제주특별자치도 제주시 일도이동 996-1,33.506485,126.53184,49500,공용주차장+화장실(7동)+흡연구역+음료대+안내시설+피난시설+임산부 휴게시설,가족호텔+펜션,1985-05-24,20000,58,제주민속자연사박물관은 제주특별자치도 사람들이 오랜 세월 지켜온 전통문화와 자연 환경을 이해할 수 있는 기회를 마련한다. 볼거리가 많고 내용이 알차서 관람 시간을 넉넉히 잡는 것이 좋다. 제주특별자치도 신화의 발상지인 '삼성혈'과 함께 둘러보면 편하다. 제주상징관과 자연사전시실· 민속전시실· 바다전시관 등으로 나뉘어져 있다. 박물관 입구에서 바로 이어진 제주상징관에서 제주의 탄생과 여러 설화에 대해 알아볼 수 있다.,064-710-7708,제주특별자치도청,2022-12-01
304,민속해안로,자연,관광지,제주특별자치도 서귀포시 표선면 일주동로 6228,,33.318211,126.810168,,,,,,,세화와 표선을 연결하며· 제주민속촌과 인접한 길이기 때문에 '민속해안로'라 부른다. 자전거 길이 마련되어 있어 자전거를 타고 주변 경치를 즐길 수 있다. 휠체어도 다닐 수 있기에 모두 제주의 풍광을 즐길 수 있다. 다른 관광지와는 다르게 카페나 편의 시설이 모여 있지는 않지만· 여유를 가지고 등대나 파도 등을 바라보며 도로를 거닐 수 있다. 해안도로 끝에는 표선 해비치해변· 제주민속촌 등이 있다.,064-710-2114,제주특별자치도청,2022-12-01
305,민악,오름,관광지,,제주특별자치도 제주시 구좌읍 송당리 산155,33.4445,126.7618,412245,,,,,,민오름은 마흐니숲길에서 시작하며 초행길에도 길찾기가 어렵지 않다. 민오름 북쪽 기슭을 보면 한라산 둘레길 표지판이 있고· 그곳은 사려니숲코스다. 민오름은 1970년대 이후 산림녹화사업으로 인해 유명무실한 오름이 되어버렸다. 이와 같이 제주도에는 과거와 달리 이름만 남고 실체가 없는 오름이 많다.,064-710-2114,제주특별자치도청,2022-12-01
306,민오름(구좌읍),오름,관광지,제주특별자치도 제주시 구좌읍 비자림로 1456,,33.467852,126.772418,,,,,,,민오름(구좌읍)의 동북사면에는 낙엽수와 상록교목의 자연림을 이룬다. 동백나무· 생달나무· 식나무 등이 자라며 바닥에는 복수초도 자라고 있다. 나머지 정상부는 군데군데 잡목이 식생한다. 민오름이라는 명칭은 모양이 동긋하고 나무가 없어 매끈한 '민동산'이라는 데서 붙여졌다.,064-710-2114,제주특별자치도청,2022-12-01
307,민오름(봉개동),자연,관광지,,제주특별자치도 제주시 봉개동,33.491405,126.594943,,,,,,,봉개동 민오름은 북동쪽으로 터진 말굽형 화구를 가진다. 말굽형 화구 침식부는 형태가 잘 보존되어 혀 내민 모양을 하고 있다. 말굽형 화구 안에는 수풀이 우거지고· 오름 전사면은 울창한 자연림을 이룬다. 오름에 나무가 없기에 '민오름'이라고 부르는 견해가 있으나 현재는 자연림이 빽빽이 차 있다.,064-710-2114,제주특별자치도청,2022-12-01
308,민오름(오라동),오름,관광지,,제주특별자치도 제주시 오라이동 산 28-1,33.475227,126.507253,,,,,,,오라동 민오름은 제주도 오름 중 가장 쉽게 접할 수 있다. 약 117m로 경사가 그리 높지 않으며· 바닥이 나무테크로 되어있어 성인 걸음으로 약23분 정도면 정상에 도달할 수 있다. 이 때문에 주민 산책로로 이용되고 있다. 또 민오름 중턱 부근에 둘레 숲길이 있는데· 민오름을 더욱 알차게 경험할 수 있어 좋다.,064-710-2114,제주특별자치도청,2022-12-01
309,민오름(조천읍),오름,관광지,,제주특별자치도 제주시 조천읍 선흘리 산 141,33.447849,126.691904,,,,,,,민오름(조천읍) 위에서 조망하는 오름들의 파노라마는 장관이다. 남동사면으로 삼나무와 해송이 조림되어 있고· 북사면은 낙엽수림이 울창하고· 오름 기슭에는 상수리나무가 군락을 이룬다. 중턱 위로는 억새가 무성하여 멀리서 보면 잔디밭이 드러난 곳은 찾아보기 힘들다. 정상부에는 쥐똥나무· 측백나무· 서남쪽에는 청미래덩굴이 우거져 있다.,064-710-2114,제주특별자치도청,2022-12-01
310,바늘오름(바농오름),오름,관광지,,,33.427618,126.66658,,,,,,,가시덤불이 가득하지만 바늘오름은 매력이 넘친다. 교래리에 위치하며 주변에 가시덤불이 많아 '바늘 오름' 또는 제주특별자치도 사투리로 바늘을 이르는 '바농 오름'이라고도 한다. 삼나무로 뒤덮여 있는 말굽 모양을 가진다. 오름이 가파르고 길이 울퉁불퉁해 오르기 힘들지만· 약 20분이면 정상에 도착할 수 있다. 정상에는 억새가 가득하다. 날이 좋을 때에는 한라산의 모습이 아주 가깝게 보이기도 한다.,064-710-2114,제주특별자치도청,2022-12-01
311,바당미술관,예술,관광지,제주특별자치도 서귀포시 대정읍 노을해안로 96,제주특별자치도 서귀포시 대정읍 일과리 19244,33.243894,126.218783,581,공용주차장+화장실,게스트하우스+펜션,,126,6,모슬포 무릉리에 위치한 바당 미술관은 전업작가의 많은 작품이 상설 전시되어 있다. 향기로운 원두커피를 즐기며 감상할 수 있다. 올레코스에 포함되지 않아 올레꾼에게 잘 알려지지 않았지만 해안도로에 위치해 아주 매력적이다.,064-710-2114,제주특별자치도청,2022-12-01
312,바람모루,자연,관광지,제주특별자치도 서귀포시 서호남로 19-42,제주특별자치도 서귀포시 서호동 1601,33.254121,126.560076,,,,,,,바람모루 공원은 제주특별자치도 혁신도시 입구부터 고근산까지 산책길이 조성돼 있다. 공원 내 노인복지관· 강당· 식당· 상담실· 건강증진실 등이 갖춰져 있다. 만 60세 이상 시민이라면 누구든 이용 가능하다. 야외 무대도 마련되어 문화 생활도 가능하다. 이곳에서 삼나무 방풍림과 돌담· 감귤밭 등 제주의 향기가 묻어 나는 풍경들을 눈에 담을 수 있다. 바다 멀리 범섬이 떠있기도 하다.,064-710-2114,제주특별자치도청,2022-12-01
313,바이나흐튼 크리스마스 박물관,기타,관광지,제주특별자치도 서귀포시 안덕면 평화로 654,제주특별자치도 서귀포시 서광리 456,33.319598,126.342428,,,,,,,바이나흐튼 크리스마스 박물관은 서귀포시 안덕면에 위치한다. 부부가 여행하며 모은 크리스마스 장식과 관련 물품이 전시되어 있다. '바이나흐튼'은 독일어로 크리스마스를 뜻한다. 독일의 크리스마스 건축물을 참고해 만들어 현지 느낌이 물씬 난다. 오후 1시와 4시에 부부가 직접 도슨트 역할을 수행하여 전세계의 크리스마스 이야기· 역사 등을 알려준다. 크리스마스에 대한 재미있는 이야기들· 아기자기하고 아름다운 장식을 이곳에서 만날 수 있다. 또한 전세계에서 공수해온 크리스마스 상품을 직접 구매할 수 있다.,064-710-2114,제주특별자치도청,2022-12-01
314,박물관은 살아있다,기타,관광지,제주특별자치도 서귀포시 중문관광로 42,제주특별자치도 서귀포시 색달동 2629,33.248795,126.419885,,,,,,,박물관은 살아있다'는 국내 최초로 착시미술을 도입하여 미디어· 오브제 아트 등 다양한 영역을 접목시켜 탄생한 신개념 놀이*체험 전시관이다. 관객의 자연스러운 리액션을 이끌어 내는 유쾌한 작품들로 국내와 해외에서 많은 사랑을 받고 있다. 트릭아트· 디지털아트· 오브제아트· 스컬쳐아트· 프로방스아트 등 다섯 개의 착시체험 테마로 이루어져 있다. 테마 속에 직접 들어가 이야기의 주인공이 되고· 작품 속에서 재미있는 포즈로사진을 찍을 수 있다.,064-710-2114,제주특별자치도청,2022-12-01
315,박성내,문화,관광지,제주특별자치도 제주시 기자길 5,제주특별자치도 제주시 아라이동 1370-6,33.484948,126.54423,526,,가족호텔+펜션,,200,,박성내'는 1948년 12월 21일· 조천면 관내 청년 100여 명이 집단학살 당한 곳이다. 진압군은 주민을 모아놓고 “조금이라도 잘못한 사람은 자수하라. 자수하면 살려주겠지만 나중에 발각되면 총살을 면하지 못한다. 이미 ‘관련자 명단’을 가지고 있다.”고 협박했다. 자수를 권한다는 것이 ‘관련자 명단’이 없다는 것을 반증하지만· 겁에 질린 많은 주민이 자수했다. 주로 해방 직후 건국준비위원회나 인민위원회에서의 활동했다든가· 무장대가 마을을 장악하고 있을 때 그들의 요구에 따라 시위에 참여하거나 식량 등을 준 사실을 자수했다.,064-712-6988,제주특별자치도청,2022-12-01
316,박수기정,자연,관광지,,제주특별자치도 서귀포시 안덕면 감산리 1008,33.236637,126.359288,,,,,,,대평리에 위치한 박수기정은 중문의 주상절리나 애월 해안도로의 해안 절벽과 같이 멋진 풍경을 지닌다. 샘물을 뜻하는 '박수'와 절벽을 뜻하는 '기정'이 합쳐져 '마실 수 있는 깨끗한 샘물이 솟아나는 절벽'이라는 의미를 가진다. 박수기정의 윗길로 제주특별자치도 올레 9코스가 시작된다. 소나무가 무성한 산길을 오르면 소녀 등대가 서 있는 대평포구가 한눈에 보인다. 박수기정 위쪽 평야지대에서는 밭농사가 이뤄진다.,064-710-2114,제주특별자치도청,2022-12-01
317,발이오름,오름,관광지,,,33.398812,126.386435,,,,,,,박수기정의 절벽을 한눈에 보려면 대평포구 근처에서 보는 것이 좋다. 수직으로 꺾인 벼랑의 높이는 약 100m에 이른다. 인근에 박수기정과 바다를 함께 볼 수 있는 카페가 여럿 있어· 해질 무렵의 박수기정을 바라보면 특히 좋다.,064-710-2114,제주특별자치도청,2022-12-01
318,발자국화석공원,문화,관광지,제주특별자치도 서귀포시 대정읍 형제해안로 192,제주특별자치도 서귀포시 대정읍 상모리 626-1,33.217275,126.292979,124700,,펜션+게스트하우스,2005-09-08,5000,,2005년 9월 8일 천연기념물 제464호로 지정된 발자국화석공원은 서귀포시 대정읍 남동쪽에 위치한 상모리 해안에서 안덕면 사계리 해안에 걸쳐 분포한다. 사람· 사슴· 새· 코끼리 등 발자국 화석과 식물 화석이 중기 구석기시대에 생성되었다고 추정된다. 2004년 사계-송악 해안도로 일대에서 발견되었다. 아시아 지역에서 유일하다고 알려지는 이곳의 인류 발자국 화석은 구분이 뚜렷해 학술적 가치가 크다. 왼쪽으로 산방산· 오른쪽으로 형제섬이 보이는 제주올레 10코스 중간지점에 위치한다.,064-710-6804,제주특별자치도 서귀포시,2022-12-01
319,밧돌오름,오름,관광지,,,33.460294,126.76204,,,,,,,밧돌오름은 안돌오름과 연결되어 있다. 웃송당에서 오름 앞까지 농로가 개설되어 쉽게 오를 수 있다. 안돌오름에 비해 바깥쪽으로 나앉아 있어서 밧돌오름(外石岳)이라 부르고 있다. 동쪽· 서쪽 봉우리에 바윗돌이 박혀 있고· 양쪽 봉우리 사이 말굽형 화구가 있다. 화구 상단에 '돌오름물'이라고 부르는 샘이 있다.,064-710-2114,제주특별자치도청,2022-12-01
320,방림원,기타,관광지,제주특별자치도 제주시 한경면 용금로 864,,33.337071,126.268779,,,,,,,방림원에서는 야생화를 계절과 관계 없이 한눈에 볼 수 있다. 한 여인이 전세계를 돌아다니며 30년간 수집한 야생화가 전시된 국내 최초 세계 야생화 전시관이자 테마그린파크다. 실내전시관· 야외정원· 동굴· 형제폭포· 방림굴 등 다양한 볼거리가 있으며 약 3천여종의 각양각색의 살아있는 야생화들의 소박한 매력을 느낄 수 있다.,064-710-2114,제주특별자치도청,2022-12-01
321,방선문,자연,관광지,,,33.471552,126.502223,,,,,,,한천계곡 한 가운데 큰 바위를 두고 '신선이 방문하는 문' 이라며 방선문(訪仙門) 이라 불렀다. 신선이 사는 곳의 입구이니 그 경관의 빼어남은 두말 할 나위 없다. 영주 12경 중 하나인 영구춘화(瀛邱春花)의 현장이 바로 이곳이다. 제주참꽃이라 불리는 철쭉꽃이 절벽을 붉게 물들이고 또한 물에 비쳐 계곡 전체가 붉은 꽃으로 덮이면 감탄이 절로 나온다. 신선세계와 인간세계의 경계선인 셈이다.,064-710-2114,제주특별자치도청,2022-12-01
322,방선문 축제,문화,관광지,,제주특별자치도 제주시 오라이동 391,33.454261,126.516918,24606,공중화장실,호텔+펜션,,5349,,유서 깊은 명승지의 의미를 기리고자 매해 봄 방선문 축제가 열린다. 프로그램 구성부터 문화와 예술에 중점을 뒀다는 점에서 특별하다. 전통제례식· 문화백일장· 예술단공연· 전통문화체험 등 주요 행사와 방선문 장원급제· 신선님 전상서· 신선과 함께 마시는 차· 신선밥상 등 부대 행사가 준비됐다.,064-728-4802,제주특별자치도청,2022-12-01
323,방일리공원,기타,관광지,,,33.483098,126.477231,,,,,,,쾌적한 도시환경을 형성하고 건전한 문화생활 공간의 확보와 공공의 복리 증진을 위하여 조성한 공원입니다. 제주의 대학생이 일본군 '위안부'문제 해결의 새 새대로서 이 문제가 해결되고 전쟁 없는 평화가 오는 그 날까지 역사를 기억하고 함께 행동하기 위해 평화 시민의 도움을 받아 평화비와 소녀상을 세웠습니다.,064-710-2114,제주특별자치도청,2022-12-01
324,방주교회,기타,관광지,제주특별자치도 서귀포시 안덕면 산록남로762번길 113,제주특별자치도 서귀포시 상천리 427,33.305073,126.387664,,,,,,,세계적인 건축가 이타미준이 노아의 방주를 모티브로 설계했다. 인공 수조를 조성해 건물이 물 위에 떠있는 듯한 느낌을 준다. 잔디밭과 하늘과 잘 어울려 건축물과 자연의 조화로움을 뽐낸다. 사진 촬영 명소로 알려져 많은 사람들이 찾지만· 종교적인 장소이니 주의가 필요하다.,064-710-2114,제주특별자치도청,2022-12-01
325,배령연대,문화,관광지,,제주특별자치도 제주시 한림읍 금능리 1649,33.387966,126.223758,52.5,,펜션+민박,1996-07-18,30,,1996년 배령연대의 평면은 기존 방형의 평면과 다르게 원형의 평면을 하고 있었다. 처음 보면 연대가 허물어진 것처럼 보이는데· 방형의 지대석이 보이지 않고· 연대를 축조한 돌이 대체로 작은 것으로 보아 원형에 가까운 것으로 생각된다.,064-728-2731,제주특별자치도청,2022-12-01
326,백록담,자연,관광지,,제주특별자치도 서귀포시 토평동 산15-1,33.346832,126.536454,,,,,,,백록담은 순상화산의 원지형이 잘 보존된 국내 가장 높은 산정화구호다. 세계생물권보존지역 · 세계자연유산 · 세계지질공원으로 선정 되었다. 남북길이 약 400m· 동서길이 600m· 둘레 1720m· 표고 1841.7m· 깊이 108m의 타원형 분화구다. 한라산 정상에 위치하고 있는 만큼 남한에서 가장 높은 산정화구호다. 거의 침식 받지 않아 순상 화산의 원지형이 잘 보존되어 학술 가치가 크다. 또 한겨울 쌓인 눈이 여름철까지 남아 있어 '녹담만설'이라는 영주 12경 중의 하나로 자연 경관적 가치가 매우 뛰어나다. 계절에 따라 입산을 통제하며· 일몰 전 하산이 완료되어야 하므로 방문 시 사전에 확인 하는 것이 좋다.,064-710-2114,제주특별자치도청,2022-12-01
327,백약이오름,오름,관광지,,제주특별자치도 서귀포시 표선면 성읍리 산1,33.437281,126.790175,,,,,,,백약이오름은 동부산업도로를 40분 정도 달려 성읍2리 성읍목장 입구에 이르면 도착한다. 목장 안으로 들어 서면 좌측에 개오름이 있고· 사거리 좌측으로 곧게 뻗은 시멘트 포장길을 따라 들어가면 길이 끊기면서 목부들의 쉼터인 독립 가옥에 이르게 된다. 그 집 너머의 오름이 백약이오름이다. 방목 소들의 음수대 옆으로 30분 정도 오르면 산정부에 도달할 수 있다.,064-710-2114,제주특별자치도청,2022-12-01
328,백제사,문화유적,관광지,제주특별자치도 제주시 애월읍 광령남6길 54,제주특별자치도 제주시 애월읍 광령리 4121,33.447979,126.426656,,,,,,,자연친화적인 한국의 사찰문화를 체험할 수 있는 도량이다.,064-710-2114,제주특별자치도청,2022-12-01
329,백조일손지묘(백손일손지지),문화유적,관광지,제주특별자치도 서귀포시 대정읍 송악관광로143번길 170-48,제주특별자치도 서귀포시 대정읍 상모리 586-1,33.222732,126.42424,4785,관리사무소+주차장+안내판,호텔+리조트+펜션+게스트하우스,,1040,27,1960년 유족들이 묘비를 세워 '백조일손지묘'라 칭하고 뒷면에 희생자의 이름을 새겼다. 시신을 구별할 수 없었기에 '백 할아버지의 한 자손'이라는 뜻으로 이름을 붙였다. 그러나 1년 뒤· 5.16 쿠데타 세력의 횡포로 비가 박살 났다. 오늘날 위령비는 1993년에 다시 제작한 것이며· 부서진 비 조각은 1999년에 발굴되어 현 위령비 옆에 전시됐다.,064-760-2505,제주특별자치도청,2022-12-01
330,범섬,자연,관광지,,제주특별자치도 서귀포시 법환동,33.2444206,126.510896,,,,,,,서귀포항에서 남서쪽으로 5㎞ 해상에 위치한 범섬은 멀리서 바라보면 큰 호랑이가 웅크리고 앉은 모습과 같아 이름 붙여졌다. 호도(虎島)라고 불리기도 한다. 범섬은 2개의 섬으로 이뤄진 무인도다. 이 섬에는 해식 쌍굴이 뚫려있는데 제주도를 만들었다는 설문대할망이 한라산을 베개 삼아 누울 때 뻗은 두발이 뚫었다는 재미있는 전설이 있다.,064-710-2114,제주특별자치도청,2022-12-01
331,법정사,문화유적,관광지,제주특별자치도 서귀포시 1100로 740-168,제주특별자치도 서귀포시 도순동 산 1,33.309887,126.474462,5304,동백길 안내센터+공중화장실+안내판,리조트,2003-11-12,1153,25,3·1운동보다 앞서 1918년 10월 ‘법정사항일운동’이 시작됐다. 서귀포 법정사 승려들은 민간인과 함께 항일운동을 계획해 투쟁을 일으켰다. 이틀 간의 항거 끝에 결국 일제에 의해 제압되었다. 법정사는 한라산 동백길 안내소에 못 미치는 곳에 위치한 ‘무오법정사항일운동발상지’ 안내판 옆 샛길로 들어가면 보인다. 일제에 의해 불타 현재는 건물 흔적만 남아있다.,064-710-6703,제주특별자치도청,2022-12-01
332,법화사지,문화유적,관광지,제주특별자치도 서귀포시 하원북로35번길 15-28,제주특별자치도 서귀포시 하원동 1071-1,33.265312,126.457665,8720,주차장+유도 및 안내시설,호텔+펜션+게스트하우스,,1896,20,1971년 8월 26일 제주도 기념물 제 13호로 지정되었다. 1269년(원종 10)부터 1279년(충렬왕 5)까지 중창하였다는 기록이 있다. 《탐라지》에 따르면 1653년 이전에 폐사되었다고 한다. 1983년 발굴 조사 때· 법당지로 보이는 건물터를 발굴하였는데 규모가 정면 5칸· 측면 4칸의 건물로 기단 면적이 약 330㎡인 대단히 큰 건물이었다. 이곳에서 발견된 도자기 조각과 기와 조각으로 미루어 보았을 때 10~12세기 경에 지어진 것으로 추정된다,0507-1472-5225,대한불교조계종,2022-12-01
333,법환포구,자연,관광지,,제주특별자치도 서귀포시 법환동,33.2374,126.5155,,,,,,,법환 포구는 ‘막숙개’ 라고도 불리는데 ‘막숙’은 고려 말 최영 장군이· 이곳에 막사를 쳐 적군을 물리쳤다는 설에서 유래한다. 법환동의 날씨는 따뜻한 편이며 제주특별자치도 올레 7코스에 속해 있어 주변의 경치를 감상하기에 좋다. 이곳에서 범섬· 섶섬· 문섬· 새섬을 모두 한 눈에 볼 수 있다.,064-710-2114,제주특별자치도청,2022-12-01
334,베릿네오름,오름,관광지,,제주특별자치도 서귀포시 중문동 2314-2,33.247412,126.422108,,,,,,,중문관광단지 천제연계곡 동쪽 언덕 일대로서 천제연을 끼고 있다. 은하수처럼 내가 흐른다하여 성천봉이라고도 부른다. 베릿내오름은 세 봉우리로 이뤄진 삼태성형(參台星形)이며· 각각 동오름· 섯오름· 만지섬오름이라 불린다. 내(川)쪽은 베리(벼루)를 이루는 바위 절벽이고· 오름기슭에는 만지세미라는 샘이 있다.,064-710-2114,제주특별자치도청,2022-12-01
335,별내린전망대,기타,관광지,,제주특별자치도 서귀포시 색달동 2938-1,33.281411,126.411112,,,,,,,한라산 백록담에서 발원하여 서귀포 바다로 흘러가는 중문천 하류에 성천포가 있다. 별내린 전망대 이름은 이 성천포의 순 우리말이다. 이 전망대에서는 천제연폭포의 칠선녀다리· 중문천· 요트계류장 두루두루 볼 수 있다. 그늘과 나무데크로 산책로가 잘 조성되어 산책을 즐기기 좋다. 주차장도 가까워 주차 후 바로 산책로로 진입할 수 있다.,064-710-2114,제주특별자치도청,2022-12-01
336,별도봉,자연,관광지,,제주특별자치도 제주시 화북1동 4472,33.519308,126.553079,,,,,,,퇴적암과 용암으로 구성되었으며· 북측 사면의 등성이가 바다 쪽으로 뻗은 벼랑이 있다. 벼랑 밑 해안단에는 '고래굴'과 '애기업은돌'이라 불리는 기암이 있다. 별도봉을 감고 있는· 해발 136m의 해안 절벽을 두르고 장수로라는 산책로가 조성돼 있다. 높은 봉우리와 제주항 입출항 선박 등 해안 절경 조망이 가능하다.,064-710-2114,제주특별자치도청,2022-12-01
337,별도연대,문화유적,관광지,제주특별자치도 제주시 진동로 81-2 일대,제주특별자치도 제주시 화북1동 1537,33.526131,126.568423,727,,호텔+펜션+게스트하우스,2021-11-19,158,,별도연대는 제주시 화북동의 동쪽· 연대동산에 위치해 화북대라고 부른다. 산 정상에서 신호만 보내는 봉수대와는 달리 연대는 주로 구릉이나 해변 지역에 설치하여 낮에는 연기로· 밤에는 횃불로 신호를 보냈다. 또 위로 올라가 해상에서 접근하는 적의 동태를 살피기도 했다. 별도연대는 동쪽의 조천연대· 서쪽의 수근연대와 신호를 주고 받았다.,064-728-2731,제주특별자치도청,2022-12-01
338,별도포구,자연,관광지,제주특별자치도 서귀포시 남원읍 남태해안로 508,제주특별자치도 서귀포시 남원읍 태흥리 364-4,33.287457,126.749478,25000,주차장,펜션,,,50,별도포구는 산지천부터 조천해안을 잇는 올레 18코스의 중간지점인 화북동에 자리한다. 조선시대에 조천포구와 함께 육지와 제주를 잇는 2대 포구 중 하나로 역사가 깊다. 별도포구가 위치한 화북동은 김씨와가· 화북진선· 해신사· 별도연대· 환해장성 등 문화유적이 많아 포구와 함께 둘러보면 좋다. 화북동 청풍마을을 지나면 올레꾼이 잠시 쉬어갈 수 있는 '별도올레쉼터'가 있다.,064-712-6988,제주특별자치도청,2022-12-01
339,별방진,문화유적,관광지,제주특별자치도 제주시 문주란로1길 96 일대,제주특별자치도 제주시 구좌읍 하도리 3354,33.526118,126.884387,3121,유도 및 안내시설,펜션+게스트하우스+민박,1973-04-03,678,0,별방성은 1974년 4월 13일에 제주도 기념물 제24호로 지정되었다. 현재 성의 둘레는 950m이며 남쪽이 높고 북쪽이 낮은 지형을 이용하여 쌓았으며· 성곽은 타원형을 이루고 있다. 제주도에 있는 성곽들 중 비교적 성벽이 많이 남아 있어 당시 이 지역의 성 쌓는 방법과 규모를 알아볼 수 있는 중요한 자료로 여겨진다.,064-710-3314,제주특별자치도청,2022-12-01
340,병악,오름,관광지,,제주특별자치도 서귀포시 성산읍 온평리,33.401703,126.903088,10700,주차장+화장실(1동),펜션+호텔,,,20,병악은 말굽형 화구로 이루어진 쌍둥이오름이다. 두봉우리 중 오른쪽의 표고가 낮은 오름을 '족은오름'이라 부른다. 이웃한 오름 중 이와 같은 의미를 갖는 오름은 국립공원 내 총 13개가 있다. 화구 앞쪽의 기슭자락에 암석류의 작은 언덕들이 산재한다. 남사면쪽 일부에 삼나무 조림지가 있고· 그 외 지역은 자연림의 울창한 숲을 이루고 있다.,064-712-6988,제주특별자치도청,2022-12-01
341,병약현무암지대,자연,관광지,,,33.407981,126.257116,16780,주차장+화장실(2동),펜션,,,100,병악 현무암지대는 3만5000년 전 병악오름에서 분출한 용암이 9km를 흐르다 바닷가에서 멈춘 곳이다. 주상절리에 둘러싸인 작은 모래해변은 사람의 발길이 닿지 않은 '비밀의 해변'으로 영화에 나올 것만 같다.,064-712-6988,제주특별자치도청,2022-12-01
342,보롬왓,기타,관광지,제주특별자치도 서귀포시 표선면 번영로 2350-104,제주특별자치도 서귀포시 성읍리 3229-4,33.414987,126.760757,,,,,,,서귀포 표선면에 있는 봄과 가을에는 메밀꽃· 여름에는 수국과 라벤더를 볼 수 있는 농장이다. 꽃 뿐만 아니라 염소· 양· 소· 닭 등의 농장 동물들도 볼 수 있고· 카페도 함께 운영하고 있어서 힐링과 휴식의 명소이다. 주변 관광지로는 비자림· 거문오름 등이 있다.,064-710-2114,제주특별자치도청,2022-12-01
343,보롬이(하논·하구구),자연,관광지,,제주특별자치도 제주시 한림읍 옹포리,33.400895,126.255456,8500,주차장,펜션,,,80,하논마르 응회환 분화구에서 2차적으로 형성된 화구구(火口丘)로써 4개의 원추형 소화산체로 구성되어 있다. 이것은 당초 1개의 화구구가 침식되어 4개의 부분으로 해체된 결과로 해석된다. 오름 북사면에 삼나무와 해송이 일부 조림되어 있을 뿐 그 외의 부분은 감귤원이 오름 정상부까지 조성되어 있다.,064-712-6988,제주특별자치도청,2022-12-01
344,보리악,오름,관광지,,제주특별자치도 서귀포시 서홍동 791,33.239774,126.545341,1300,주차장+화장실(1동),게스트하우스,2011-06-10,20,80,보리악은 울창한 숲 사이에 솟아있는 원추형화산체이다.,064-760-3192,제주특별자치도 서귀포시,2022-12-01
345,보목자리리돔축제,축제/행사,관광지,,,33.515626,126.512222,5400,,가족호텔,,,,보목 마을은 자리돔이 유명하며· 싱싱한 자리리돔을 그 자리에서 맛볼 수 있는 기회와 낚시 체험 등 다양한 경험을 할 수 있는 축제이다.,064-712-6988,제주특별자치도청,2022-12-01
346,보목포구,자연,관광지,제주특별자치도 제주시 용두암길 15,제주특별자치도 제주시 용담이동 483,33.515079,126.511751,2200,주차장+화장실(1동)+음수대,관광호텔+게스트하우스,,100,60,서귀포시 보목동에 있는 포구로 제주올레 6코스에 속해있으며· 앞 바다에는 문섬과 섶섬이 떠있어 해가 질 때는 바다 위로 떨어지는 아름다운 일몰을 볼 수 있어 서귀포의 아름다운 바다 풍경을 즐기는 것도 좋다.,064-712-6988,제주특별자치도청,2022-12-01
347,본태박물관,예술,관광지,제주특별자치도 서귀포시 안덕면 산록남로762번길 69,제주특별자치도 서귀포시 안덕면 상천리 380 본태박물관,33.305765,126.388851,242405,안내데스크+화장실,관광호텔+가족호텔,,52697,10,과거와 현재를 통해 새로운 미래 가치를 발견하는 것을 목적으로 둔다. 전시뿐 아니라 교육· 세미나· 강연 등이 있으며· 한국의 수준 높은 전통문화를 국내외 관광객에게 선사한다. 박물관 건축양식이 자연과 조화를 이루며· 내부에서 공예품이나 제주도의 수려한 풍경을 감상할 수 있다., 064-792-8108,제주특별자치도청,2022-12-01
348,볼레낭길(보목포로),자연,관광지,,제주특별자치도 서귀포시 안덕면 사계리,33.233565,126.313901,30000,주차장+화장실(2동),펜션+가족펜션,,,75,천연기념물 제526호이며· 올레 10코스이다.,064-794-2940,제주특별자치도 서귀포시,2022-12-01
349,봉개평화트레킹축제,축제/행사,관광지,,,33.514852,126.514225,223,주차장+화장실(1동),호텔,,50,60,누구나 접근성이 용이한 장점을 살려서 체력적· 시간적 부담을 감안한 코스로 개발되었으며· 자연을 구경하며 아픈 역사를 교육할 수 있다. 중산간 마을의 옛 농경문화를 테마로 한 체험형 축제이다.,064-712-6988,제주특별자치도청,2022-12-01
350,봉글레산,오름,관광지,,제주특별자치도 제주시 우도면 연평리,33.514761,126.968001,60300,화장실 (1동),민박+캠핑장,,,,봉글레산은 상추자도 북쪽에 위치한 낮은 산이다. 추자 10경 중에 한 곳인 봉글레산에 올라오면 추자도와 추자 앞바다 풍경을 한눈에 내려다볼 수 있다.,064-712-6988,제주특별자치도청,2022-12-01
351,부대악오름,오름,관광지,,,33.519731,126.951078,6180,주차장+화장실(3동),민박+펜션,2001-01-01,,300,일제시대 때 일본군 부대가 주둔했다 하여 부대악이라는 이름이 붙여졌으며· 소가 누워있는 형상을 하고 있는 제주의 가장 큰 부속섬이다.,064-712-6988,제주특별자치도청,2022-12-01
352,부소오름,오름,관광지,,제주특별자치도 제주시 우도면 연평리,33.503807,126.955695,3000,,민박+펜션,,,,부소오름의 세 코스 중 맘에 드는 것을 골라 자연을 느끼며 걸을 수 있고· 전망을 바라보며 힐링을 할 수 있다.,064-712-6988,제주특별자치도청,2022-12-01
353,북오름,오름,관광지,제주특별자치도 제주시 우도면 우도봉길 105,제주특별자치도 제주시 우도면 연평리 337,33.503807,126.955695,100,,민박+펜션,,,,북오름은 안덕 곶자왈 지대에 위치한다. 남쪽 봉우리는 '거린 오름'으로 해송이 듬성듬성 있고· 북쪽 봉우리는 '북오름'으로 역시 해송림을 이룬다. 두 오름 사이에 골짜기가 이어져 있다.,064-712-6988,제주특별자치도청,2022-12-01
354,북촌국민학교,문화유적,관광지,제주특별자치도 제주시 번영로 940,제주특별자치도 제주시 회천동 4-1,33.474782,126.636592,55701,,관광호텔,,,, 북촌리 대학살은 제주특별자치도 4·3의 가장 크고 비극적인 사건으로 당시 북촌리가 가장 큰 피해를 입었다. 북촌국민학교는 학살의 상징으로 남아있다.,064-710-6072,제주특별자치도청,2022-12-01
355,북촌돌하르방미술관,기타,관광지,,,33.5387743,126.6887213,,,,,,,다양한 형태의 돌하르방과 250여 가지의 다양한 조형물이 공원 곳곳에서 전시돼 있다. '곶자왈 산책길'에서는 각종 양치식물 및 청미래덩굴· 자귀나무· 구찌뽕나무 등 다양한 수목을 관찰할 수 있다.,064-710-2114,제주특별자치도청,2022-12-01
356,북촌리 4.3길,문화유적,관광지,제주특별자치도 제주시 조천읍 선흘남4길 229,제주특별자치도 제주시 조천읍 선흘리 산60,33.492292,126.703394,505969,,관광호텔,,,,북촌리는 조천면의 동쪽 끝에 자리 잡은 해변 마을이다. 오랜 설촌 역사와 더불어 수려한 자연과 문화를 지닌 북촌마을은 4.3 당시 제주도민이 겪은 통한의 역사에 공감할 수 있는 역사 교육현장으로 조성되었다. 인권과 평화의 소중함· 아름다운 제주도와 4.3역사를 올바르게 인식할 수 있는 곳이 되었다.,064-740-6000,제주특별자치도청,2022-12-01
357,북촌마을해안길,자연,관광지,,제주특별자치도 서귀포시 성산읍 시흥리 산1-5,33.474593,126.885898,142.515,,관광호텔,,,,제주특별자치도 동부를 한눈에 볼 수 있다.,064-740-6000,제주특별자치도청,2022-12-01
358,북촌포구,자연,관광지,,제주특별자치도 서귀포시 표선면 토산리 산 11,33.327689,126.777345,83.414,,펜션,,,,다려도를 한눈에 볼 수 있고 마을 풍어제를 지내는 신당을 볼 수 있다. 해산물이 풍부해 낚시꾼에게 인기가 많다.,064-760-4418,제주특별자치도청,2022-12-01
359,북촌환해장성,문화유적,관광지,,제주특별자치도 제주시 구좌읍 송당리 880-1,33.478394,126.785492,46443,,관광호텔,,,,북촌 환해 장성은 제주특별자치도 기념물 제49-5호로 지정되었으며· 언덕 오르면 멋진 풍경을 볼 수 있다. 고려시대 삼별초가 들어오는 것을 막기 위해서 성을 쌓고 군사를 거느렸다.,064-740-6000,제주특별자치도청,2022-12-01
360,불카분낭(불타버린 나무),문화유적,관광지,,제주특별자치도 제주시 조천읍 교래리 산137-2번지,33.385326,126.577631,229772,,펜션,,,,4.3사건으로 인해 1948년 11월 마을이 초토화되면서 선흘리의 가옥은 단 몇 채만 놔두고 모두 전소됐다. 가지가 전부 타들어갔으나 다행히 밑동이 살아남았다. 그후 속이 빈 채 죽어가던 나무에 어디선가 홀연히 날아온 씨앗 하나가 싹을 틔웠다. 몇십 년을 두 나무는 마치 한 몸인 양 어우러져 있다.,064-740-6000,제주특별자치도청,2022-12-01
361,불탑사(5층석탑),문화유적,관광지,,제주특별자치도 서귀포시 남원읍 신흥리 산 18,33.529262,126.598025,110552,,펜션,,,,불탑사는 보물 제1187호로 지정된 제주도 내 유일 고려시대 석탑이다.,064-760-4151,제주특별자치도청,2022-12-01
362,붉은오름 자연휴양림,자연,관광지,,제주특별자치도 서귀포시 표선면 가시리 산 145,33.382647,126.693311,600325,,관광호텔,,,,붉은 오름 자연휴양림은 계절마다 다른 아름다움을 보인다. 1km가 조금 넘는 숲길이 있으며 산책로 바닥 전체가 방부목이다. 점자 안내판도 있어 유니버셜 디자인으로 숲길을 조성됐다. 목재문화체험장· 아로마테라피실· 편백삼나무체험실이 있다.,064-740-6000,제주특별자치도청,2022-12-01
363,붉은오름(성산읍),오름,관광지,,제주특별자치도 서귀포시 안덕면 상천리 산 24,33.325241,126.401754,477656,,관광호텔,,,,중턱에 원형이 들어앉은 특이한 복합형 화구를 가진다. 섭지코지 옆에 위치하며 오름 전체가 붉은 송이 또는 화산석으로 형성되어 붉게 보여 이름 붙여졌다.,064-740-6000,제주특별자치도청,2022-12-01
364,붉은오름(표선면),오름,관광지,,제주특별자치도 서귀포시 표선면 성읍리 산 18-1,33.404459,126.797532,1338920,,펜션,,,,주변 관광지로는 사려니숲길· 가시리 마을· 조랑말 체험공원· 유채꽃프라자· 정석항공관 등이 있다.,064-740-6000,제주특별자치도청,2022-12-01
365,브레이브독스,기타,관광지,,,33.4218294,126.2766113,,,,,,,브레이브 독스는 반려견을 위한 모든 것을 갖췄다. 반려견과 잠시 쉬어갈 수 있는 카페부터 유치원과 호텔· 애견 미용까지 한 곳에서 모두 해결할 수 있다. 그야말로 강아지들을 위한 원스톱 서비스를 제공한다.,064-710-2114,제주특별자치도청,2022-12-01
366,브릭캠퍼스,기타,관광지,,,33.4584613,126.4854146,,,,,,,세계 최초 브릭 아트 테마파크는 대형 디오라마에서부터 국내외 유명한 건축물· 일상 사물· 영화 속 캐릭터· 명화 모자이크 등 브릭으로 만들어낸 놀랍고 위대한 작품 세계를 감상할 수 있다.,064-710-2114,제주특별자치도청,2022-12-01
367,블루마운틴4255,기타,관광지,제주특별자치도 서귀포시 성산읍 중산간동로 4255,제주특별자치도 서귀포시 삼달리 1510-1,33.4119114,126.8416603,,,,,,,4람을 2어주는 5색 5감을 모토로 쉼과 예술· 문화적 체험을 즐길 수 있다.,064-710-2114,제주특별자치도청,2022-12-01
368,블칸디오름,오름,관광지,제주특별자치도 서귀포시 하례학림로 55-29,제주특별자치도 서귀포시 상효동 2364,33.292306,126.60212,256127,,펜션,,,,비블리아성서식물원은 식물을 통한 복음전파와 기독교 문화 산업에 기여하고자 한립음에 조성됐다.,064-740-6000,제주특별자치도청,2022-12-01
369,비블리아성서식물원,기타,관광지,,,33.35597,126.2751733,,,,,,,비양도는 천 년의 역사를 가지며· 천연기념물 제439호로 선정됐다. 제주도기념물 제48호로 올레15코스에 포함된다.,064-710-2114,제주특별자치도청,2022-12-01
370,비양도,자연,관광지,,제주특별자치도 서귀포시 남원읍 신흥리 산 18,33.348114,126.735256,110552,,펜션,,,,제주도 일출은 비양도에서 가장 먼저 시작된다. 비양도 연평리 야영지에서 망루 쪽을 보거나 망루에서 등대를 보거나 어디서든 해돋이를 볼 수 있다.,064-740-6000,제주특별자치도청,2022-12-01
371,비양도 연평리 야영지,자연,관광지,,제주특별자치도 서귀포시 안덕면 광평리 산 79,33.341802,126.37427,709179,,펜션,,,,비양도에서만 볼 수 있는 호니토와 거대한 화산탄· 스코리아· 집괴암· 용암동굴이 해안을 따라 분포된 지질트레일이다.,064-740-6000,제주특별자치도청,2022-12-01
372,비양도 지질트레일,지질트레일,관광지,,제주특별자치도 제주시 구좌읍 종달리 4650-1,33.463033,126.831385,404264,주차장,펜션,,,60,비양도에서만 볼 수 있는 호니토와 거대한 화산탄· 스코리아· 집괴암· 용암동굴이 해안을 따라 분포된 지질트레일이다.,064-710-6041,제주특별자치도청,2022-12-01
373,비양도등대,자연,관광지,,제주특별자치도 제주시 우도면 연평리 1,33.514991,126.969282,653979,주차장,펜션,,,50,한림항과 비양도 사이를 오가는 선박과· 육지 방향에서 한림항 쪽으로 들어오는 선박들에게 항로 표지가 된다.,064-740-6000,제주특별자치도청,2022-12-01
374,비양도의 비양나무자생지,자연,관광지,,제주특별자치도 제주시 조천읍 선흘리 산 84,33.478317,126.71422,376587,,관광호텔,,,,제주특별자치도 기념물 제48호인 비양나무는 한국에서 유일하게 비양도에 분포하고 있다.,064-740-6000,제주특별자치도청,2022-12-01
375,비자림,자연,관광지,제주특별자치도 제주시 애월읍 1100로 1579-25,제주특별자치도 제주시 애월읍 광령리 산183-4,33.478317,126.71422,144548,,펜션,,,,비자림은 500~800년생 비자나무들이 자생하는 세계적으로도 희귀한 장소다. 제주특별자치도 제주시 구좌읍 평대리에 위치한다.,064-740-6000,제주특별자치도청,2022-12-01
376,비체올린,기타,관광지,,,33.3496609,126.2179652,,,,,,,비체올린은 국내최초 힐링카약파크다.,064-710-2114,제주특별자치도청,2022-12-01
377,비치미오름,오름,관광지,,제주특별자치도 제주시 애월읍 광령리 산 183-6,33.372629,126.506038,116502,,관광호텔,,,,제주특별자치도 제주시 구좌읍 송당리에 있는 기생화산. 해발 344m이며 높이는 109m이다. 비치미라는 이름은 꿩이 날아가는 모습에서 따온 이름이다.,064-740-6000,제주특별자치도청,2022-12-01
378,빌레못동굴,자연,관광지,,제주특별자치도 제주시 한경면 청수리 956-6,33.290832,126.250054,623572,주차장,게스트하우스+펜션,,,70,천연기념물 제342호로· 총길이 11·749m의 세계에서 가장 긴 동굴이다.,064-773-1950,제주청수리마을회,2022-12-01
379,빛의벙커,기타,관광지,,제주특별자치도 서귀포시 성산읍 고성리 2039-22,33.4371675,126.9039621,,,,,,,통신시설 벙커를 재생하여 거장들의 작품을 빛과 음악을 통해서 감상할 수 있다.,064-710-2114,제주특별자치도청,2022-12-01
380,뽀로로&타요테마맘파크 제주,기타,관광지,제주특별자치도 서귀포시 안덕면 병악로 269,제주특별자치도 서귀포시 상창리 79,33.2968281,126.3723948,,,,,,,아이들에게 인기만점인 캐릭터 뽀로로와 타요를 만날 수 있다. 실내외 모두 체험장이 있어 비올 때도 즐길 수 있다.,064-710-2114,제주특별자치도청,2022-12-01
381,사계용머리해안(해산물),기타,관광지,제주특별자치도 서귀포시 안덕면 사계남로216번길 28,,33.2337921,126.3109307,,,,,,,용머리 해안은 서귀포 산방산 해안에 위치한다. 암석층의 모습이 마치 용의 머리 같다고 해서 붙여진 이름이다.,064-710-2114,제주특별자치도청,2022-12-01
382,사계항,자연,관광지,,제주특별자치도 제주시 일도일동 1478-8,33.513953,126.528066,13480,주차장+공중화장실(2동),펜션+관광호텔+게스트하우스,,,51,사계항은 제주특별자치도 서귀포시 안덕면 사계리에 위치한 어항이다.,064-728-4412,제주특별자치도청,2022-12-01
383,사계해변,자연,관광지,,제주특별자치도 제주시 아라1동 392-3,33.447213,126.554318,455.94,공용주차장+공중화장실+편의점+음료대 안내시설,관광호텔+펜션,,100,10,사계해변은 주변의 유명한 관광지가 많아 함께 유명해졌다. 낚시꾼들 사이에서는 제주특별자치도 남서부 연안의 감성돔 낚시터로 유명하다.,064-710-6656,제주특별자치도청,2022-12-01
384,사계해안도로,자연,관광지,제주특별자치도 제주시 516로 3041-24,제주특별자치도 제주시 아라1동 375-1,33.447621,126.554974,36.69,공용주차장+공중화장실+편의점+음료대 안내시설,관광호텔+펜션,1964-01-31,100,10,사계해안도로는 제주도의 아름다운 경치를 감상할 수 있는 해안도로 중 하나다. 송악산과 산방산을 연결한다.,064-710-6656,제주특별자치도청,2022-12-01
385,사라봉,자연,관광지,,제주특별자치도 제주시 삼양1동 1938-9,33.528933,126.589155,111.25,공중화장실,게스트하우스+호텔,,,,사라봉은 제주시 건입동에 위치한다. 제주특별자치도 시내에 위치하는 대표적인 오름으로· 별도봉과 이어져 있다.,064-740-6000,제주특별자치도청,2022-12-01
386,사라봉공원,자연,관광지,,제주특별자치도 제주시 삼양일동 1912-1,33.531941,126.590915,4335,주차장,관광호텔,,,11,사라봉 전체를 공원으로 조성하였다. 사라봉을 오르면서 일몰도 감상하고· 시내 야경을 보며 자연과 도시의 아름다움을 한번에 느낄 수 있다.,064-740-6000,제주특별자치도청,2022-12-01
387,사라오름,오름,관광지,,제주특별자치도 제주시 삼양이동 1960-4,33.525469,126.58521,21000,주차장+화장실+편의점+음료대+유도 및 안내시설,관광호텔,,1000,20,사라오름은 제주특별자치도 서귀포시 남원읍 신례리(한라산)에 위치한 명승이다.한라산 정상에서 동북쪽으로 뻗어 내린 사면부에 위치한다.,064-728-3991,제주특별자치도청,2022-12-01
388,사려니숲길,문화,관광지,,제주특별자치도 제주시 삼양삼동 2582-1,33.525355,126.578603,1830,주차장,호텔+게스트하우스,,,12,사려니숲길은 제주의 비경 31곳 중 하나로· 비자림로를 시작으로 물찻오름과 사려니 오름을 거쳐가는 삼나무가 우거진 숲길이다. 본래 숲의 모습이 많이 훼손되지 않아 트래킹을 좋아하는 여행자들이 즐겨 찾는다. 지난 2002년 유네스코가 지정한 제주특별자치도 생물권 보전지역이기도 하다.,064-740-6000,제주특별자치도청,2022-12-01
389,사려니오름,오름,관광지,,제주특별자치도 제주시 아라동 산 24-2,33.439725,126.561612,2.473,주차장,펜션,,,20,반달 모양의 말굽형 화구를 지녔다. 오름 서측에는 이름을 알 수 없는 작은 화산체가 딸려 있다.,064-740-6000,제주특별자치도청,2022-12-01
390,사진놀이터,기타,관광지,,,33.3701721,126.4819697,,,,,,,사진놀이터는 5개의 테마공간이 있으며 “사진이라는 기억공간 속에서 여행이라는 추억을 되돌아보다” 라는 컨셉으로 제작되었다. 전 연령층이 함께 체험하며· 촬영할 수 있는 참여형 전시공간이다.,064-710-2114,제주특별자치도청,2022-12-01
391,산경도예,기타,관광지,제주특별자치도 서귀포시 대정읍 서삼중로 232,제주특별자치도 서귀포시 신도리 1382-1,33.2794367,126.1918272,,,,,,,산경도예는 서귀포시 대정읍에 위치하며 제주올레 12코스에 속한다.,064-710-2114,제주특별자치도청,2022-12-01
392,산굼부리,문화,관광지,제주특별자치도 제주시 서흘1길 26,제주특별자치도 제주시 삼양일동 1775,33.528731,126.58914,218.09,,호텔+게스트하우스,,,,산굼부리는 제주특별자치도의 천연기념물 제263호로 지정됐다. '굼부리'는 화산체의 분화구를 일컫는 제주말이다.,064-740-6000,제주특별자치도청,2022-12-01
393,산방굴사,문화유적,관광지,,제주특별자치도 제주시 추자면 대서리 169,33.961664,126.292192,380.04,주차장,민박,,,45,산방굴사는 제주특별자치도 서귀포시 안덕면 사계리에 있다. 영주십이경에 포함된다.,064-740-6000,제주특별자치도청,2022-12-01
394,산방산,자연,관광지,제주특별자치도 제주시 추자면 추자로 39,제주특별자치도 제주시 추자면 대서리 147-5 수협수산물집하장,33.962456,126.295493,11634,주차장,게스트하우스+펜션,,,35,산방산은 제주특별자치도 서귀포시 안덕면에 위치한다. ‘산방’은 굴이 있는 산을 의미한다.,064-740-6000,제주특별자치도청,2022-12-01
395,산방산 수국,자연,관광지,제주특별자치도 서귀포시 산록남로 2847-37,제주특별자치도 서귀포시 상효동 산25,33.306317,126.584055,129000,공용주차장+현금결제+카드결제+화장실+유도 및 안내시설+경보 및 피난시설,관광호텔+게스트하우스,,4000,85,산방산 근처의 수국길이다. 매년 6월 중순이면 제주특별자치도 곳곳에 수국이 피어난다.,064-733-2200,상효원,2022-12-01
396,산방산 용머리해안 지질트레일A코스,지질트레일,관광지,제주특별자치도 서귀포시 남성중로 40,제주특별자치도 서귀포시 서홍동 707-5,33.239228,126.558489,123192,공용주차장+화장실+편의점+음료대+유도 및 안내시설,게스트하우스+펜션,,4000,60,용머리해안 매표소 근처 기후변화홍보관에서 출발해 용머리해안을 돌고 산방굴사까지로 4km다.,064-760-3192,제주특별자치도청,2022-12-01
397,산방산 용머리해안 지질트레일B코스,지질트레일,관광지,,제주특별자치도 서귀포시 안덕면 사계리 3578-64,33.361814,126.269489,97.81,,펜션+민박,,,,용머리해안 매표소 근처 기후변화홍보관에서 출발해 사계포구를 돌아 마을 안길을 지나며 2.5km 정도 된다.,064-740-6000,제주특별자치도청,2022-12-01
398,산방산 용머리해안 지질트레일C코스,지질트레일,관광지,,제주특별자치도 서귀포시 안덕면 사계리 3579,33.315588,126.167385,406.81,,펜션,,,,용머리해안에서 황우치 해변을 지나 화순금 모래해변으로 향하며 5.7km된다.,064-740-6000,제주특별자치도청,2022-12-01
399,산심봉,오름,관광지,,제주특별자치도 제주시 조천읍 교래리 719-10,33.427177,126.661852,950,,펜션,,100,,산심봉은 제주특별자치도 제주시 애월읍 고성리에 있다.,064-740-6000,제주특별자치도청,2022-12-01
400,산양곶자왈,자연,관광지,,제주특별자치도 서귀포시 강정동 산 1,33.230324,126.498396,13367,공용주차장+유도 및 안내시설,펜션+게스트하우스,,,10,산양곶자왈 숲길은 한경면 청수리 일대에 형성된 상록활엽수림 내에 위치한다. 총 3.5km 정도로 자연탐방로가 설치되었다.,064-760-2674,제주특별자치도청,2022-12-01
401,산지등대,기타,관광지,제주특별자치도 제주시 사라봉동길 108-1,제주특별자치도 제주시 건입동 340-2,33.521307,126.545873,,,,,,,산지등대는 오랜 역사를 지니고 있는 제주의 대표 등대 중 하나이고· 제주시 건입동에 위치한다. 제주특별자치도 북부 연안을 항해하는 선박의 지표 역할을 한다.,064-710-2114,제주특별자치도청,2022-12-01
402,산지천(산짓물공원),자연,관광지,,제주특별자치도 서귀포시 안덕면 서광리 산6-1,33.285127,126.337962,53156,주차장,펜션+게스트하우스,,,15,산지천은 동문시장에서 제주항까지 이어진다.,064-740-6000,제주특별자치도청,2022-12-01
403,산지천갤러리,예술,관광지,제주특별자치도 서귀포시 남원읍 중산간동로 7413,제주특별자치도 서귀포시 남원읍 하례리 1558,33.288099,126.606883,20257,주차장+공중화장실,펜션+리조트,,,110,산지천갤러리는 제주특별자치도 출신 작가의 사진사적 성취를 이룬 작품을 전시한다.,064-760-7811,제주특별자치도농업기술원,2022-12-01
404,산지천축제,축제/행사,관광지,제주특별자치도 서귀포시 중앙로 105,제주특별자치도 서귀포시 서홍동 440-1,33.254077,126.560149,3840,주차장+공중화장실,펜션+관광호텔,,500,30,산지천 축제는 제주의 문화와 역사를 재조명하고자 개최됐다. 볼거리· 먹거리가 다양하다.,064-760-2651,제주특별자치도청,2022-12-01
405,산지항 옛터,문화유적,관광지,제주특별자치도 서귀포시 1100로 882,제주특별자치도 서귀포시 대포동 산1-8 서귀포자연휴양림,33.311695,126.458514,87.123,주차장+공중화장실+편의점+음료대+피난시설+흡연구역,펜션+게스트하우스,,1500,200,1950년 예비검속 당시 검속자 일부가 산지항 옛터에 수장당했다.,064-738-4544,제주특별자치도 서귀포시,2022-12-01
406,산천단,자연,관광지,제주특별자치도 서귀포시 안덕면 일주서로 1836,제주특별자치도 서귀포시 안덕면 덕수리 산27,33.256753,126.322041,9304,주차장+공중화장실+안내시설,펜션,,2000,40,삼천단에는 한국에서 가장 오래된 노목인 곰솔이 있다.,064-760-4313,덕수리민속보존회,2022-12-01
407,산천단 곰솔,자연,관광지,제주특별자치도 제주시 도두항길 26,제주특별자치도 제주시 도두일동 2605-1,33.506326,126.466646,1.283,주차장+공중화장실+편의점,호텔,,400,45,산천단 곰솔은 1964년 1월 31일 천연기념물 제160호로 지정되었다.,064-712-4567,도두 오래물축제위원회,2022-12-01
408,삼각봉,오름,관광지,제주특별자치도 제주시 한림읍 한림중앙로 71-9,제주특별자치도 제주시 한림읍 한림리 887-2,33.40986,126.268046,18000,주차장+공중화장실,호텔+펜션,,6000,140,삼각봉은 한라산 관음사 코스 중 하나다. 장구목 오름과 연결된 북쪽 봉우리를 말한다. 북쪽에서 보면 바위 벼랑이 삼각추 모양으로 되어 있어 삼각봉이라 한다.,064-740-6000,제주특별자치도청,2022-12-01
409,삼다수숲길 지질트레일 1코스,지질트레일,관광지,제주특별자치도 서귀포시 돈내코로 137,제주특별자치도 서귀포시 상효동 1463,33.300408,126.581838,8211,주차장+공중화장실,호텔+펜션,,300,15,삼다수 숲길은 옛날 사냥꾼이 이용했던 오솔길을 교래리 주민들이 숲길로 조성했다. 1코스(꽃길)는 1.2km로 약 30분 걸린다.,064-740-6000,제주특별자치도청,2022-12-01
410,삼다수숲길 지질트레일 2코스,지질트레일,관광지,,제주특별자치도 제주시 오라이동 39-1,33.454261,126.516918,24606,공중화장실,호텔+펜션,,2000,,삼다수 숲길은 옛날 사냥꾼이 이용했던 오솔길을 교래리 주민들이 숲길로 조성했다. 2코스(테우리길)는 5.2km로 약 1시간 30분 걸린다.,064-728-4802,제주특별자치도청,2022-12-01
411,삼다수숲길 지질트레일 3코스,지질트레일,관광지,제주특별자치도 서귀포시 보목포로 46,제주특별자치도 서귀포시 보목동 566-3 보목 해녀의집,33.239251,126.606828,2986,주차장+편의점,호텔+팬션,,500,50,삼다수 숲길은 옛날 사냥꾼이 이용했던 오솔길을 교래리 주민들이 숲길로 조성했다. 3코스(사냥꾼길)는 8.3km로 약 2시간 30분 걸린다.,064-740-6000,제주특별자치도청,2022-12-01
412,삼매봉,오름,관광지,,제주특별자치도 제주시 봉개동 4.3 평화공원,33.451096,126.61885,27299,주차장+공중화장실,호텔,,3000,70,삼매봉은 서귀포 외돌개 앞에 위치했다. 시민공원으로 지역 주민들이 많이 찾는다.,064-721-2303,봉개동주민센터,2022-12-01
413,삼밭구석&동광리 4.3희생자 위령비,문화유적,관광지,,제주특별자치도 제주시 일도일동 1478-12,33.513177,126.527203,466,공중화장실,호텔,,,,<4·3사건 위령비>는 4·3특별 법이 제정되기 이전인 1999년· 4·3사건 당시 죽은 삼밧 구석 주민들의 원혼을 달래기 위해 마을 출신 주민들이 직접 세웠다.,064-740-6000,제주특별자치도청,2022-12-01
414,삼사석,문화유적,관광지,제주특별자치도 제주시 감수북길 41,제주특별자치도 제주시 삼양이동 1965-1,33.525633,126.584052,21000,주차장+화장실+편의점+음료대+유도 및 안내시설,관광호텔,,1000,20,제주특별자치도 제주시 화북동에 있는 탐라 삼신인의 전설이 얽힌 고인돌이다. 1971년 8월 26일 제주특별자치도 기념물로 지정되었다.,064-740-6000,제주특별자치도청,2022-12-01
415,삼성혈,문화유적,관광지,,제주특별자치도 서귀포시 색달동 3039,33.245139,126.411213,20702,주차장+샤워장+공중화장실,펜션+호텔,,1000,130,삼신인(三神人) 신화는 제주도에서 유명한 신화 중 하나다. 신화에 따르면 탐라(제주도의 옛 지명)에 아직 사람이 살고 있지 않던 시기· 신성한 한라산의 기운이 내린 곳에 삼신인이 땅에서 솟아났다고 한다. 이 신화의 흔적이 삼성혈(三姓穴)에 남아 있다., 064-739-7201,제주특별자치도청,2022-12-01
416,삼양 셋다리물,자연,관광지,,제주특별자치도 서귀포시 천지동 961-33,33.247166,126.554756,2514,,호텔+펜션,,,,용천수가 나오는 노천탕.,070-8990-9999,제주마을문화진흥원,2022-12-01
417,삼양검은모래축제,문화,관광지,,제주특별자치도 서귀포시 서홍동 689,33.247166,126.554756,174,주차장+공중화장실,호텔,,100,20,삼양검은모래축제에서 검은 모래가 반짝이는 여름 바다를 볼 수 있다.,064-760-3946,제주특별자치도청,2022-12-01
418,삼양방파제,문화,관광지,제주특별자치도 서귀포시 성산읍 일출로 284-12,제주특별자치도 서귀포시 성산읍 성산리 114,33.5180081,126.1144576,214400,관리사무소+주차장+공중화장실(2동)+임산부 휴게시설,관광호탤+펜션,,10000,1000,삼양3동 포구에 위치한 방파제,064-760-4282,제주특별자치도청,2022-12-01
419,삼양해수욕장,자연,관광지,제주특별자치도 서귀포시 산록남로 2271,제주특별자치도 서귀포시 호근동 산1,33.462151,126.936385,,주차장+공중화장실,펜션+호텔,,,50,삼양해수욕장은 반짝이는 검은 모래가 특색이다.,064-740-6000,제주특별자치도청,2022-12-01
420,삼양해안도로,자연,관광지,제주특별자치도 서귀포시 예래해안로 253,제주특별자치도 서귀포시 하예동 570,33.236901,126.388956,2547,주차장+공중화장실,관광호텔+펜션,,300,40,제주특별자치도 북부에 위치한 삼양동의 해안을 따라 형성된 도로이다. 제주도에 있는 해안도로 중 가장 짧다.,064-760-4845,제주특별자치도청,2022-12-01
421,삼의악트레킹코스,문화,관광지,,제주특별자치도 제주시 용담이동 2581,33.512436,126.514062,3000,,펜션+게스트하우스,,250,,삼의악트레킹코스는 아라동에 있는 삼의악오름을 둘러 산책하는 코스이다.,064-740-6000,제주특별자치도청,2022-12-01
422,삼화포구,문화,관광지,제주특별자치도 서귀포시 월드컵로 33,제주특별자치도 서귀포시 법환동 914 제주월드컵경기장,33.247266,126.50895,39071,주차장+공중화장실+음료대,관광호텔+펜션+게스트하우스,,3000,200,삼양과 화북 사이에 위치한 포구,064-760-3320,제주특별자치도청,2022-12-01
423,상추자마을길,문화,관광지,,제주특별자치도 제주시 이호일동 1665-13,33.497291,126.452541,75000,주차장+공중화장실+샤워장,관광호텔,,2000,50,상추자도의 제주올레길18-1코스의 초입, 064-728-4923,제주특별자치도청,2022-12-01
424,상추자포구,자연,관광지,,제주특별자치도 서귀포시 표선면 성읍정의현로 30번지,33.386331,126.799653,71585,주차장+공중화장실,게스트하우스+펜션,,1000,60,상추자도 추자항에 위치한 포구,064-740-6000,제주특별자치도청,2022-12-01
425,상추자항,자연,관광지,,제주특별자치도 제주시 애월읍 봉성리 3608,33.429361,126.307298,6700,공중화장실,펜션,,500,,굴비축제가 열리기도 하는 추자도의 항구,064-740-6000,제주특별자치도청,2022-12-01
426,상효원,문화,관광지,제주특별자치도 서귀포시 산록남로 284737,제주특별자치도 서귀포시 상효동 산25,33.306317,126.584055,129000,공용주차장+현금결제+카드결제+화장실+유도 및 안내시설+경보 및 피난시설,관광호텔+게스트하우스,,28043,85,제주의 자생식물을 볼 수 있는 수목원,064-733-2200,상효원,2022-12-01
427,새별오름,오름,관광지,,,33.368959,126.350594,,,,,,,제주특별자치도 서부 애월에 위치해 있으며 억새가 아름다운 오름,064-710-2114,제주특별자치도청,2022-12-01
428,새별프렌즈,기타,관광지,제주특별자치도 제주시 애월읍 평화로 1529,,33.362816,126.36336,,,,,,,새별헤이요목장(새별프렌즈)은 새별오름 인근에 위치한다. 알파카· 말· 당나귀· 염소· 양들과 만날 수 있다.,064-710-2114,제주특별자치도청,2022-12-01
429,새별헤이요목장,기타,관광지,,,33.368959,126.350594,,,,,,,새별헤이요목장(새별프렌즈)은 새별오름 인근에 위치한다. 알파카· 말· 당나귀· 염소· 양들과 만날 수 있다.,064-710-2114,제주특별자치도청,2022-12-01
430,새섬,자연,관광지,제주특별자치도 서귀포시 남성중로 40,제주특별자치도 서귀포시 서홍동 7075,33.239228,126.558489,123192,공용주차장+화장실+편의점+음료대+유도 및 안내시설,게스트하우스+펜션,,26781,60,새섬은 모도(茅島)라고 불리며 서귀포시 서귀동에 있다. 억새인 새(茅)가 많아 붙은 이름이다.,064-760-3192,제주특별자치도청,2022-12-01
431,새시믈,자연,관광지,,제주특별자치도 제주시 한림읍 상명리 1666,33.365165,126.271809,97,,펜션+민박,,,0,상명리 주민들의 식수로 쓰였던 마을 샘터,064-740-6000,제주특별자치도청,2022-12-01
432,새연교,기타,관광지,,제주특별자치도 서귀포시 서홍동,33.263958,126.550729,,,,,,,새연교는 새섬으로 가는 통로다. '새'로운 인'연'을 만들어가는 다리란 뜻이 있다.,064-710-2114,제주특별자치도청,2022-12-01
433,샘이오름,오름,관광지,제주특별자치도 제주시 조천읍 516로,,33.384852,126.619547,,,,,,,샘이오름은 해송과 삼나무가 숲을 이룬다.,064-710-2114,제주특별자치도청,2022-12-01
434,생이기정,자연,관광지,,제주특별자치도 제주시 한경면 용수리 산 60,33.315595,126.16737,406.81,,펜션,,,0,올레 12코스에 위치한 절벽길,064-740-6000,제주특별자치도청,2022-12-01
435,샤이니숲길,자연,관광지,,제주특별자치도 제주시 조천읍 교래리 719-10,33.427618,126.66658,950,,펜션,,100,0,삼다수 목장 근처에 있는 작은 숲길,064-740-6000,제주특별자치도청,2022-12-01
436,서건도,자연,관광지,,제주특별자치도 서귀포시 강정동 산 1,33.230324,126.498396,13367,공용주차장+유도 및 안내시설,펜션+게스트하우스,,2906,10,서건도는 제주도에 있는 모세의 기적으로 제주의 숨은 명소다.,064-760-2674,제주특별자치도청,2022-12-01
437,서광리 곶자왈생태탐방로,자연,관광지,,제주특별자치도 서귀포시 안덕면 서광리 산61,33.285127,126.337962,53156,주차장,펜션+게스트하우스,,11556,15,서광리 곶자왈생태탐방로는 서귀포 안덕면 서광리에 위치한다.,064-740-6000,제주특별자치도청,2022-12-01
438,서귀다원,기타,관광지,제주특별자치도 서귀포시 516로 717,제주특별자치도 서귀포시 상효동 1155-17,33.31264,126.596703,,,,,,,서귀다원은 제주특별자치도 청정 유기농 녹차 공원으로 제주도 한라산 해발 250m 에서 녹차를 재배한다.,064-710-2114,제주특별자치도청,2022-12-01
439,서귀본향당,문화유적,관광지,제주특별자치도 서귀포시 이중섭로 23-11,제주특별자치도 서귀포시 서귀동 535번지,33.246168,126.564839,486,,호텔+호스텔+펜션+게스트하우스,2019-11-25,106,,마을의 수호신을 모신 당으로 서귀포시 서귀동에 있다.,064-710-6703,제주특별자치도청,2022-12-01
440,서귀포 겨울바다 펭귄수영대회,문화,관광지,,제주특별자치도 서귀포시 색달동 3039,33.245139,126.411213,20702,주차장+샤워장+공중화장실,펜션+호텔,,4500,130,2020년 1월 1일 제주특별자치도 서귀포시 중문색달해수욕장에서 진행됐다., 064-739-7201,제주특별자치도청,2022-12-01
441,서귀포농업기술센터 제주농업생태원,문화,관광지,제주특별자치도 서귀포시 남원읍 중산간동로 7413,제주특별자치도 서귀포시 남원읍 하례리 1558,33.288099,126.606883,20257,주차장+공중화장실,펜션+리조트,,4404,110,서귀포농업기술센터 제주농업생태원은 제주감귤홍보관· 감귤품종전시실· 감귤숲길· 감귤따기 체험장 등을 갖추고 있다.,064-760-7811,제주특별자치도농업기술원,2022-12-01
442,서귀포 하영올레,자연,관광지,제주특별자치도 서귀포시 중앙로 105,제주특별자치도 서귀포시 서홍동 4401,33.254077,126.560149,3840,주차장+공중화장실,펜션+관광호텔,,835,30,서귀포 하영올레는 서귀포시 원도심의 자연· 문화· 사람을 느낄 수 있는 3개의 도심 도보코스다. ‘하영＇은 ‘많다＇는 뜻으로 공원도 많고· 물도 많고· 먹거리도 많다는 것을 의미한다.,064-760-2651,제주특별자치도청,2022-12-01
443,서귀포매일올레시장,시장,관광지,제주특별자치도 서귀포시 중앙로62번길 18,제주특별자치도 서귀포시 서귀동 340,33.250141,126.563218,15939,주차장+화장실(3동),관광호텔+가족호텔,,3465,500,서귀포매일올레시장은 365일 문전성시를 이루는 서귀포시 대표 상설시장이다.,064-762-1949,서귀포매일올레시장 상인회,2022-12-01
444,서귀포문화재여행,문화,관광지,,제주특별자치도 서귀포시 천지동 96133,33.247166,126.554756,2514,,호텔+펜션,,547,,서귀포문화재 여행에서 서귀포문화재 일원을 걸으며 문화를 향유할 수 있다. 축제는 코로나19 방역 지침에 따라 온·오프라인으로 병행되며 개최지 또한 서귀진지와 솔동산 거리· 이중섭거리로 분산 운영된다.,070-8990-9999,제주마을문화진흥원,2022-12-01
445,서귀포예술의전당,예술,관광지,제주특별자치도 서귀포시 태평로 270 서귀포종합문예회관,제주특별자치도 서귀포시 서홍동 615,33.247167,126.55106,,,,,,,서귀포 예술의전당은 지역 문화예술의 소통을 위해 2014년 개관됐다.,064-710-2114,제주특별자치도청,2022-12-01
446,서귀포의료원,의료,관광지,제주특별자치도 서귀포시 장수로 47,제주특별자치도 서귀포시 동홍동 1530-2,33.256096,126.563064,,,,,,,서귀포시의 유일한 종합병원이다. 제주도 최초 간호·간병통합서비스병동 운영을 통해 의료비 부담을 최소화 하였고· 취약계층 의료지원 및 예방접종사업· 찾아가는 산부인과 등의 다양한 공공의료사업을 했다.,064-710-2114,제주특별자치도청,2022-12-01
447,서귀포자연휴양림,자연,관광지,제주특별자치도 서귀포시 안덕면 화순서서로64번길 64-4,제주특별자치도 서귀포시 안덕면 화순리 1190,33.251941,126.332876,72763,,관광호텔,,,,다양한 생태계를 보여주고 뚜렷한 계절적 감각을 느낄 수 있는 제주권 최고의 휴양림,064-710-2114,제주특별자치도청,2022-12-01
448,서귀포천문과학문화관,기타,관광지,제주특별자치도 서귀포시 1100로 506-1 천문과학문화관,제주특별자치도 서귀포시 하원동 산70,33.287691,126.461989,,,,,,,서귀포천문과학문화관은 제주도 내 최초의 천문우주관련 과학관이다.,064-710-2114,제주특별자치도청,2022-12-01
449,서귀포층패류화석산지,자연,관광지,,제주특별자치도 서귀포시 남원읍 신례리 26-8,33.265979,126.642022,5498,공천포쉼터(화장실)+신례2리복지회관,관광호텔,,,,서귀포층패류화석산지는 대한민국의 천연기념물 제195호로 지정됐다.,064-710-2114,제주특별자치도청,2022-12-01
450,서귀포치유의숲,자연,관광지,,제주특별자치도 서귀포시 남원읍 신례리 72-18,33.263195,126.641722,7104,공천포쉼터(화장실)+신례3리복지회관,게스트하우스+관광호텔,,,,편백나무와 삼나무숲길을 걸으며 치유 받을 수 있다. 2019· 2020 정부 문화체육관광부 '열린관광지'에도 지정되어 있다.,064-710-2114,제주특별자치도청,2022-12-01
451,서귀포칠십리시공원,자연,관광지,,제주특별자치도 서귀포시 대정읍 신평리,33.282914,126.274347,154.675,공용주차장+화장실+안내시설,관광호텔+펜션,,,,서귀포칠십리시공원은 외돌개와 해안올레길을 연결한다.,064-710-6042,제주곶자왈도립공원,2022-12-01
452,서귀포칠십리축제,축제/행사,관광지,제주특별자치도 제주시 애월읍 애월원당길,제주특별자치도 제주시 애월읍 곽지리,33.450921,126.305692,24500,공용주차장(2동)+화장실+공용샤워장,관광호텔+펜션,,12000,150,제주특별자치도 칠십리의 전통을 되살리고· 다양한 사람들의 참여를 도모하는 화합의 장,064-728-3985,곽지 종합상황실,2022-12-01
453,서귀포항,자연,관광지,제주특별자치도 제주시 애월읍 광령8길 24-2,제주특별자치도 제주시 애월읍 광령리 1165-1,33.459066,126.439124,0.32,,관광호텔+펜션,,,,문섬을 바라보며 새연교를 따라 걷는 아름다운 산책,064-728-2731,제주특별자치도청,2022-12-01
454,서귀포해안,자연,관광지,,제주특별자치도 서귀포시 성산읍 고성리 224-33,33.451807,126.92373,143453,공용주차장(2동)+화장실+공용샤워장,게스트하우스+관광호텔,,10000,100,서귀포시 호근동 일대에 펼쳐진 해안경승지,064-710-2114,제주특별자치도청,2022-12-01
455,서귀포향토오일장,시장,관광지,제주특별자치도 서귀포시 중산간동로7894번길 18-5,제주특별자치도 서귀포시 동홍동 779-1,33.267111,126.573818,10916,주차장+화장실(4동)+놀이방(1동),관광호텔+가족호텔,,2373,1000,서귀포향토 오일시장은 서귀포시를 대표한다. 1995년에 개설되어 매월 4일· 9일마다 장이 열린다.,064-794-2940,제주관광공사,2022-12-01
456,서복전시관,문화유적,관광지,제주특별자치도 제주시 애월읍 애월해안로 708,제주특별자치도 제주시 애월읍 구엄리 609-1,33.483507,126.376433,293,공용주차장+편의점(화장실),게스트하우스+관광호텔,,,30,진시황의 불로장생의 꿈인 불로초를 찾아 제주도에 온 것으로 전해지는 서복(徐福)을 기념한다.,064-728-2731,제주특별자치도청,2022-12-01
457,서영아리오름/용와이오름,오름,관광지,,제주특별자치도 제주시 애월읍 구엄리,33.484374,126.376358,723.7,공용주차장+편의점(화장실),게스트하우스+관광호텔,,,30,영아리오름은 신령스러운 산이라는 뜻을 가진다. 서쪽에 있기에 서영아리오름이라고도 불리고· 용와이 오름이라고도 불린다. 정상에서 한라산과 바다를 볼 수 있다.,064-728-2731,제주특별자치도청,2022-12-01
458,서우봉,오름,관광지,제주특별자치도 제주시 구좌읍 구좌해안로,제주특별자치도 제주시 구좌읍 동복리 667-1,33.557418,126.722103,3144,,게스트하우스+관광호텔,,,,서우봉은 푸른 바다와 예쁜 유채꽃밭이 어우러져 멋진 풍경을 자랑한다.,064-728-2731,제주특별자치도청,2022-12-01
459,서중천탐방로,자연,관광지,,제주특별자치도 제주시 구좌읍 하도리 385-12,33.522826,126.897805,3.6,주차장,관광호텔+펜션,,,10,봄에는 참꽃나무· 여름엔 서중천의 시원한 물· 가을에는 단풍· 겨울엔 설경이 좋다.,064-728-2731,제주특별자치도청,2022-12-01
460,서프라이즈테마파크,기타,관광지,,,33.481955,126.640684,,,,,,,서프라이즈테마파크는 최근 문화예술계에서 주목하는 재활용 소재를 활용한 정크아트(Junk Art) 작품을 전시한다.,064-710-2114,제주특별자치도청,2022-12-01
461,석부작박물관,기타,관광지,제주특별자치도 서귀포시 일주동로 8941,제주특별자치도 서귀포시 호근동 569-2,33.250483,126.536701,,,,,,,용암의 신비를 담은 예술 정원,064-710-2114,제주특별자치도청,2022-12-01
462,선녀와나무꾼,기타,관광지,,,33.47903,126.703034,,,,,,,그리운 옛날 그 시절로 돌아가는 추억여행,064-710-2114,제주특별자치도청,2022-12-01
463,선임교,문화유적,관광지,,제주특별자치도 제주시 한림읍 금능리,33.389632,126.228115,4.5,주차장,펜션+관광호텔+게스트하우스,,15000,20,천제연 폭포 위쪽에 있는 아치형의 선임교는 칠선녀다리라고도하며· 국내최초로 고유의 오작교 형태로 건설되었고 양쪽면에 일곱선녀상이 새겨져 있다.,064-728-7672,제주특별자치도청,2022-12-01
464,선족이오름(알선족이),오름,관광지,,제주특별자치도 제주시 한림읍 금능리,33.389929,126.235359,78.484,주차장(2동)+화장실+편의점+음료대+안내시설+공용샤워장,펜션+관광호텔+게스트하우스,,5000,100,아기자기한 등성이가 아름다운 곳,064-728-3983,제주특별자치도청,2022-12-01
465,선흘 곶자왈,트레일,관광지,,제주특별자치도 제주시 조천읍 선흘리 산 12,33.517034,126.717612,20400,화장실+음료대+유도 및 안내시설,호텔+펜션+게스트하우스,,4435,,조천읍 선흘리에 위치한 동백동산은 제주특별자치도 생태체험관광의 또 다른 명소이다. 곶자왈은 연못이 만들어지기 어려운 구조다. 하지만 용암이 식을 때 부서지지 않고 판형으로 남아있는 지형에서는 물이 빠져 내려가지 않고 고여 있게 된다. 이를 ‘파호이호이용암’이라 부르며 제주에서는 동백동산이 유일하다.,064-784-9445,제주특별자치도청,2022-12-01
466,선흘1리,자연,관광지,제주특별자치도 제주시 조천읍 중산간동로 1280,제주특별자치도 제주시 애월읍 금성리 573-1,33.446826,126.298291,5000,,게스트하우스+관광호텔,,,,선흘1리는 가슴 아픈 역사와 문화를 가진다.,064-728-2731,제주특별자치도청,2022-12-01
467,설쿰바당,자연,관광지,,제주특별자치도 서귀포시 안덕면 사계리,33.237032,126.30206,,,,,,,제주특별자치도 바람이 머물다 간 흔적이 고스란히 남아있는 해변,064-710-2114,제주특별자치도청,2022-12-01
468,섬생이,자연,관광지,,,33.935434,126.322764,,,,,,,섬생이는 추자도 남쪽에 있는 풍경이 아름다운 무인도다. 섬모양이 두꺼비 엎드린 모습을 닮았다 하여 섬생이라 불렀다.,064-710-2114,제주특별자치도청,2022-12-01
469,섭지코지,자연,관광지,,제주특별자치도 제주시 구좌읍 김녕리 1296,33.557989,126.751308,300,화장실(2동)+주차장(3동),관광호텔+펜션,,,60,섭지코지에서는 아름다운 해변의 경치를 감상할 수 있다.,064-728-2731,제주특별자치도청,2022-12-01
470,섯알오름,오름,관광지,,제주특별자치도 서귀포시 대정읍 상모리 1618,33.204254,126.281676,,,,,,,섯알오름은 작은 오름이지만 양민학살터로 아픔이 있는 4.3유적지이기도 하다.,064-710-2114,제주특별자치도청,2022-12-01
471,성김대건신부표착기념관,박물관,관광지,제주특별자치도 제주시 한경면 용수1길 108,제주특별자치도 제주시 한경면 용수리 4266,33.322854,126.1678,400,공용주차장+화장실,관광호텔,,,26,용수리의 천주교 성지,064-710-2114,제주특별자치도청,2022-12-01
472,성널오름(성판악),오름,관광지,,제주특별자치도 서귀포시 남원읍 신례리,33.299995,126.6297939,,,,,,,널판지로 성을 쌓은것 처럼 보이는 바위 절벽,064-710-2114,제주특별자치도청,2022-12-01
473,성불오름,오름,관광지,제주특별자치도 제주시 구좌읍 중산간동로 2532,,33.4598166,126.8085053,,,,,,,삼나무와 편백나무가 우거진 오름,064-710-2114,제주특별자치도청,2022-12-01
474,성산 유채꽃재배단지,자연,관광지,,제주특별자치도 서귀포시 성산읍 고성리 270,33.4550168,126.9250554,,,,,,,성산 유채꽃재배단지에서 유채꽃과 성산일출봉· 바다를 배경으로 사진찍을 수 있다.,064-710-2114,제주특별자치도청,2022-12-01
475,성산.오조 지질트레일,트레일,관광지,제주특별자치도 서귀포시 성산읍 오조로 30 (성산읍),제주특별자치도 서귀포시 성산읍 오조로 30 (성산읍),33.456704,126.914984,28400,화장실+편의점,호텔+펜션+게스트하우스,,6174,,성산오조 지질트레일은 오조해녀의집에서 시작된다. 오조해녀의집에서 오른쪽을 향하면 식산봉과 오조리 마을을 만나게 된다. 식산봉은 해발 60m 정도로 높지 않지만· 독특한 생김새로 인해 왜구를 물리쳤다는 전설이 있고 주변의 풍경과 함께 ‘성산10경’의 하나로 꼽힌다.,064-740-6074,제주특별자치도청,2022-12-01
476,성산~세화 해안도로,자연,관광지,,제주특별자치도 제주시 구좌읍 종달리 112-1,33.488067,126.880495,,,,,,,성산~세화 해안도로는 일출이 아름답다.,064-710-2114,제주특별자치도청,2022-12-01
477,성산오조리해안,자연,관광지,제주특별자치도 서귀포시 성산읍 한도로,,33.467855,126.92394,,,,,,,제주에서 조개잡이 체험장으로 유명한 성산 오조리 해안,064-710-2114,제주특별자치도청,2022-12-01
478,성산일출봉,자연,관광지,제주특별자치도 서귀포시 성산읍 일출로 284-12,제주특별자치도 서귀포시 성산읍 성산리 85,33.518008,126.114458,214400,관리사무소+주차장+공중화장실(2동)+임산부 휴게시설,관광호텔+가족호텔,1990-02-10,10000,1000,성산일출봉 천연보호구역은 제주특별자치도 서귀포시 성산읍에 있는 산이며 커다란 사발 모양의 분화구가 특징으로· 유네스코 세계자연유산이자· 천연기념물로 지정되어 있다.,064-712-6988,제주특별자치도청,2022-12-01
479,성산일출축제,문화,관광지,제주특별자치도 서귀포시 성산읍 일출로 28412,제주특별자치도 서귀포시 성산읍 성산리 114,33.518008,126.114458,214400,관리사무소+주차장+공중화장실(2동)+임산부 휴게시설,관광호탤+펜션,,46609,1000,성산일출축제는 서귀포시 성산일출봉 주변에서 매년 1월1일 새해맞이 축제를 연다. 영주 10경 중 제 1경으로 꼽힌다,064-760-4282,제주특별자치도청,2022-12-01
480,성산포항,자연,관광지,제주특별자치도 서귀포시 성산읍 성산등용로 112-7,제주특별자치도 서귀포시 성산리 347-9,33.4721117,126.9331983,,,,,,,제주특별자치도 서귀포시 성산읍에 있는 연안항,064-710-2114,제주특별자치도청,2022-12-01
481,성산항,자연,관광지,제주특별자치도 서귀포시 성산읍 성산등용로 129-21,제주특별자치도 서귀포시 성산리 347-9,33.4674924,126.9320111,,,,,,,성산에서 우도로 갈 때는 성산항을 이용한다. 여행하면서 성산일출봉을 함께 둘러볼 수 있어 국내외 관광객들에게 인기가 많다.,064-710-2114,제주특별자치도청,2022-12-01
482,성읍녹차마을,자연,관광지,제주특별자치도 서귀포시 칠십리로214번길 37,제주특별자치도 서귀포시 동홍동 278,33.244862,126.57184,10.529,공용주차+화장실+편의점+안내시설,가족호텔,,,100,녹차재배의 최적지 청정제주에서 만나는 녹차다원, 064-733-1530,제주특별자치도청,2022-12-01
483,성읍목장,자연,관광지,,제주특별자치도 제주시 조천읍 함덕리,33.547261,126.662035,11.615,주차장,펜션+관광호텔+게스트하우스,,,20,사계절 내내 탁 트인 경관을 자랑해 사진 촬영 포인트로 유명한 성읍목장,064-728-2731,제주특별자치도청,2022-12-01
484,성읍민속마을,문화유적,관광지,제주특별자치도 서귀포시 대정읍 에듀시티로 178,제주특별자치도 서귀포시 대정읍 보성리 산1,33.547261,126.662035,1546757,공용주차장+전망대+휴게쉼터(5동)+화장실,펜션+관광호텔+게스트하우스,2011-12-30,,100,성읍민속마을에서 제주의 문화유산과 옛 생활모습을 볼 수 있다.,064-792-6047,제주특별자치도청,2022-12-01
485,성읍민속마을(술다끄는집· 술익는집),문화유적,관광지,제주특별자치도 서귀포시 산록남로 1246,제주특별자치도 서귀포시 색달동 산52,33.292481,126.42089,4500,공용주차장+화장실(2동),게스트하우스+관광호텔,,2500,50,성읍민속마을에서 제주의 문화유산과 옛 생활모습을 볼 수 있다.,064-738-4433,제주특별자치도청,2022-12-01
486,성이시돌목장,자연,관광지,제주특별자치도 제주시 제주대학로 102,제주특별자치도 제주시 아라일동 1,33.455724,126.56139,12300,,게스트하우스+관광호텔,,,,아름다운 풍경이 있는 목장,064-728-2731,제주특별자치도청,2022-12-01
487,성클라라수도원 금악성당,기타,관광지,제주특별자치도 제주시 한림읍 금악북로 320,,33.3482114,126.319423,,,,,,,성클라라수도원에 부속된 성당,064-710-2114,제주특별자치도청,2022-12-01
488,섶섬(서귀포해양도립공원),자연,관광지,제주특별자치도 서귀포시 성산읍 금백조로 448,제주특별자치도 서귀포시 성산읍 수산리 4710,33.439501,126.82287,12.356,주차장+화장실,관광호텔,,,40,섶섬은 용이 되려는 꿈을 이루지 못하고 죽은 구렁이에 대한 전설이 전해진다. 서귀포시 보목동에 위치한다.,064-787-4711,제주특별자치도청,2022-12-01
489,세계술박물관,문화유적,관광지,제주특별자치도 제주시 명림로 584,제주특별자치도 제주시 봉개동 산 78-1,33.439549,126.8398,3000000,공용주차장(2동)+화장실(2동)+안내시설,펜션+관광호텔+게스트하우스,1997-07-23,2000,130,우리나라 전통주를 비롯하여 세계의 술의 역사를 알 수 있는 박물관,064-787-4711,제주특별자치도청,2022-12-01
490,세계자동차&피아노박물관,기타,관광지,제주특별자치도 서귀포시 안덕면 중산간서로 1610 세계자동차 제주박물관,제주특별자치도 서귀포시 상창리 2065-4,33.2831948,126.349772,,,,,,,자동차와 피아노의 역사와 문화의 모든 것을 볼 수 있다.,064-710-2114,제주특별자치도청,2022-12-01
491,세계조가비박물관,기타,관광지,제주특별자치도 서귀포시 태평로 284,제주특별자치도 서귀포시 서홍동 557-1,33.2474572,126.551644,,,,,,,바다 속 아름다운 조가비 세계를 볼 수 있다.,064-710-2114,제주특별자치도청,2022-12-01
492,세미양오름,오름,관광지,제주특별자치도 서귀포시 칠십리로 156-8,제주특별자치도 서귀포시 서귀동 100-2,33.244804,126.571025,18750,공용주차장+화장실(6동)+유도 및 안내시설+경보 및 피난시설,관광호텔,2003-09-26,70,30,5.16 도로에서 산천단을 지나면 우측에 우뚝선 오름이다. 산정부에 샘이 솟아나와 세미오름이라 부르던 것이· 지금은 한자의 음을 빌어 표기한 三義 讓岳(삼의양악)· 三義岳(삼의악)으로 불려지고 있다.,064-740-6000,제주특별자치도청,2022-12-01
493,세미오름(삼의양오름),오름,관광지,제주특별자치도 제주시 애월읍 구몰동길 65,제주특별자치도 제주시 애월읍 봉성리 3608,33.429344,126.307261,389,화장실+휴게소+사무소,게스트하우스+관광호텔,,,,5.16 도로에서 산천단을 지나면 우측에 우뚝선 오름이다. 산정부에 샘이 솟아나와 세미오름이라 부르던 것이· 지금은 한자의 음을 빌어 표기한 三義 讓岳(삼의양악)· 三義岳(삼의악)으로 불려지고 있다.,064-799-8588,제주특별자치도청,2022-12-01
494,세미오름(샘이오름),오름,관광지,제주특별자치도 서귀포시 색달로189번길 27,제주특별자치도 서귀포시 색달동 3381-1,33.251474,126.41692,512,공용주차장+화장실,관광호텔,,,80,뒤로는 한라산· 앞으로는 제주시내를 품고있다.,064-760-6331,제주특별자치도청,2022-12-01
495,세화오일장,시장,관광지,제주특별자치도 제주시 구좌읍 해맞이해안로 1412,제주특별자치도 제주시 구좌읍 세화리 1500-5 세화민속오일시장,33.267111,126.573818,3127,주차장+화장실(1동),관광호텔+가족호텔,,680,15,세화해변을 낀 동쪽 대표 오일시장,064-794-2940,제주관광공사,2022-12-01
496,세화항,자연,관광지,,,33.489597,126.831664,,,,,,,세화항은 제주의 동쪽 바다에 있는 낚시 명소다.,064-710-2114,제주특별자치도청,2022-12-01
497,세화해수욕장,자연,관광지,,제주특별자치도 제주시 구좌읍 세화리 1-1,33.52335,126.862339,,,,,,,세화해변은 일출이 아름답다.,064-710-2114,제주특별자치도청,2022-12-01
498,세화해안도로,자연,관광지,제주특별자치도 제주시 구좌읍 구좌로,,33.521876,126.861331,,,,,,,세화해안도로는 제주시 구좌읍 세화리에서 서귀포시 성산읍 성산리까지 이어진다.,064-710-2114,제주특별자치도청,2022-12-01
499,소남머리,자연,관광지,,제주특별자치도 서귀포시 서귀동 94-1,33.243431,126.569666,,,,,,,지리학상으로 소머리 모양으로 생겼다는 설과 소나무가 많은 동산이라는 설로 인해 소낭머리· 소남머리로 불렸다. 바다· 숲· 개울 3가지를 한 곳에서 느낄 수 있다.,064-710-2114,제주특별자치도청,2022-12-01
500,소라의성,기타,관광지,제주특별자치도 서귀포시 보목로70번길 6,제주특별자치도 서귀포시 보목동 590-4,33.238657,126.60249,,,,,,,소라의성은 서귀포시 동홍동에 위치하며 해안절벽에 지어졌다.,064-710-2114,제주특별자치도청,2022-12-01
501,소록산,오름,관광지,,,33.398807,126.706334,,,,,,,오름 남측 사면상에도 남서쪽으로 벌어진 작은 말굽형 화구를 갖고 있는 쌍둥이 화산체이며· 화구방향으로 해송· 삼나무가 조림되어 숲을 이루고· 그 반대 사면은 풀밭을 이루고 있다.,064-710-2114,제주특별자치도청,2022-12-01
502,소머리오름,오름,관광지,,,33.492644,126.964298,,,,,,,우도의 머리 부분을 소머리오름이라 한다. 우도의 가장 높은 곳에 자리한다.,064-710-2114,제주특별자치도청,2022-12-01
503,소병악(족은오름),오름,관광지,,제주특별자치도 서귀포시 안덕면 상창리 산2-1,33.306624,126.370456,,,,,,,울창한 자연림이 있는 소병악,064-710-2114,제주특별자치도청,2022-12-01
504,소수산봉(족은물뫼),오름,관광지,,제주특별자치도 서귀포시 성산읍 고성리 887,33.436866,126.912064,,,,,,,소수산봉에서 아름다운 일출봉과 광치기 해안을 볼 수 있다.,064-710-2114,제주특별자치도청,2022-12-01
505,소암현중화기념관,기타,관광지,제주특별자치도 서귀포시 소암로 15 (서귀동) 소암기념관,제주특별자치도 서귀포시 서귀동 157-1,33.245102,126.567566,,,,,,,소암 현중화 선생의 삶과 예술이 숨쉬는 문화공간,064-710-2114,제주특별자치도청,2022-12-01
506,소인국테마파크,기타,관광지,제주특별자치도 서귀포시 안덕면 중산간서로 1878,제주특별자치도 서귀포시 서광리 725,33.290421,126.322602,,,,,,,소인국테마파크에서 세계 각국의 유명건축물을 볼 수 있다.,064-710-2114,제주특별자치도청,2022-12-01
507,소정방폭포,자연,관광지,,제주특별자치도 서귀포시 토평동,33.28441,126.579674,,,,,,,국내 유일의 해안 폭포,064-710-2114,제주특별자치도청,2022-12-01
508,소천지,자연,관광지,,제주특별자치도 서귀포시 보목동 1400,33.239579,126.592174,,,,,,,백두산 천지를 축소시켜 놓은 곳,064-710-2114,제주특별자치도청,2022-12-01
509,손지오름,오름,관광지,,,33.488067,126.880495,,,,,,,한라산의 축소판이라 한라산의 손자라는 의미로 ‘손지오름’이라 불린다. ‘손지’는 ‘손자’의 제주특별자치도 방언이다. 이 외에 손자봉이라고도 부른다. 규모가 작고 비교적 한산하다.,064-710-2114,제주특별자치도청,2022-12-01
510,솔담한방병원,의료,관광지,제주특별자치도 제주시 1100로 3055,,33.456151,126.48637,,,,,,,"""세상의 건강을 담다"" 솔담한방병원은 노형동에 위치한 제주특별자치도 유일 한·양방협진 한방병원이다.",064-710-2114,제주특별자치도청,2022-12-01
511,솔동산8경,유적,관광지,제주특별자치도 서귀포시 서귀동 솔동산로,제주특별자치도 서귀포시 서귀동 솔동산로,33.242897,126.56387,209,,가족호텔,,,,서귀포시 송산동 솔동산 문화의 거리에 8가지 새로운 이야기가 만들어졌다.,064-740-6000,제주특별자치도청,2022-12-01
512,솔트리사립감성수목원,기타,관광지,제주특별자치도 제주시 구좌읍 번영로 2063,,33.4353709,126.7423808,,,,,,,솔트리 수목원은 2015년도에 사립 수목원으로 등재됐다. 병충해약을 뿌리지 않고· 생태계 순환구조를 고려하며 치밀한 전지방법으로 관리한다.,064-710-2114,제주특별자치도청,2022-12-01
513,송계순집터,유적,관광지,,제주특별자치도 서귀포시 대정읍 안성리 1681-1,33.251029,126.277468,460,유도및 안내시설,펜션+관광호텔+게스트하우스,,30,,송계순집터는 추사 김정희가 대정읍에 와서 처음 머문 집터를 말한다., 064-760-2505,제주특별자치도청,2022-12-01
514,송당본향당,유적,관광지,,제주특별자치도 제주시 구좌읍 송당리,33.465817,126.775188,264,주차장,게스트하우스+관광호텔,,50,10,송당본향당은 제주시 구좌읍 송당리에 위치하며 이곳에서 제주특별자치도 민간신앙의 확인할 수 있다.,064-740-6000,제주특별자치도청,2022-12-01
515,송령이골,유적,관광지,제주특별자치도 서귀포시 남원읍 한신로143번길 99,제주특별자치도 서귀포시 남원읍 의귀리 1975,33.318921,126.705382,70,,게스트하우스+관광호텔,,20,,4.3사건 당시 토벌대에게 사살된 무장대의 시신이 송령이골로 옮겨졌다.,064-740-6000,제주특별자치도청,2022-12-01
516,송악산,자연,관광지,제주특별자치도 서귀포시 대정읍 송악관광로 421-1,제주특별자치도 서귀포시 상모리 131,33.2077142,126.2909893,,,,,,,송악산은 서귀포시 대정읍 상모리에 있는 기생화산이다.,064-710-2114,제주특별자치도청,2022-12-01
517,송악산진지동굴,자연,관광지,,제주특별자치도 서귀포시 대정읍 상모리,33.2218976,126.2741296,,,,,,,송악산진지동굴은 전쟁의 흔적이 남아 있는 일제 동굴진지다.,064-710-2114,제주특별자치도청,2022-12-01
518,송죽사터,유적,관광지,,제주특별자치도 서귀포시 대정읍 안성리,33.250781,126.277968,325,,펜션+관광호텔+게스트하우스,,,,송죽사 터는 정온의 절개를 소나무와 대나무에 비유하여 넋을 기린다., 064-760-2505,제주특별자치도청,2022-12-01
519,쇠소깍,자연,관광지,제주특별자치도 서귀포시 쇠소깍로 104,제주특별자치도 서귀포시 하효동 990-1,33.2542498,126.6224923,,,,,,,쇠소깍은 제주특별자치도 올레 5코스의 끝이자 6코스의 시작이다. 바닷물과 민물이 만나는 계곡이다.,064-710-2114,제주특별자치도청,2022-12-01
520,쇠소깍해변,자연,관광지,,,33.2575864,126.6188654,,,,,,,쇠소깍해변은 효돈천과 검은모래 해변이 만나는 곳이다.,064-710-2114,제주특별자치도청,2022-12-01
521,쇠와꽃 승마장,자연,관광지,제주특별자치도 서귀포시 성산읍 섭지코지로25번길 88-17,제주특별자치도 서귀포시 고성리 354-1,33.4493736,126.9207077,,,,,,,성산일출봉을 바라보며 승마를 즐길 수 있다.,064-710-2114,제주특별자치도청,2022-12-01
522,수목원테마파크&LED공원,기타,관광지,제주특별자치도 제주시 은수길 69,제주특별자치도 제주시,33.4721583,126.4880259,,,,,,,수목원테마파크(야시장&LED공원)는 제주아이스뮤지엄· 5D 영상관이 있는 실내 관광지다.,064-710-2114,제주특별자치도청,2022-12-01
523,수목원테마파크(야시장&LED공원),문화,관광지,제주특별자치도 제주시 은수길 69,제주특별자치도 제주시 연동 1320,33.472158,126.488026,,,,,,,수목원테마파크(야시장&LED공원)는 제주아이스뮤지엄· 5D 영상관이 있는 실내 관광지다.,064-710-2114,제주특별자치도청,2022-12-01
524,수산저수지,자연,관광지,,제주특별자치도 제주시 애월읍 수산리 1,33.473469,126.386968,,,,,,,수산저수지는 제주시 애월읍에 있고· 수산봉 기슭에 자리 잡고 있는 제주에서 보기 드문 큰 면적의 인공 저수지이다.,064-710-2114,제주특별자치도청,2022-12-01
525,수악(물오름),오름,관광지,,제주특별자치도 서귀포시 남원읍 한남리 산2-3,33.33526,126.668112,,,,,,,물오름은 제주시 조천읍과 서귀포시 남원읍 경계에 있다. 한라산국립공원에 속하며· 서귀포 시내에서 북쪽의 한라산이 올려다 보이는 곳에 있다.,064-710-2114,제주특별자치도청,2022-12-01
526,수월봉,자연,관광지,,제주특별자치도 제주시 한경면 고산리 3760,33.294755,126.163448,,,,,,,수월봉은 천연기념물 제513호로· 올레12코스에 속한다.,064-710-2114,제주특별자치도청,2022-12-01
527,수월봉 지질트레일 A코스,트레일,관광지,제주특별자치도 제주시 한경면 노을해안로 101370,제주특별자치도 제주시 한경면 고산리 3762,33.293735,126.162815,13200,화장실+편의점,호텔+펜션+게스트하우스,,2870,,효심 가득한 오누이 이야기가 담겨있다. 수월봉 엉알길이라 부른다. (4.6km),064-772-3334,제주특별자치도청,2022-12-01
528,수월봉 지질트레일 B코스,트레일,관광지,제주특별자치도 제주시 한경면 노을해안로 101370,제주특별자치도 제주시 한경면 고산리 3762,33.293735,126.162815,16800,화장실+편의점,호텔+펜션+게스트하우스,,3652,,효심 가득한 오누이 이야기가 담겨있다. 당산봉 트레일이라 부른다. (3.2km),064-772-3334,제주특별자치도청,2022-12-01
529,수월봉 지질트레일 C코스(차귀도),트레일,관광지,제주특별자치도 제주시 한경면 노을해안로 101370,제주특별자치도 제주시 한경면 고산리 3762,33.293735,126.162815,6000,화장실+편의점,호텔+펜션+게스트하우스,,1304,,효심 가득한 오누이 이야기가 담겨있다. 차귀도를 지난다. (3.2km),064-772-3334,제주특별자치도청,2022-12-01
530,수월이못,자연,관광지,,제주특별자치도 서귀포시 대정읍 안성리 1747,33.258372,126.278558,,,,,,,힘없는 마을사람을 못살게 굴던 기생 '수월'의 집터를 깊게 파 빗물이 고여 이룬 못을 수월이못이라 부른다.,064-710-2114,제주특별자치도청,2022-12-01
531,순례자의교회,기타,관광지,제주특별자치도 제주시 한경면 일주서로 3960-24,,33.316518,126.185797,,,,,,,순례자의 교회는 한경면에 위치한 아주 작은 교회다.,064-710-2114,제주특별자치도청,2022-12-01
532,숨도,기타,관광지,제주특별자치도 서귀포시 일주동로 8941,제주특별자치도 서귀포시 호근동 569-2,33.250483,126.536701,,,,,,,숨도는 용암의 신비를 담은 예술 정원이다.,064-710-2114,제주특별자치도청,2022-12-01
533,숫모르편백나무숲길,자연,관광지,,제주특별자치도 제주시 용강동 산 14-1,33.430924,126.595761,,,,,,,숯모르 편백나무 숲길'은 울창한 편백 나무들이 가득하다. 숯모르란 '숯을 굽는 동산' 이란 뜻으로 한라생태숲 일대를 말하는 옛 지명이다.,064-710-2114,제주특별자치도청,2022-12-01
534,쉬리의언덕,자연,관광지,,제주특별자치도 서귀포시 색달동 3039-41,33.281411,126.411112,,,,,,,쉬리의언덕은 쉬리의 마지막 장면을 떠올리게 한다.,064-710-2114,제주특별자치도청,2022-12-01
535,스누피가든,기타,관광지,제주특별자치도 제주시 구좌읍 금백조로 930,,33.444752,126.777532,,,,,,,스누피가든은 야외정원으로· 할로윈 컨셉의 캐릭터를 볼 수 있는 특별전시가 열린다.,064-710-2114,제주특별자치도청,2022-12-01
536,스마트그리드홍보관,기타,관광지,제주특별자치도 제주시 구좌읍 해맞이해안로 712-3,,33.529167,126.853882,,,,,,,스마트그리드 홍보관은 신재생에너지에 대한 소개 및 발전을 보여주는 곳이다.,064-710-2114,제주특별자치도청,2022-12-01
537,시크릿가든촬영지,자연,관광지,제주특별자치도 서귀포시 중문관광로 198 (중문동),,33.242904,126.420435,,,,,,,시크릿가든 촬영지에는 드넓은 잔디밭과 아름다운 중문바다가 있다.,064-710-2114,제주특별자치도청,2022-12-01
538,신대산전망대,자연,관광지,,,33.953129,126.33361,,,,,,,신대산에 있는 전망대,064-710-2114,제주특별자치도청,2022-12-01
539,신대해안,자연,관광지,,,33.953129,126.33361,,,,,,,신대해안길은 추자 10경 중의 하나에 속한다.,064-710-2114,제주특별자치도청,2022-12-01
540,신도포구(돌고래소공원),자연,관광지,,,33.282487,126.188646,,,,,,,도구리를 품속에 둔 신도포구,064-710-2114,제주특별자치도청,2022-12-01
541,신비의도로,기타,관광지,,제주특별자치도 제주시 노형동 291-17,33.450004,126.487959,,,,,,,신비의 도로에서는 세워둔 차가 언덕 위로 올라간다. 제주특별자치도 도깨비도로라고도 불린다.,064-710-2114,제주특별자치도청,2022-12-01
542,신산공원,자연,관광지,,제주특별자치도 제주시 일도이동 830,33.507198,126.533181,,,,,,,신산공원 중심에 올림픽 성화의 도착 기념물이 세워져 있어 88 서울 올림픽을 상징한다. 또한· 1995년 10월에 광복 50주년을 기념해 제주특별자치도 문물을 담은 총 1·250점의 ‘95 제주특별자치도 타임캡슐’을 매설했다.,064-710-2114,제주특별자치도청,2022-12-01
543,신산환해장성,유적,관광지,,제주특별자치도 서귀포시 성산읍 신산리,33.387631,126.891347,1080,,관광호텔,,,,신산공원은 제주시민들이 애용하는 도심 속 공원 중 한 곳이다.신산공원 중심에 올림픽 성화의 도착 기념물이 세워져 있어 88 서울 올림픽을 상징한다. 또한· 1995년 10월에 광복 50주년을 기념해 제주특별자치도 문물을 담은 총 1·250점의 ‘95 제주특별자치도 타임캡슐’을 매설했다.,064-740-6000,제주특별자치도청,2022-12-01
544,신양섭지해수욕장,자연,관광지,제주특별자치도 서귀포시 성산읍 섭지코지로 88,제주특별자치도 서귀포시 성산읍 고성리 186-2,33.4305782,126.9277688,5720,공중화장실(1동)+샤워시설+탈의시설+급수대,호텔+리조트+펜션+게스트하우스,,28000,30,신양섭지해수욕장은 섭지코지 가는 길에 있으며 멋진 풍경을 자랑한다.,064-760-4990,제주관광공사,2022-12-01
545,신양포구,자연,관광지,,제주특별자치도 서귀포시 성산읍 고성리 599-4,33.4445754,126.9095025,724,,호텔+리조트+펜션+게스트하우스,,,,신양포구에서는 성산일출봉과 섭지코지가 한눈에 보인다.,064-712-6988,제주특별자치도청,2022-12-01
546,신양항(하추자항),자연,관광지,,제주특별자치도 제주시 추자면 신양리 434-5,33.9354341,126.3227638,4840,공식안내소+공중화장실(1동),펜션+민박,,,,신양항은 제주올레길 18-1코스의 시작이자 끝이다.,064-712-6988,제주특별자치도청,2022-12-01
547,신양해안도로,자연,관광지,,제주특별자치도 서귀포시 성산읍 고성리 612-1,33.4284772,126.9164426,16350,공용주차장+화장실+음료대+안내시설,호텔+리조트+펜션+게스트하우스+민박,,,,신양해안도로는 성산일출봉을 배경으로 그림처럼 아름다운 풍경이 펼쳐진다.,064-760-2772,제주특별자치도 서귀포시 연안관리팀,2022-12-01
548,신엄포구,기타,관광지,,제주특별자치도 제주시 애월읍 신엄리 2841-13,33.466336,126.368888,3182,공중화장실(1동)+응급함,호텔+리조트+펜션+게스트하우스+민박,,,,애월해안도로와 올레길 16코스 내에 위치한 포구이다.,064-712-6988,제주특별자치도청,2022-12-01
549,신재생에너지홍보관,기타,관광지,제주특별자치도 제주시 구좌읍 해맞이해안로 712-3,,33.529167,126.853882,,,,,,,제주특별자치도 신재생에너지 홍보관은 환경오염 없는 에너지에 대한 홍보와 연구를 위해 건립되었다. 홍보관 자체적으로 풍력과 태양력을 이용해 전기를 생산하고 있다.,064-710-2114,제주특별자치도청,2022-12-01
550,신창~차귀해안도로,자연,관광지,제주특별자치도 제주시 한경면 한경해안로 470,제주특별자치도 제주시 한경면 신창리 1353-1,33.341799,126.171322,,공중화장실+음료대+안내시설,펜션+게스트하우스+민박,,,,붉은 낙조에 물든 해안을 볼수 있는 제주특별자치도 일몰명소,064-712-6988,제주특별자치도청,2022-12-01
551,신창리포구,기타,관광지,,제주특별자치도 제주시 한경면 신창리 348-13,33.345325,126.185526,1710,,펜션+게스트하우스,,,,신창리 포구는 '용천수가 솟는 포구'라는 뜻이다. ‘왕깅이물’ 이라 불렸다. 서쪽에는 마리여등대가 있고· 동쪽에는 풍어와 안전을 기원하는 해신당이 있다. 이곳 근처에는 풍력발전단지가 위치해 꾸준히 돌아가는 풍력발전기를 볼 수 있는데· 포구와 어우러져 색다른 느낌을 연출한다.,064-712-6988,제주특별자치도청,2022-12-01
552,신창풍차해안도로,기타,관광지,,제주특별자치도 제주시 한경면 신창리 1481-23,33.34243,126.171898,,,펜션+게스트하우스,,,,제주도 서쪽 끝과 연결된 신창풍차해안도로는 해상풍력단지가 조성되어 해안도로를 따라 줄지어 서 있는 풍차를 만날 수 있다. 구불구불 해안선을 따라 보이는 하얀 풍차와 에메랄드빛 바다는 상쾌한 가을 풍경을 보여준다. 멀리 차귀도까지 보인다.,064-712-6989,제주특별자치도청,2022-12-01
553,신천리(용궁올레),자연,관광지,,제주특별자치도 서귀포시 성산읍 신천리,33.35161,126.83946,,,펜션+게스트하우스+민박,,,,서귀포시 동쪽에서 신산리쪽으로 조금 가면 '신천리'가 나온다. 12번 국도를 따라 달리면 오른편으로 잔디밭이 보이고 그 너머로 짙푸른 바다가 시야에 담긴다. 해변도로를 가다보면 신천리 목장이 한 눈에 들어오는데· 그 풍경은 관광객의 마음을 사로잡는다. 해변을 따라 걷다보면 바위들이 솟아 올라 있는데· '용머리 바위'와 전설이 담긴 '용궁올레 칼선도리 바위'를 볼 수 있다.,064-712-6990,제주특별자치도청,2022-12-01
554,신천리벽화마을,기타,관광지,,제주특별자치도 서귀포시 성산읍 신천리,33.350605,126.852414,,,,,,,몇 년 전· 한 영화의 촬영지로 선정되면서 마을이 변하기 시작했다. 촬영팀이 영화에 필요한 벽화를 그린 것을 시작으로· 젊은 예술가와 지역 화가들이 힘을 보태 작은 어촌마을에 그림을 채워놓았다. 해녀· 말· 동백꽃· 그리고 만화 캐릭터와 아이디어가 번뜩이는 그림이 가득해· 골목을 들어설 때마다 어떤 벽화가 있을지 궁금하게 만든다. 근처에 있는 마을 신당인 본향당과 천미연대도 함께 둘러보면 좋다.,064-710-2114,제주특별자치도청,2022-12-01
555,신촌4.3성터,문화유적,관광지,,,33.537717,126.613117,,,,,,,신촌리의 4.3 성터는 제주도 4.3 사건 당시에 사람들을 감시하기 위한 목적으로 돌을 직접 쌓아 만든 성터로· 우리 역사의 단면을 보여주는 곳이다. 닭머르해안 인근에 위치하고 있어· 관광객들이 해안길을 걷기 위해 자주 찾는 곳이다.,064-710-2114,제주특별자치도청,2022-12-01
556,신풍리 밭담길,자연,관광지,제주특별자치도 서귀포시 성산읍 신풍하동로 39,,33.36184,126.840596,,,,,,,제주도에서 가장 잘 운영되고 있는 농촌체험마을 중 한 곳인 신풍리는 마을로 향하는 길부터 아름답다. 초가집· 혼례장 등 체험시설도 잘 갖추어져 있고· 고망낚시체험· 돌담쌓기와 집줄놓기 등 전통적인 제주문화 체험이 가능하다. 마을 농산물을 이용한 손두부나 낭푼비빔밥도 맛볼 수 있다.,064-710-2114,제주특별자치도청,2022-12-01
557,신화워터파크,기타,관광지,제주특별자치도 서귀포시 안덕면 신화역사로304번길 38,제주특별자치도 서귀포시 서광리 산24,33.306693,126.338086,,,,,,,파도풀· 유수풀을 포함한 18개의 풀장과 슬라이드· 6개의 매장· 찜질방까지 갖춘 제주특별자치도 최대 실내외 워터파크다. 3·000명까지 수용할 수 있다. 수유실과 어린이 전용 풀장· 아시아 최초로 도입된 2개의 워터 슬라이드· 프라이빗한 휴식을 제공하는 카바나· 소금방·황토방·불가마를 갖춘 찜질방· 햄버거와 생맥주를 즐길 수 있는 매장까지· 온 가족이 원하는 모든 것이 있다.,064-710-2114,제주특별자치도청,2022-12-01
558,신화테마파크,기타,관광지,제주특별자치도 서귀포시 안덕면 신화역사로304번길 98,제주특별자치도 서귀포시 서광리 산35-16,33.306693,126.338086,,,,,,,한국 토종 애니메이션으로 세계적인 인기를 끈 '라바'의 세계관이 담긴 정통 테마파크다. 제주특별자치도 유일의 롤러코스터인 '댄싱오스카'를 포함한 짜릿한 놀이기구에 투바앤의 유머 넘치는 디자인이 그려져 있다. 모험의 시작점인 '로터리파크'를 지나· 신비한 정글 고대 도시 '오스카뉴월드'를 거쳐· 귀여운 캐릭터가 가득한 '라바어드벤처빌리지'에 도착할 수 있다. 15개의 최신 놀이기구와 VR체험과 게임· 퍼레이드와 쇼 등을 즐길 수 있다.,064-710-2114,제주특별자치도청,2022-12-01
559,신효베스트마을,기타,관광지,제주특별자치도 서귀포시 일주동로 8190,,33.260757,126.612511,,,,,,,신효베스트마을에는 '귤향과즐 체험'이 있어 귤향을 미각과 촉각으로 즐길 수 있다. ‘과즐’은 제주식 한과라 할 수 있는데 본래 과즐은 보릿가루 반죽을 기름에 튀겨· 달달한 조청을 발라 좁쌀튀밥 옷을 입혀 만들었다. 하지만 최근에는 튀김 반죽에 감귤과즙을 넣어 그 맛이 한층 깊어졌다. 달지 않아 질리지 않는 건강한 맛으로· 제2의 제주특산물로 부상 중이다. 이곳에서 귤향과즐을 제조· 판매할 뿐 아니라 만들기 체험도 진행하고 있다.,064-710-2114,제주특별자치도청,2022-12-01
560,신흥2리 동백마을,자연,관광지,제주특별자치도 서귀포시 남원읍 한신로531번길 22-1,제주특별자치도 서귀포시 남원읍 남원읍 신흥리 1759-2,33.320436,126.745174,5523,공용주차장+화장실,펜션+게스트하우스,,1201,10,서귀포시 신흥2리 제주동백마을에서는 제주특별자치도 토종 동백나무에서 얻어진 동백을 이용한 다양한 프로그램을 운영한다. 동백비누를 만들거나 주민들이 재래식으로 압착해 짜낸 동백기름을 넣은 동백비빔밥을 맛볼 수 있다.,064-712-6992,제주특별자치도청,2022-12-01
561,신흥리 동백&향나무길,자연,관광지,제주특별자치도 서귀포시 남원읍 한신로531번길 7,제주특별자치도 서귀포시 남원읍 신흥리 1598-1,33.329966,126.731853,549,공용주차장+화장실,펜션+게스트하우스,,119,10,네비게이션에 '덕덜생이'를 치면 향나무와 동백나무로 가득찬 길로 갈 수 있다. 밭으로 가는 길 좁아 운전할 때 주의가 필요하다. 이곳의 방풍림은 동백과 향나무로 이뤄졌다. 그래서 겨울에 더욱 아름다운 풍경을 볼 수 있다. 동백 철이 아닐 때도 사시사철 푸른 향나무의 멋진 기상 때문인지 늘 웨딩 스냅의 명소로 꼽힌다.,064-712-6993,제주특별자치도청,2022-12-01
562,심헌갤러리,예술,관광지,제주특별자치도 제주시 아란14길 3,,33.470795,126.544126,,,,,,,제주도 한라산 아래 아라동에 위치한 심헌갤러리는 벽돌로 차분하게 쌓아올린 문화공간이다. 심헌은 ‘마음이 가득한 집’이라는 뜻으로 이곳의 주인인 도예가 허민자 제주대학교 산업디자인학부 명예교수의 호를 딴 것이다. 원래 1988년부터 공방 심헌도예원이 자리하고 있던 곳에 동쪽으로 2층 건물을 증축하여 심헌갤러리를 개관하였다. 1층에는 ‘마음마루’ 갤러리 카페가 위치해 있으며· 2층에는 40여 평의 전시관이 자리 잡고 있다.,064-710-2114,제주특별자치도청,2022-12-01
563,싱게물공원,자연,관광지,,제주특별자치도 제주시 한경면 신창리 1322-1,33.343377,126.174,2560,공용주차장+음료대,펜션+게스트하우스,,557,40,싱게물(싱계물)공원은 한경면 용수 ~ 신창 해안도로에 있는 곳으로 제주의 드라이브 코스로 손에 꼽힌다. 제주시의 비경 중 하나로 선정됐다. 싱계물공원은 신창풍차해안이라는 이름으로 더 유명한데· 주변의 풍력발전기와 함께 이국적인 풍경을 보여주기 때문이다.,064-712-6994,제주특별자치도청,2022-12-01
564,싱계물해양공원,자연,관광지,,,33.343377,126.174,,,,,,,싱계물공원의 산책로 끝에는 바다로 이어지는 다리가 있는데· 이곳에서 자유롭게 낚시가 가능하다. 바다에 떠 있는 것 같아 보이는 사진이나 근방의 억새를 배경으로 촬영을 많이 하며 최근에는 셀프 웨딩의 명소로 각광받고 있다.,064-712-6995,제주특별자치도청,2022-12-01
565,쌍용굴(한림공원),자연,관광지,제주특별자치도 제주시 한림읍 한림로 300,제주특별자치도 제주시 한림읍 협재리 2487,33.389495,126.239683,2689,공용주차장+화장실+흡연구역+음료대+안내시설+피난시설,리조트+펜션+게스트하우스+민박,,585,300,쌍용굴(쌍룡굴)은 황금굴· 소천굴· 만장굴과 더불어 제주도의 대표적인 용암동굴이다. 동굴의 길이는 약 400m· 너비 6m· 높이는 3m 정도의 규모를 갖는다. 250만년 전 한라산 일대의 화산이 폭발하면서 협재굴과 함께 생성되었다. 용암동굴이자 석회동굴의 특징이 섞인 2차원적인 동굴이라는 점이 그 특징이다. 일대가 모래와 조개껍질이 섞여있는 패사층으로 되어 있다.,064-712-6996,제주특별자치도청,2022-12-01
566,썬플라워의원,의료,관광지,제주특별자치도 제주시 한림읍 금능남로 127,,33.376056,126.244127,,,,,,,국내외 고객 및 환자를 대상으로 최고의 안티에이징 의료서비스와 성형 및 메디컬스킨케어를 제공한다. 건강과 아름다운 외모로 고객의 삶의 질을 높이는 것을 목표로 한다. 천혜의 자연에서 누리는 힐링과 개인별 맞춤 의료프로그램으로 효과적인 관리와 결과를 약속한다.,064-710-2114,제주특별자치도청,2022-12-01
567,아끈다랑쉬,오름,관광지,,,33.475592,126.83015,,,,,,,다랑쉬오름 동남 쪽에 이웃해 있는 오름이다. 제주특별자치도 동쪽에서 오름의 여왕이라 불리는 다랑쉬 오름 바로 맞은편에 자리하고 있다. 다랑쉬 오름처럼 낮고 자그마한 원형 분화구를 갖고 있으며· 비슷한 모양을 띄고 있고 아끈다랑쉬라고 부른다. (아끈이란 버금가는 것· 둘째 것이라는 뜻의 제주특별자치도 방언이다.) 서사면으로 난 작은 길을 따라 10분 정도면 쉽게 오를 수 있으나· 억새의 물결이 장관을 이루는 가을이라면 풍경이 주는 아름다움에 빠져 한 두 시간이 훌쩍 지나가 버릴 수 있다.,064-710-2114,제주특별자치도청,2022-12-01
568,아라리오뮤지엄탑동시네마,기타,관광지,,,33.517422,126.523439,,,,,,,아라리오뮤지엄탑동시네맘은 국내 최고의 미술품 컬렉터로 꼽히는 김창일 회장이 제주특별자치도 탑동 인근 원도심에 버려진 옛 영화관 건물을 이용해 만든 현대미술관이다. 곳곳에 이전의 흔적을 남겨두어 현대 미술품 뿐만 아니라 원도심의 정취를 느낄 수 있다. 세계적으로 유명한 작가의 작품부터 국내 유명 작가의 작품까지 전시돼 있다. 제주에서 만날 수 있을 거라 기대하지 않았던 유명한 작품도 만날 수 있다.,064-710-2114,제주특별자치도청,2022-12-01
569,아르떼뮤지엄,기타,관광지,제주특별자치도 제주시 애월읍 어림비로 478,,33.397377,126.345722,,,,,,,아르떼뮤지엄은 몰입형 미디어아트를 체험할 수 있는 장소이다. 스피커 제조공장이었던 건물을 리모델링하여 면적 1·400평· 높이 10m의 벽을 스크린으로 만들었다. 최신기술을 활용한 미디어아트의 세계가 펼쳐진다.,064-710-2114,제주특별자치도청,2022-12-01
570,아름다운피부과,의료,관광지,제주특별자치도 제주시 도령로 5,,33.486768,126.47999,,,,,,,"""어떤 피부도 자신있는 피부전문병원· 아름다운피부과!"" 모든 의료진은 피부과전문의다. 모든 기기는 안전하게 정품을 사용한다. 또 모든 제품은 정직하게 정량을 준수한다. 지난 18년간 22만여명이 이 피부과를 방문했다. 각종 피부질환 치료 뿐 아니라· 한류피부미용의 선두로 저통증고효율 시술을 개발했다.",064-710-2114,제주특별자치도청,2022-12-01
571,아부오름,오름,관광지,,,33.44766,126.777265,,,,,,,일찍부터 '아보름'이라 불렸다. 혹은 송당마을과 당오름 남쪽에 있어서 '앞오름'이라 하여 이것을 한자로 빌어 표기한 것이 '전악(前岳)'이다. 또한 산 모양이 파여있어 마치 가장이 앉아있는 모습과 같다하여 '아부오름(亞父岳)'이라고도 한다. 오름 둘레까지 어렵지 않게 오를 수 있고· 제주오름의 모습을 가깝게 느낄 수 있어 최근 각광 받고 있다. 오름 정상에 함지박과 같은 굼부리가 파여있다. 특히 굼부리 안 원형 삼나무숲이 주목 받는다.,064-710-2114,제주특별자치도청,2022-12-01
572,아이리스촬영지(하얀등대),자연,관광지,,제주특별자치도 서귀포시 표선면 표선리 9-2,33.326494,126.831638,1041,,리조트+펜션+게스트하우스+민박+모텔,,226,5,드라마 아이리스 시즌1의 마지막 장면에서 이병헌(김현준 역)이 차에서 기다리던 하얀 등대다. 해비치 호텔 앞 올레4코스 시작 장소에 위치한다.,064-712-6997,제주특별자치도청,2022-12-01
573,아이스뮤지엄,기타,관광지,제주특별자치도 제주시 은수길 69,,33.472158,126.488026,,,,,,,다양한 식물과 잘 다듬어진 산책로로 많은 사람들이 도심 속 자연을 느끼기 위해 찾는 한라수목원 근처에는 사계절 내내 겨울인 수목원테마파크 안 ‘아이스뮤지엄’이 있다. 실내에 구성된 아이스뮤지엄은 365일 내내 아무런 제약 없이 이용이 가능하다. 아이스뮤지엄에서는 다양한 형상의 예술적인 얼음조각상 들을 만나볼 수 있으며· 얼음으로 만들어진 미끄럼틀을 체험할 수 있다.,064-710-2114,제주특별자치도청,2022-12-01
574,아침미소목장,기타,관광지,제주특별자치도 제주시 첨단동길 160-20,,33.454442,126.586613,,,,,,,제주시 근교에 자리한 아침미소목장은 건강한 젖소들이 자라는 친환경 목장이다. 넓은 초원에 소들을 방목해 키우며 들판 너머 한라산이 보이는 풍경이 평화롭다. 목장 안에 경치 좋은 카페가 있어 목가적인 분위기를 즐기며 느긋하게 쉬어가기도 좋다. 이곳에서 직접 짠 우유와 요구르트· 치즈 제품들을 맛볼 수 있다.,064-710-2114,제주특별자치도청,2022-12-01
575,아침한의원,의료,관광지,제주특별자치도 제주시 한림읍 한림중앙로 31,,33.412006,126.265377,,,,,,,제주도 서쪽 한림읍에 위치한 한의원으로· 한의학박사 한방내과전문의 원장이 진료하고 있다. 현대인들의 만성적인 어깨통증· 피로· 두통· 어지럼증· 불면증 등을 침과 한약 등 한의학적 치료법으로 효과적으로 치료하고 있다. 또한 우리 몸의 여러가지 증상이나 만성적인 질환들을 체질적인 특징으로 체계화한 한국 고유의 사상체질의학 치료도 하고 있다.,064-710-2114,제주특별자치도청,2022-12-01
576,아쿠아플라넷제주,기타,관광지,제주특별자치도 서귀포시 성산읍 섭지코지로 95 아쿠아플라넷 제주,제주특별자치도 서귀포시 고성리 127-3 아쿠아플라넷 제주,33.432609,126.927175,,,,,,,아쿠아플라넷 제주는 아시아 최대 규모(연면적 2만5600m²· 1만800톤)를 자랑하는 아쿠아리움이다. 이는 63씨월드의 약 11배에 달하는 규모로· 단일 수조로는 세계 최대급을 보유하고 있다. 500여종 4만8000마리의 전시생물 또한 세계 top10 안에 든다. ‘교육과 문화· 엔터테인먼트’를 동시에 즐길 수 있는 ‘어뮤즈먼트 테마파크’를 표방한 <아쿠아 플라넷 제주>는 제주의 앞 바다를 재현한 초대형 수조 '제주의 바다'를 비롯해 ‘해양과학 체험관’· ‘대형 해양공연장’ 등을 운영하고 있어 다양한 컨텐츠를 접할 수 있다.,064-710-2114,제주특별자치도청,2022-12-01
577,아프리카박물관,기타,관광지,제주특별자치도 서귀포시 이어도로 49,제주특별자치도 서귀포시 대포동 1833,33.23984,126.429144,,,,,,,아프리카박물관은 아름다운 제주를 찾는 국내외 많은 관광객들에게 아프리카 문화를 보다 폭넓게 알리기 위하여 제주특별자치도 중문관광단지에 그 터를 잡고 있다. 아프리카에 대한 잘못된 인식과 선입견을 바로 잡을 수 있는 방향을 제시하고· 아프리카 생활과 문화를 간접적으로나마 체험할 수 있는 문화공간이다.,064-710-2114,제주특별자치도청,2022-12-01
578,안덕계곡,자연,관광지,제주특별자치도 서귀포시 안덕면 일주서로 1524,제주특별자치도 서귀포시 안덕면 감산리 359-1,33.256365,126.351837,17896,공용주차장+화장실+안내시설,리조트+펜션+게스트하우스,,3890,80,제주의 계곡 중에서 가장 아름다운 계곡이다. 병풍처럼 둘러쳐진 기암절벽과 평평한 암반 바닥에서 유유히 흐르는 맑은 물이 멋스런 운치를 자아낸다. 안덕계곡은 먼 옛날 하늘이 울고 땅이 진동하고 구름과 안개가 낀지 7일 만에 큰 신들이 일어서고 시냇물이 암벽 사이를 굽이굽이 흘러 치안치덕(治安治德)한 곳이라 하여 붙여진 이름이다. 구실잣밤나무· 참식나무· 후박나무· 동백나무· 감탕나무· 담팔수 등 난대 수림에서 뿜어 나오는 수액이 싱그러움을 더해준다.,064-712-6998,제주특별자치도청,2022-12-01
579,안덕면 사계어촌계,자연,관광지,제주특별자치도 서귀포시 안덕면 형제해안로 13-1,제주특별자치도 서귀포시 안덕면 사계리 2147-30,33.228084,126.304598,67200,화장실+구급함,호텔+펜션+게스트하우스+민박,,14609,70,계리 어촌계는 서귀포시 안덕면 서남부에 위치한다. 이 마을은 2.7km 해안선을 따라 취락이 형성되어 있어 동쪽으로는 산방산· 남쪽으로는 형제섬· 송악산과 가파도· 마라도가 보이는 마을이다. 이곳은 용머리해안과 하멜상선 기념관 등 많은 천연관광자원은 물론이고 바릇잡이 체험· 선상낚시체험· 테우체험· 선상방어낚시체험· 스킨스쿠버체험· 구멍낚시 체험 등 바다체험을 즐길 수 있는 곳이기도 하다. 볼거리뿐만 아니라 사계 어촌계는 활소라· 전복· 홍해삼· 톳 등의 청정 해산물도 유명하다.,064-712-6999,제주특별자치도청,2022-12-01
580,안돌오름,오름,관광지,,,33.457532,126.755848,,,,,,,안돌오름은 북서쪽 봉우리가 정상이고· 남동쪽 봉우리와의 사이에 동쪽으로 골이 패여 말굽형 화구를 이룬다. 화구 안사면의 골이 패인 곳에서만 유일하게 나무가 우거져 자연림을 이룬다. 그 외 사면은 매끈한 풀밭이다.,064-710-2114,제주특별자치도청,2022-12-01
581,안세미(명도오름),자연,관광지,제주특별자치도 제주시 번영로 940,제주특별자치도 제주시 회천동 41,33.474782,126.636592,55701,,관광호텔,,12109,,안세미오름은 오름 자락에 조리세미(명도암물)가 있는데· 이 샘을 중심으로 안쪽은 안세미오름 바깥쪽은 밧세미오름이라고 부른다고 전한다. 이 두 오름을 형제오름· 형제봉이라고 한다.,064-710-6072,제주특별자치도청,2022-12-01
582,알뜨르격납고밭담길,유적,관광지,,제주특별자치도 서귀포시 대정읍 상모리 1629-5,33.202986,126.276903,92600,주차장+화장실 +정자쉼터,펜션+관광호텔+게스트하우스,,,40,아름답고 드넓은 벌판에서 일어났던 숨은 역사의 현장을 배우고 느껴보자,064-710-6258,제주특별자치도청,2022-12-01
583,알뜨르비행장,유적,관광지,,제주특별자치도 서귀포시 대정읍 상모리 411,33.211637,126.284164,1320000,주차장+화장실,펜션+관광호텔+게스트하우스,,,40,알뜨르비행장은 중일전쟁· 남경 폭격을 준비하기 위해 만들어졌다. 약 10년간 모슬포 지역의 주민들을 강제 징용하여 만들었다고 알려져 무고한 제주도민들이 희생된 아픔이 남겨진 곳이다. 일본의 극단적인 전술인 가미카제를 위한 조종 훈련을 이곳에서 시행했다고 알려지고 있다. 넓은 들판 가운데 곳곳에 20개의 격납고가 있으며 19개가 원형의 모습대로 보존되어 있다.,064-710-6258,제주특별자치도청,2022-12-01
584,알밤오름,자연,관광지,제주특별자치도 제주시 조천읍 선흘남4길 229,제주특별자치도 제주시 조천읍 선흘리 산60,33.492292,126.703394,505969,,관광호텔,,109993,,조천읍 선흘1리 목선동 사거리 교차로 도로변에 위치한 오름으로· 정상으로 오르는 길은 목선동 사거리 밭으로 나 있다. 오름 모양이 밤알같이 생겼고· 2개의 밤오름중 웃밤오름에 비해 아래쪽에 있어서 알밤오름이라 부른다.,064-740-6000,제주특별자치도청,2022-12-01
585,알오름(성산읍),오름,관광지,제주특별자치도 서귀포시 성산읍 시흥상동로,,33.476496,126.897007,,,,,,,성산읍 시흥리 시흥초등학교 뒤편에 위치한 오름으로· 시흥초등학교 남쪽으로 난 농로를 따라가면 오름 정상까지 오를 수 있으며· 이 길은 오름 분화구내를 관통하여 구좌읍 종달리로 연결되어 있다.,064-710-2114,제주특별자치도청,2022-12-01
586,알오름(표선면),오름,관광지,,제주특별자치도 제주시 구좌읍 종달리 산 13-1,33.327727,126.777379,101200,공식안내소+공중화장실(2동)+구급함,호텔+리조트+펜션+게스트하우스,,22000,0,제주경마공원 북동쪽에 있는 산업도로변에 있는 ‘알오름’은 올레 1코스의 한 부분으로 관광객들이 자주 찾는 오름이다. ‘알오름’은 생김새가 새알과 같다 하여 붙여진 이름이다. 높직한 숲언덕에 빙 둘러져 있어 둥그스름하며 분화구가 없다. 오름을 오르고 내려오는 데 약 1시간 여 정도 밖에 걸리지 않는 비교적 낮은 오름이기 때문에 부모님이나 아이들과 같이 오르기에도 부담이 없다.,064-740-6000,제주특별자치도청,2022-12-01
587,알작지해변,자연,관광지,제주특별자치도 제주시 테우해안로 60,제주특별자치도 제주시 내도동 465-2,33.496153,126.440321,3413,화장실,호텔+펜션+민박,,742,50,알작지는 제주시 내도동에 위치한 해변으로 공항에서 20분 내에 도착할 수 있다. 기존에는 인근 도민들만 찾던 한적한 곳이었으나. '알작지'라는 명칭이 붙으면서 유명세를 타기 시작했다. 해수욕을 즐기기엔 부적합하지만· 독특한 풍경과 몽돌소리가 주는 특유의 편안함이 있어 힐링을 위해 연중 관광객이 찾는다. 알작지는 동그란 알의 모양을 하고 있는 돌멩이 모양에· 돌멩이를 뜻하는 ‘작지’라는 제주도 말이 더해져 만들어진 명칭이다,064-712-7000,제주특별자치도청,2022-12-01
588,알진오름(안친오름),오름,관광지,,제주특별자치도 제주시 구좌읍 송당리 880,33.477615,126.78664,4684,,펜션+게스트하우스,,1000,0,아진오름· 좌악(座岳)· 좌치악(座置岳)· 아친악(雅親岳) 등 여러 별칭이 있다. 모두 오름의 형상이 두 다리를 벌리고 앉아 있는 사람의 모양과 닮은 데서 유래한 명칭이다. 높이 192m· 둘레 924m· 총면적 4만 6443m² 규모의 기생 화산이다. 전체적으로 나지막하며 북쪽 비탈면에 북쪽으로 입구가 벌어진 말굽형 분화구가 있고· 분화구 안쪽의 넓은 풀밭 한가운데에는 여러 기의 묘가 자리 잡고 있다.,064-740-6000,제주특별자치도청,2022-12-01
589,애월 하물,자연,관광지,제주특별자치도 제주시 애월읍 애월로11길 6,제주특별자치도 제주시 애월읍 애월리 1727-4,33.464856,126.320663,111,,,,,,애월리 마을 중심에 위치한 애월 하물은 한국 명수 100선에 선정된 용천수이다. 과거 하물은 여성용으로 작은 칸은 식수로 다른 넓은 칸은 채소나 빨래· 목욕을 하는 데 사용되었다. 옆에는 정자가 있는 하물공원과 애월의원이 있고 인근에는 애월항과 애월초등학교가 있다. 하물의 물길은 길 아래로 이어져 애월포로 흘러들어 간다.,064-712-6988,제주특별자치도청,2022-12-01
590,애월연대,자연,관광지,,제주특별자치도 제주시 애월읍 애월리 1975,33.465366,126.313366,109,,,,,,애월 연대는 애월리 ‘연디왓’이라 불리는 곳에 자리잡고 있으며· 애월성에서 서쪽 500m 지점이다. 바닷가에서 450m 정도 떨어진 동산 위에 세워져 있는데· 제주도에 있는 여러 연대 가운데 비교적 큰 편에 속한다.,064-712-6988,제주특별자치도청,2022-12-01
591,애월한담해안산책로,자연,관광지,,제주특별자치도 제주시 애월읍 곽지리 1359,33.459057,126.310599,1900,무료주차장+공중화장실(2동),,,,15,‘곽금올레길’이라고도 부르는 한담해안산책로는 애월항에서 곽지과물해변까지 해안을 따라서 조성된 산책로이다. 주변 경관과 조화를 이루고 있어 아름답다. 총 길이는 1.2km이며· 바로 옆에 파도가 첨벙거리는 해안 길을 따라 걸을 수 있다. 2009년 제주시가 기존의 관광 명소 이외에 제주시 일대의 대표적인 장소 31곳을 선정해 발표한 '제주시의 숨은 비경' 31곳 중 하 나이기도 하다.,064-712-6988,제주특별자치도청,2022-12-01
592,애월해안도로,자연,관광지,제주특별자치도 제주시 애월읍 애월해안로,,33.471775,126.344892,70400,,,,,,북서부의 해안선을 따라서 이어진 애월해안도로는 빼어난 제주의 바다 풍경을 감상할 수 있는 약 9km의 드라이브 코스이다. 자전거 전용도로와 도보길도 잘 갖추어져 있어 드라이브 외에도 사이클링과 산책 등의 방법으로 다양하게 즐길 수 있다. 특히· '제주특별자치도 환상 자전거길' 위에 있어 자전거 여행자들의 사랑을 받는다.,064-712-6988,제주특별자치도청,2022-12-01
593,애월환해장성,자연,관광지,제주특별자치도 제주시 애월읍 애월로3길 60,제주특별자치도 제주시 애월읍 애월리 1957,33.468108,126.313203,2400,,,,,,환해장성'이란 제주특별자치도 해안선 약 120㎞에 쌓은 석성을 말하는데· 고려 원종 11년에 몽골과의 강화를 반대하는 삼별초군이 탐라로 들어가는 것을 방어하기 위해 조정에서 쌓게 하였다. 이후에는 지속적으로 정비되며 조선시대까지 왜구의 침입을 방어하는 역할도 하였다.,064-712-6988,제주특별자치도청,2022-12-01
594,약천사,사찰,관광지,제주특별자치도 서귀포시 이어도로 293-28,제주특별자치도 서귀포시 대포동 1161,33.245184,126.44984,56280.61,주차장+화장실,게스트하우스+관광호텔,,,30, 사찰 이름은 봄부터 가을까지 물이 솟는 샘물과 사철 흐르는 약수가 있는 연못 때문에 붙여졌다. 동양 최대 크기의 법당을 자랑하는 절로 1981년 주지로 부임한 혜인에 의해 불사가 크게 일어나 1996년 대적 광전이 세워져 유명해졌다. 29m 높이의 대적 광전은 조선 초기 불교 건축 양식을 띤 콘크리트 건물로 지하 1층· 지상 5층이 통층으로 되어 있고· 법당 앞 종각에는 효도를 강조하는 글과 그림이 새겨진 18t 무게의 범종이 걸려 있다. 사찰에는 조선 시대 임금인 문종과 현덕왕후· 영친왕· 이방자 여사 등 4인의 위패가 모셔져 있다.,064-738-5000,대한불교조계종,2022-12-01
595,어리목계곡,자연,관광지,제주특별자치도 제주시 1100로 2070-61,제주특별자치도 제주시 해안동 산220-13,33.389126,126.494219,,,,,,,어리목계곡은 한라산 등산로 중 등산객이 가장 많이 이용하는 북서쪽 등산로에 위치한 계곡이다. 매표소가 있는 어리목광장에서 10분 정도 올라가면 나온다. 어리목 계곡에서 한 시간 정도 올라가면 제주의 유명한 약수인 사제비물이 있는 해발 1420m의 사제비동산에 이를 수 있다. 사제비동산에서 더 올라가면 제주특별자치도 일대의 경치가 장관을 이루는 만세동산에 이르고· 좀 더 올라가면 해발 1700m의 윗세오름 대피소에 닿을 수 있다. 윗세오름에서 한라산 정산까지는 등산통제구역으로 더 이상 오를 수는 없다. 겨울이면 어리목 광장에서 제주특별자치도 윈터 페스티벌이 열리고· 눈썰매 등 각종 행사가 개장하여 제주특별자치도 겨울 여행의 색다른 재미를 선사한다.,064-713-9950,한라산국립공원,2022-12-01
596,어승생,자연,관광지,,제주특별자치도 제주시 해안동 산220-12,33.383575,126.506796,,,,,,,제주의 화산 중에서 군산 다음으로 큰 산체를 갖고 있는 곳. 정상에는 둘레 약 250m가량의 원형 화구호(火口湖)가 있으나 늘 물이 고여있지는 않다. 남서쪽에는 외도천 상류· 동쪽에는 도근천 상류를 끼고 있다. 오름 정상에는 일제시대 일본군이 설치했던 화포 시설 잔해가 남아 있으며· 남사면 중턱에는 샘이 있다. '어승생오름' 북쪽 기슭에 한밝저수지가 있는데· 명마의 산지로 이름났던 어승생에서 발원하는 물이 계곡을 타서 이곳에 모인다.,064-713-9950,한라산국립공원,2022-12-01
597,어영공원,자연,관광지,제주특별자치도 제주시 서해안로 452,제주특별자치도 제주시 용담삼동 2396,33.51805,126.487169,9970,무료주차장+공중화장실(2동),,,,60,어영공원은 용담이호해안도로에 조성된 공원이자 쉼터이다. 해안을 마주 보고 있어 멋진 풍경을 가지고 있어 방문객이 많은 곳이기도 하다. 어영이라는 명칭은 공원이 있는 어영마을에서 이름을 따온 것으로 ‘어영’은 ‘어염’이라는 제주어가 변한 것이다. ‘어염‘은 이 마을 일대의 바위에서 소금을 얻었다는 것에서 유래한다. 어영공원에는 아이들을 위한 미끄럼틀이 있어 가족과 함께 가기 좋다. 공원 주변에는 해안도로를 따라 벤치들이 마련되어 있어 쉬었다 가기 좋으며 제주특별자치도 올레길 17코스에 해당한다.,064-712-6988,제주특별자치도청,2022-12-01
598,어후오름,오름,관광지,,제주특별자치도 서귀포시 표선면 성읍리 산 181,33.404459,126.797532,1338920,,펜션,,291070,,한라산국립공원 내에 위치하는 오름들은 숨겨진 비경들이 많고 대부분 자연미가 넘쳐나는 곳들이다. 일반인의 출입이 제한이 되는 때문에 원초적인 모습들을 유지한 자연 생태나 환경이 이를 증명해준다. 특히나 10부 능선을 넘나드는 고지대의 오름들은 그 특성이 잘 나타나면서 한라산 기슭의 요지를 차지하여 중요한 구실을 하고 있다.,064-740-6000,제주특별자치도청,2022-12-01
599,엄바위장승,자연,관광지,,제주특별자치도 제주시 추자면 예초리 332,33.952466,126.32917,,,,,,,마을주민들도 엄바위장승에서 기도하고나면 일이 잘풀린다고 믿고있어 자주 찾는 장소이다. 바다를 바라보고 서 있는 거대한 바위와 그 아래 서있는 장승이 엄바위 장승이다. 사람들은 엄바위 장승을 수호신으로 모시고 있다.,064-712-6988,제주특별자치도청,2022-12-01
600,엉덩물계곡,자연,관광지,제주특별자치도 서귀포시 중문관광로 192,제주특별자치도 서귀포시 중문동 2785-2,33.247825,126.41386,610,주차장+공중화장실(2동),,,,152,중문관광단지의 롯데호텔 동편으로 자리한 계곡이다. 큰 바위가 많고 지형이 험준하여 물을 찾는 짐승들조차 접근은 못하고 엉덩이를 들이밀고 볼일만 보고 돌아갔다고 해서 엉덩물계곡이라는 이름이 붙었다고 한다. 봄이면 계곡 경사면을 따라 유채꽃이 만발하여 장관이다. 입장료를 받는 다른 유채꽃 단지와는 달리 무료로 입장할 수 있으며· 평지보다 유채꽃 풍경이 입체적인 특징이 있다.,064-712-6988,제주특별자치도청,2022-12-01
601,엉또폭포,자연,관광지,제주특별자치도 서귀포시 염돈로 121-8,제주특별자치도 서귀포시 강정동 5628,33.268608,126.499993,,주차장,,,,30,엉또'는 '엉'의 입구라고 하여 불려진 이름이다. '엉은' 작은 바위 그늘 집보다 작은 굴· '도'는 입구를 표현하는 제주어이다. 보일 듯 말듯 숲 속에 숨어 지내다 한바탕 비가 쏟아질 때 위용스러운 자태를 드러내 보이는 엉또폭포의 높이는 50m에 이른다. 주변의 기암 절벽과 조화를 이뤄 독특한 매력을 발산한다. 폭포 주변의 계곡에는 천연 난대림이 넓은 지역에 걸쳐 형성되어 있으며 사시사철 상록의 풍치가 남국의 독특한 아름다움을 자아낸다.,064-760-3193,제주특별자치도 서귀포시 공원녹지과,2022-12-01
602,엉알해안,자연,관광지,,제주특별자치도 제주시 한경면 고산리,33.299477,126.16761,7600,,,,,,엉알해안은 제주시 한경면 고산리에 위치하고 있다. 제주시 숨은 비경 31곳에 선정된 엉알해안은 해안절벽이 퇴적층으로 이루어져 있으며· 낙조가 아름다운 곳이다. 유네스코에서 등재한 세계지질공원으로서 올레 12코스에 해당되며· 주변관광지로는 차귀도잠수함관공· 절부암· 고산리선사유적 등이 있다.,064-712-6988,제주특별자치도청,2022-12-01
603,엉알해안산책로,자연,관광지,제주특별자치도 제주시 한경면 노을해안로 1143,제주특별자치도 제주시 한경면 고산리 3616-10,33.306671,126.163997,2000,,,,,,제주특별자치도 말로 ‘엉’은 벼랑과 절벽을 뜻하고 ‘알’은 아래쪽이라는 의미를 가지고 있으며· 엉알산책로는 절벽 아래에 자리 잡은 산책로를 뜻한다. 제주시 숨은 비경 31곳에 선정된 엉알해안은 제주시 한경면 고산리에 있는 곳으로· 화산재가 쌓여 이루어진 지층이 바다와 어우러져 아름다운 곳이며 그 사이로 한적한 산책로가 존재한다. 이 길은 수월봉에서 차귀도 포구까지 이어지며 1km에 달하고 올레 12코스와 닿아 있다.,064-712-6988,제주특별자치도청,2022-12-01
604,에코랜드테마파크,기타,관광지,제주특별자치도 제주시 조천읍 번영로 1278-169,,33.45553,126.668187,,,,,,,에코랜드는 1800년대 증기 기관차인 볼드윈 기종 모델의 기차를 타고· 약 4.5km 거리의 곶자왈을 체험하는 테마파크이다. 곶자왈은 숲이라는 뜻의 '곶'과 돌밭이라는 뜻의 '자왈'이 합쳐진 제주말로· 화산이 분출할 때 용암이 덩어리로 쪼개져 요철 지형이 만들어지면서 형성된 독특한 숲을 일컫는다. 보온과 보습 효과가 높아 다양한 기후대의 식물이 공존하여 학술적으로 가치가 높고· 생명력과 신비로움을 관찰할 수 있는 독특한 분위기를 가진 곳이다.,064-710-2114,제주특별자치도청,2022-12-01
605,엑트몬제주,기타,관광지,제주특별자치도 서귀포시 중문관광로 205 코시롱빌딩 B1층,,33.248795,126.419885,,,,,,,아이들과 놀기 좋은 테마파크,064-710-2114,제주특별자치도청,2022-12-01
606,여미지식물원,기타,관광지,제주특별자치도 서귀포시 중문관광로 93,,33.252661,126.414647,,,,,,,여미지식물원은 중문 관광 단지 북쪽에 위치하며 1132로를 타면 쉽게 갈 수 있다. 아름다운 땅이란 뜻을 지닌 여미지식물원은 동양 최대의 온실을 지니고 있으며· 대지 11만 2200㎡의 외부 정원과 1만 1361㎡의 실내 식물원으로 구성되어 있다. 외부 정원은 야자수와 같은 커다란 나무가 숲을 이루며· 한국· 일본· 이탈리아. 프랑스식 정원을 만들어 놓아 동· 서양의 정원을 감상할 수 있다.,064-710-2114,제주특별자치도청,2022-12-01
607,여절악,오름,관광지,,제주특별자치도 제주시 애월읍 광령리 산 1836,33.372629,126.506038,116502,,관광호텔,,25327,,주변의 오름 군락과 바다를 한눈에 조망할 수 있는 곳,064-740-6000,제주특별자치도청,2022-12-01
608,연남동(서귀포시),문화유적,관광지,제주특별자치도 제주시 516로 304124,제주특별자치도 제주시 아라1동 3751,33.447621,126.554974,3669,공용주차장+공중화장실+편의점+음료대 안내시설,관광호텔+펜션,,798,10,서울의 연남동 감성을 가진 동네,064-710-6656,제주특별자치도청,2022-12-01
609,연대포구,자연,관광지,,제주특별자치도 제주시 외도이동 1956,33.494961,126.426732,3000,무료주차장(2동)+공중화장실(2동),,,,86,제주시 외도의 아파트 단지를 등지고 바다를 바라보면 빨간 등대가 하나 우뚝 서 있는데· ‘마리지포’라고도 불리는 연대 포구이다. 이 포구는 가장 옛날 모습 그대로를 잘 보존하고 있는 포구 중 하나이다. 포구의 모습뿐 아니라 포구 근처에 해녀 탈의장과 물질에 사용했던 태왁이나· 망사리 같은 도구들 역시 그대로 탈의장 한편에 보관되어 있다.,064-728-3383,제주특별자치도 제주시청 해양수산과,2022-12-01
610,연미마을,문화유적,관광지, 제주특별자치도 제주시 연사길 142,제주특별자치도 제주시 오라동 연미마을,33.486944,126.505483,1144,,가족호텔+관광호텔,,,,4.3사건 당시 현장을 볼 수 있다,064-712-6988,제주특별자치도청,2022-12-01
611,연북정,문화유적,관광지,,제주특별자치도 제주시 조천읍 조천리 2690,33.540164,126.636029,37,유도 및 안내시설,가족펜션+독채민박,1971-08-26,,,1971년 8월 26일 제주특별자치도 유형문화재 제3호로 지정되었다. 기록에 따르면· 1590년(선조 23) 당시의 조천관(朝天館)을 다시 짓고 쌍벽정(雙壁亭)이라고 하였다가 1599년에 다시 건물을 짓고 연북정이라고 이름을 바꾸었다. 이것은 유배되어 온 사람들이 제주의 관문인 이곳에서 한양의 기쁜 소식을 기다리면서 북쪽의 임금에 대한 사모의 충정을 보낸다 하여 붙인 이름이라 한다.,064-728-2114,제주관광공사,2022-12-01
612,연화못,자연,관광지,,제주특별자치도 제주시 구좌읍 종달리 산28,33.463033,126.831385,404264,주차장,펜션,,87883,60,연꽃이 많은 연못이라는 데서 이름지어진 연화못은 제주특별자치도 유명한 명소인 더럭분교 인근에 위치하고 있다. 연화못은 넓이가 3·780여 평으로 봉천수에 의한 연못으로는 제주도에서 가장 넓으며 연화못은 마을 안에 위치하고 있어· 갈수기에는 농업용수로 이용할 뿐만 아니라 연꽃·수련·소리쟁이·쇠무릎 등과 각종 수생 식물을 비롯하여 어류 등 다양한 종이 서식하고 있다. 연못 서쪽의 동산에는 팽나무가 우거져 있어 한층 더 경관을 아름답게 한다.,064-710-6041,제주특별자치도청,2022-12-01
613,열리해안길,자연,관광지,,제주특별자치도 서귀포시 하예동,33.233805,126.376659,7400,,,,,,올레길 8코스에 위치한 약 4km 정도의 해안 산책길이다. 논짓물부터 대평리까지 바다를 따라 쉬엄쉬엄 걸으며 풍경을 감상하기 좋다.,064-712-6988,제주특별자치도청,2022-12-01
614,염은영아리오름,자연,관광지,,제주특별자치도 서귀포시 표선면 가시리 산 145,33.382647,126.693311,600325,,관광호텔,,130505,,영아리는 신령스런 산이란 뜻이다. 앞에 ‘물’이란 접두어가 붙은 것은 분화구에 물이 고인 습지를 품고 있기 때문이다. 물영아리오름은 수망리 중잣성 생태 탐방로와 연계되어 있다. 잣성은 제주도의 전통적인 목축 문화 유물로 목초지에 쌓아 올린 경계용 돌담을 뜻한다.,064-740-6000,제주특별자치도청,2022-12-01
615,영등할망 신화공원,문화유적,관광지,제주특별자치도 제주시 한림읍 귀덕11길 19,제주특별자치도 제주시 한림읍 귀덕리 989-2,33.445153,126.294512,1000,주차장+공용화장실,펜션+관광호텔,,,5,귀덕1리 포구에서 해안을 따라 걸어 들어가면 보이는 영등할망신화공원은 영등할망을 비롯한 다양한 스토리를 지닌 석상을 마주할 수 있는 공간이다. 이곳은 과거 제주특별자치도 사람들이 해상 안전과 풍요를 가져다주는 신이라고 믿었던 영등할망과 관련된 신화와 밀접한 관련이 있는데· 그 내용이 신기하고 재미있다.,064-728-7613,한림읍사무소,2022-12-01
616,영모원,문화유적,관광지,,제주특별자치도 제주시 애월읍 하귀리 1130-1,33.464717,126.318599,150,,펜션+관광호텔,,,,영모원은 일제강점기 때 도내에서 가장 많은 항일운동가를 배출했고· 4·3 당시에도 엄청난 인명피해와 재산피해를 당했던 대표적인 마을인 하귀리 주민들 스스로의 노력으로 조성된 데 큰 의미가 있다. 그동안 한 자리에 모시기 어려웠던 4·3희생자의 신위를 한 곳에 모심으로써 화해와 상생의 표본이 되고 있으며· 4·3이후 동서 마을 간에 존재했던 갈등도 풀어내어 마을과 주민화합에도 큰 역할을 하고 있다.,064-712-6988,제주특별자치도청,2022-12-01
617,영실기암,자연,관광지,,제주특별자치도 서귀포시 번지 하원동 산1-4 도순동 산1-1번지 일원,33.349043,126.503012,,,,,,,한라산 백록담 서남쪽 해발 1·600여m의 위치에서 아래로 약250여m의 수직 암벽이 형성되어 있는데· 이 암벽을 구성하는 기암이 병풍처럼 둘러싸고 있는 곳이 영실기암이다. 영실기암은 한라산을 대표하는 경승지로서 영주12경 중 제9경에 해당하며· 춘화· 녹음· 단풍· 설경 등 사계절 내내 아름다운 모습과 울창한 수림이 어울려 빼어난 경치를 보여주는 명승이다. 영실의 절경 뿐만 아니라 영실에서 내려다보는 산방산 일대는 마치 신선이 되어 세상을 내려다보는 것과 같은 풍광을 보여준다.,064-713-9950,한라산국립공원,2022-12-01
618,영아리오름,오름,관광지,,제주특별자치도 서귀포시 표선면 가시리 산 145,33.350883,126.698013,600325,,,,42800,0,영아리는 신령스런 산이란 뜻이다. 앞에 ‘물’이란 접두어가 붙은 것은 분화구에 물이 고인 습지를 품고 있기 때문이다. 물영아리오름은 수망리 중잣성 생태 탐방로와 연계되어 있다. 잣성은 제주도의 전통적인 목축 문화 유물로 목초지에 쌓아 올린 경계용 돌담을 뜻한다.,064-740-6000,제주특별자치도청,2022-12-01
619,영주산,오름,관광지,,제주특별자치도 서귀포시 표선면 성읍리 산 18-1,33.326494,126.831638,504000,,민박,,63500,0,영주산은 해발 326m· 높이 176m인 기생 화산으로 분화구는 남동쪽으로 벌어진 말굽형의 형태를 띠고 있다. 산 입구에서 정상까지는 약 30분 정도 소요되며 경사가 완만해 남녀노소 어렵지 않게 오르내릴 수 있다. 산보다는 제주의 오름 정도로 생각하면 편하게 올라 사진을 찍을 수 있을 것이다. 영주산은 산책로가 있는 동쪽을 제외하고는 모두 가파른 경사면을 가지고 있으니 이 부분은 참고하자. 그렇게 산을 오르다 보면 천국의 계단을 만날 수 있다. 아래에서 올려다보면 마치 하늘과 맞닿아 있어 하늘까지 이어진 계단처럼 보이는 것이 영주산 천국의 계단.,064-740-6000,제주특별자치도청,2022-12-01
620,영천악(영천오름),오름,관광지,제주특별자치도 서귀포시 516로 645-12,제주특별자치도 서귀포시 상효동 산122-1,33.309022,126.599834,131500,,리조트+펜션+민박,,28600,0,영천악은 2005년부터 2008년 한방관 파크 등의 사업의 일환으로 산책로가 잘 정리되어 있으며 5.16로 도로까지 이어져 있다. 정상까지는 약 30분 정도가 소요되며 산책로까지 돌아본다면 총 1시간 30분 정도가 걸린다. 그리 높은 오름은 아니나 올라가는 길이 다소 가파르기 때문에 단단히 준비를 하고 가는 것이 좋다.,064-740-6000,제주특별자치도청,2022-12-01
621,예래생태마을체험축제,문화,관광지,제주특별자치도 서귀포시 예래해안로 253,제주특별자치도 서귀포시 하예동 570,33.236901,126.388956,2547,주차장+공중화장실,관광호텔+펜션,,554,40,예래생태마을의 자연과 문화를 느낄 수 있는 체험관. 체험관 내부에서는 연중 다양한 문화행사와 체험 프로그램을 운영하고 있으며· 주변으로는 예래생태공원이 있다. 예래생태공원은 대왕수천이 흐르는 곳으로· 생태학습장 및 휴식공간으로 활용되고 있으며 2월 경에 방문하면 매화가 만개한 모습을 볼 수 있다.,064-760-4845,제주특별자치도청,2022-12-01
622,예래해안도로,자연,관광지,제주특별자치도 서귀포시 예래해안로,,33.236426,126.388338,24414,,,,,,제주의 남쪽 바다를 가득 안을 수 있는· 다채로운 경관이 기다리고 있는 길. 예래해안로는 예래동의 해안가를 따라서 뻗어있는 약 5km의 길이다. 제주올레길 8코스 '월평-대평 올레'의 일부이기도 하다,064-712-6988,제주특별자치도청,2022-12-01
623,예술공간 이아,예술,관광지,제주특별자치도 제주시 중앙로14길 21,,33.510861,126.521986,,,,,,,예술공간 이아가 있던 터는 조선시대 제주목 이아가 있던 곳이다. 제주특별자치도 원도심에 위치한 만큼· 공방과 갤러리· 카페· 관덕정· 동문시장 등 주변 볼거리가 풍부하다. 예술로 원도심 활성화에 힘을 보태고 있는 이아. 이곳 갤러리에서는 주로 평면· 입체· 영상· 설치· 뉴미디어 등 다방면의 시각예술 전시가 이루어진다,064-710-2114,제주특별자치도청,2022-12-01
624,예절이오름,자연,관광지,,제주특별자치도 서귀포시 남원읍 신흥리 산 18,33.348114,126.735256,110552,,펜션,,24033,,주변의 오름 군락과 바다를 한눈에 조망할 수 있는 곳. 남원읍 신흥리 신흥공동목장 앞에 위치한 예절이오름은 여러 가지 명칭이 있는데· 여절악· 여쩌리· 예절이악이 있으며 ‘건지 뿌리’라고 하는 봉우리가 틀어 올려 얹은머리를 한 성인 여성이 절을 하는 모습을 보고 지어진 이름이라고 한다,064-740-6000,제주특별자치도청,2022-12-01
625,예초리 기정길,자연,관광지,,제주특별자치도 제주시 추자면 예초리 산 1,33.956122,126.334059,,,,,,,예초리 기정길에서 오솔길이 가장 길게 보이는 지점. 기정은 바닷가에 있는 해안절벽을 뜻하는 제주어로 추자도의 아름다운 길에 속한다. 예초리기정길은 하추자도 올레길 18-1코스에 속해 있으며 추자 바다를 옆으로 두고 숲속을 걷는 느낌을 받을 수 있는 산책로 구간이다. 해안절벽 길 끝에 있는 예초리 마을은 고즈넉한 길과 가게들 바다가 있는 해안 풍경이 있다.,064-712-6988,제주특별자치도청,2022-12-01
626,예초리(추자도),자연,관광지,,제주특별자치도 제주시 추자도 예초리,33.953109,126.333605,1290000,,,,,,제주도와 전라남도의 중간 지점에 위치하고· 제주시에 포함된 추자도는 상추자와 하추자로 이루어져 있으며· 부근에 4개의 유인도와 38개의 무인도가 있는 섬이다. 1·600명 가량의 인구가 살고 있는 유인도이다. 제주시에서 추자도는 배로 이동이 가능하고· 1시간 반 정도의 시간이 소요된다. 추자도는 예로부터 멸치 잡이로 유명하며 벵어돔· 돌돔· 참돔· 전갱이 등의 고급 어종이 많이 잡혀 바다 낚시에 대한 인기가 상당히 높다. 근래에 추자올레코스가 생긴 후부터는 낚시꾼 뿐만 아니라 일반 관광객도 많이 찾는 섬,064-712-6988,제주특별자치도청,2022-12-01
627,예초리포구,자연,관광지,제주특별자치도 제주시 추자면 추자로 753,제주특별자치도 제주시 추자면 예초리 200-1,33.955857,126.332389,5148,,호텔+게스트하우스,,,,예초리는 하추자의 동북단에 위치한 작은 포구 마을로서 일반여객선 운항시 기항의 관문마을로 예로부터 예의범절이 가장 잘 지켜지는 마을이라하여 '예초'라고 칭하였다고 한다. 예초리 포구에서는 낚시를 즐기실 수 있으며· 현재 사용하는 포구의 동쪽에는 옛 포구의 흔적인 돌로 쌓은 짧은 방파제가 남아 있다. 그보다 서쪽으로는 현대에 테르타포트와 시멘트를 이용하여 새로만든 포구가 있으며· 방파제 끝에는 등대가 세워져 있다.,064-712-6988,제주특별자치도청,2022-12-01
628,예초리해변,자연,관광지,,제주특별자치도 제주시 추자면 예초리,33.952245,126.332912,2150,화장실 (1동),민박,,,,예초리 해변은 제주올레 18-1코스에 속해 있으며 예초리기 정길을 따라가 다보면 해변이 있다 황사영의 어린 아들 황경한이 발견됐던 곳인 물생이 끝이 예초리 동쪽 해변에 위치해 있다 주변에는 신대산전망대와 눈물의 십자가·황경환의 묘· 모진이 해수욕장 등이 있다. 예초리 해변에는 바위가 많고 해변에서 해녀들이 물질을 한다,064-712-6988,제주특별자치도청,2022-12-01
629,오라동청보리-메밀밭,기타,관광지,,,33.426864,126.5057777,,,,,,,관음사에서 1100로로 이어지는 중산간 길목에 자리한 이곳은 계절에 따라 청보리나 메밀꽃밭으로 바뀌는 유명한 포토스팟이다. 끝이 보이지 않을 만큼 너른 부지에 늦겨울-봄에는 청보리가 넘실대고· 봄-여름에는 메밀꽃이 포슬포슬 내려앉는다. 북쪽으로는 제주바다가 아련히 보이고 남쪽으로는 병풍같이 한라산이 서있어 풍경이 아름답기로는 더할 나위가 없다. 시즌별로 청보리 축제와 메밀꽃 축제를 진행해 왔으며· 아름다운 자연을 배경으로 사진을 찍기 위해 많은 관광객이 발걸음 하고 있다.,064-710-2114,제주특별자치도청,2022-12-01
630,오름터 민속마을,문화유적,관광지,제주특별자치도 서귀포시 표선면 성읍정의현로 99,제주특별자치도 서귀포시 표선면 성읍리 599-1,33.391413,126.800745,500,,펜션+게스트하우스,,,,성읍민속마을 내에 위치한 오름터 민속마을은 제주도 전통 생활 모습을 볼 수 있는 곳이다. 이 마을에는 자체 운영하는 안내소와 해설사 분이 직접 건축물을 안내해 주시며 지역의 삶의 방식이나 언나 등을 설명해주신다. 제주특별자치도 전통 가옥· 오랜 살림살이· 농기구 등 제주의 전통이 보존되고 있다.,064-712-6988,제주특별자치도청,2022-12-01
631,오림반,문화유적,관광지,,제주특별자치도 서귀포시 남원읍 신례리,33.307492,126.626456,,,게스트하우스+펜션,,,,4 3 초기 무장대들이 훈련을 받았던 곳으로 추정되는 곳이다. '오림반'은 일제가 제주도의 산림을 관리하기 위해 41개 구역을 나눴는데 산남의 다섯번째 구역으로 나누어진 데서 붙여진 이름이다. 제주시에서 서귀포로 향하는 제1횡단도로를 가다가 성판악휴게소에서 4㎞쯤 가면 표고버섯 재배지가 나타난다. 숲길을 따라 동쪽으로 200m쯤 가면 넓은 광장이 나오는데· 그 곳이 오림반이다.,064-712-6988,제주특별자치도청,2022-12-01
632,오백나한,자연,관광지,,제주특별자치도 서귀포시 영실로 245(하원동),33.340157,126.479362,969914,주차장+화장실(1동),가족펜션,2011-10-31,,50,한라산 백록담 서남쪽 해발 1천 600여m의 허리에 둘레 약 3·309m· 계곡 깊이 389여m에 2천여개의 기암으로 둘러싸인 계곡으로 한라산을 대표하는 들어서면 하늘을 찌를 듯 솟구쳐 버티어 서있는 2천여개의 돌기둥과 절벽 쪽은 5백여개가 넘는 형형색색의 모양을 한 1경승지이다 1100도로 영실 등반로 입구에서 약 6.5㎞ 들어온 이곳은 백록담· 물장올과 함께 한라산 3대성소(三大聖所)중의 하나로서 이 계곡에 0~20m의 돌기둥이 울창한 숲사이를 뚫고 서 있어 마치 장군이 서 있는 것 같기도 하고 羅漢佛像(나한불상)이 恭待(공대)하여 서 있는 것 같기도 하다.,064-710-7826,영산강유역환경청,2022-12-01
633,오설록뮤지엄,기타,관광지,제주특별자치도 서귀포시 안덕면 신화역사로 15 오설록,,33.305893,126.289534,,,,,,,2001년 9월 개관한 오설록티뮤지엄은 국내외 차 관련 물품과 박물관. 푸른 녹차밭이 펼쳐지는 제주도 서광다원 입구에 위치하고 있다 동서양 전통과 현대가 조화를 이룬 문화의 공간이자· 자연 친화적인 휴식공간으로· 건물 전체가 녹차잔을 형상화하여 만들어졌다 녹차와 한국 전통 차 문화를 이해할 수 있는 학습 공간으로 설록차의 모든 것을 체험해 볼 수 있는 곳이다.,064-710-2114,제주특별자치도청,2022-12-01
634,오조리조개체험어장,기타,관광지,,제주특별자치도 서귀포시 성산읍 오조리 2-3,33.468596,126.9242488,,,,,,,제주도 조개잡이 체험장으로 유명한데 초여름부터 8월 말까지· 음력 날짜로 1일과 15일 전후 3일 정도가 물이 가장 많이 빠져 조개잡이 체험하기에 적절 음력 7일· 22일 전후 2일은 거의 물이 빠지지 않아 주의해야 한다 조개잡이 체험을 하기 위해서는 바지락 호미와 장갑· 조개를 담을 망을 필요하다고 하니 준비해 가야 한다 현재 오조리 해안을 따라서는 자전거 도로가 개설되어 자전거를 이용해 오조리 해안을 둘러보면서 오조리 어촌 종합 센터나 전복죽 판매 식당· 전복 양식당 등도 함께 방문해보는 것도 좋다,064-710-2114,제주특별자치도청,2022-12-01
635,오조포구,자연,관광지,제주특별자치도 서귀포시 안덕면 사계북로41번길 192,제주특별자치도 서귀포시 안덕면 사계리 981,33.463012,126.919547,16000,공용주차장+화장실+편의점+유도 및 안내시설,호텔+펜션+게스트하우스,1971-05-20,3478,,한적하고 조용한 마을에 위치한 오조포구는 바다 위 성산일출봉의 모습이 보이는 풍경이 아름답고 인기 드라마의 촬영지로 쓰여 관광객들이 많이 찾는 곳이다. 옆으로 제주특별자치도 올레 2코스가 지나기도 해서 도보 여행객들도 잠시 머물며 성산일출봉과 바다가 어우러진 경치와 제주올레 2코스를 따라 걷다 보면 보이는 식산봉에 올라 푸른 나무와 맑은 공기 속에서 오조포구의 풍경을 감상하는 것도 좋다,064-792-3363,제주특별자치도청,2022-12-01
636,오페라 옴니아,예술,관광지,제주특별자치도 서귀포시 안덕면 사계북로41번길 192,제주특별자치도 서귀포시 안덕면 사계리 981,33.248194,126.298956,10000,공용주차장+화장실+편의점+유도 및 안내시설,호텔+펜션+게스트하우스,1971-05-20,2174,,르네상스의 젊은 천재 라파엘로· 전 세계에 흩어져 있는 그의 작품들을 이제 제주도에서 <오페라옴니아: 라파엘로展>원본을 실제 사이즈에 맞추어· 고해상도로 재현된 작품을 만나볼 수 있다.,064-792-3363,제주특별자치도청,2022-12-01
637,오현단,문화유적,관광지,제주특별자치도 제주시 오현길 61,제주특별자치도 제주시 이도일동 1421-3,33.510115,126.525628,130,관리사무소+공용주차장,관광호텔+가족펜션,,,,1971년 8월 26일 제주도 기념물 제 1호로 지정되었다. 이곳은 조선시대 제주에 유배되었거나 방어사로 부임하여 이 지방 교학 발전에 공헌한 다섯 분을 배향했던옛 터이다. 오현은 충암 김정선생· 규암 송인수선생· 청음 김상헌선생· 동계 정온선생· 우암 송시열선생 등 다섯분이다. 단은 원래 가락천 동쪽에 충암 김정을 모시는 충암묘를 지은것이 시초였으나 최진남이 충암묘를 장수당 남쪽인 현재의 오현단 안에 옮겨져 있다.,064-710-6702,제주관광공사,2022-12-01
638,옥돔마을,자연,관광지,제주특별자치도 제주시 조천읍 교래3길 98,제주특별자치도 제주시 조천읍 교래리 6061,33.286889,126.750342,4800,화장실+음료대+유도 및 안내시설,호텔+펜션+게스트하우스,,1043,,태흥2리 옥돔경매장에서는 새벽에 하는 경매가 아니기 때문에 부담없이 경매를 볼 수 있다 경매를 하고 바로 경매인에게 옥돔을 구매할 수도 있어 싱싱한 제주산 옥돔을 찾는 사람들은 이곳에서 구매를 하고 옥돔을 테마로 한 다양한 벽화도 주변에 있어서 옥돔과 함께 사진을 찍을 수 있다 옥돔 경매장 바로 앞에는 경매장에서 구입한 옥돔으로 만든 요리를 판매하는 식당도 있다,064-782-1746,제주특별자치도청,2022-12-01
639,온평리 환해장성,자연,관광지,제주특별자치도 제주시 조천읍 교래3길 98,제주특별자치도 제주시 조천읍 교래리 6061,33.252,126.5425,20800,화장실+음료대+유도 및 안내시설,호텔+펜션+게스트하우스,,4522,,온평리환해장성은 성산읍 온평리 해안가에 있다. 올레 2코스의 끝 지점 쪽으로 온평포구와 가까워 올레 3코스에 있는 신산환해장성과 함께 제주도의 해안누리길로 이어진다. 온평리 하동 해안가에서 신산리 마을 경계에 이르는 부분을 온평리환해장성으로 본다 환해장성은 배를 타고 들어오는 외적의 침입을 막기 위해 해안선을 따라가며 쌓은 성이다.,064-782-1746,제주특별자치도청,2022-12-01
640,온평리포구,자연,관광지,제주특별자치도 제주시 조천읍 교래3길 98,제주특별자치도 제주시 조천읍 교래리 6061,33.431718,126.674669,31200,화장실+음료대+유도 및 안내시설,호텔+펜션+게스트하우스,,6783,,전통 등대인 ‘도대’가 남아있는 온평리 마을의 포구다. 제주올레 2코스는 성산의 광치기 해변을 시작으로 다양하고 색다른 매력적인 길들을 따라 걷는 코스다. 코스의 종점이자 3코스의 시작점이기도 한 온평포구는 과거에는 주민들의 터전으로 자리했지만· 현재는 서쪽에 규모가 조금 더 큰 항을 만들어 현재는 올레길을 찾아오는 올레꾼의 조그만 쉼터의 역할을 하고 있다.,064-782-1746,제주특별자치도청,2022-12-01
641,올레여행자센터,기타,관광지,제주특별자치도 서귀포시 중정로 22 제주올레여행자센터,,33.247404,126.558732,,,,,,,제주올레여행자센터는 올레길을 걷는 이들을 위한 길라잡이이자· 합리적인 가격에 숙식을 해결할 수 있는 장소다. 1인실· 2인실· 도미토리형식의 다인룸까지 선택이 다양하고· 세면용품부터 드라이기까지 구비되어 있다. 세탁물을 바로 세탁할 수 있는 서비스도 제공된다. 올레길을 걷다가 쉬어가고 싶다면 이 곳에서는 세미나· 교육프로그램· 다양한 체험 활동까지 제공한다,064-710-2114,제주특별자치도청,2022-12-01
642,옹기마을,자연,관광지,제주특별자치도 제주시 한경면 신정로 514,제주특별자치도 제주시 한경면 조수리 3786-2,33.298851,126.219568,,,,,,, 제주특별자치도 옹기마을은 한경면 조수2리에 위치해 있으며 옛날에는 현지 주민들이 공동으로 가마를 짓는 일부터 제주특별자치도 흙으로 그릇을 만들고 소성하여 공동체 사업으로 오랜 세월을 전통적인 방식으로 옹기를 만들고 공급했던 대표적인 지역으로 100여년 이상 된 가마가 보존되어 있으며 현재 제주전통옹기를 생산하는 사업장이며 제주특별자치도 전통 옹기를 직접 먼들어 볼 수 있는 체험관과 언제든지 관람 가능한 옹기 갤러리· 제주특별자치도 전통 옹기 구매 및 주문제작이 가능하다,064-710-2114,제주특별자치도청,2022-12-01
643,옹포천,자연,관광지,,제주특별자치도 서귀포시 서홍동 791,33.240014,126.545721,,주차장+공중화장실,호텔+펜션+게스트하우스,,,,옹포천은 서부 지역 최대의 용천수가 나는 곳 누운오름 남사면에서 흐르기 시작하여 가린천 지점에서 하천이 둘로 갈라진다. 그 후 중동 마을 양문천 구간에서 합류하여 옹포 해안으로 흐른다. 용천수뿐 아니라 지표수가 풍부한 옹포천은 주변 한림정수장을 통해 한림읍·애월읍·한경면 등 제주시 서부 지역의 상수원 역할을 하고 있다. 이러한 옹포천 용천수를 이용하여 2016년에는 옹포천 주변에 실외 수영장을 개방하였다 탈의실이나 샤워실· 화장실· 파고라 등 편의시설을 제공하고 충분한 안전요원을  상시 배치함으로써 아이들이 마음 놓고 놀 수 있는 환경이 되어 있다.,064-760-3192,제주특별자치도청,2022-12-01
644,옹포포구,기타,관광지,,제주특별자치도 제주시 한림읍 옹포리,33.400581,126.255327,8500,주차장,펜션,,1848,80,비양도를 한눈에 담을 수 있는 일몰이 아름다운 포구· 제주올레 14코스를 걷다 보면 항아리와 닮아 옹포라는 이름이 지어진 마을·비양도가 보이는 옹포포구에 앉아 아름다운 일몰이나 바다와 자연스럽게 조화된 마을의 풍경을 감상하며 제주도의 매력을 느낄수 있다,064-740-6000,제주특별자치도청,2022-12-01
645,와흘본향당,문화유적,관광지,,제주특별자치도 제주시 조천읍 와흘리 1274-1,33.502221,126.639299,15,,펜션+독채민박,,,,제주의 마을에는 '본향당' 이라 해서 마을의 중심이 되는 신앙처가 있다. 와흘본향당은 제주시 조천읍 와흘리마을 입구에 위치하고 있으며· 이 마을 본향당 제는 과거 제주마을제의 모습이 그대로 잘 남아 있어 많은 사람들이 답사하고 있는 곳·마을사람들은 일년에 세 번은 마을의 본향당신을 위해 제사를 드리는데 신년과세제·영등제·백중마불림제·시만곡대제 등의 제사를 지낸다.,064-712-6988,제주특별자치도청,2022-12-01
646,왈종미술관,예술,관광지,제주특별자치도 서귀포시 칠십리로214번길 30,,33.245222,126.5738961,,,,,,,이왈종 화백이 살던 집을 헐고 큰 작업실이 갖고 싶다는 생각에 도자기를 빚어 건물모형을 만들었다. 스위스의 건축가 다비드 머큘러와 한만원 건축설계사가 공동 작업한 미술관은 조선백자 모양으로 만들어 신기함을 더한다. 미술관에는 수장실과 도예실· 전시실이 있으며 도자기· 조각· 회화 작품이 전시되어 있다.,064-710-2114,제주특별자치도청,2022-12-01
647,왕이메오름,오름,관광지,,제주특별자치도 서귀포시 안덕면 광평리 산 79,33.340233,126.374785,462272,,호텔+콘도,,100500,0,왕이메오름은 서귀포시 안덕면 광평로에 위치하고 있다. 오름을 찾아가는 길도 쉽고 오르기에 그리 힘이 들지도 않으면서 제주의 숲길과 오름의 진수를 모두 만끽할 수 있는 오름이다 이 오름은 먼 옛날 탐라국 삼신왕이 이 곳에 와서 사흘 동안 기도를 드렸다고 해서 '왕이메'라고 불리고 있다,064-740-6000,제주특별자치도청,2022-12-01
648,외돌개,자연,관광지,,제주특별자치도 서귀포시 서홍동 791,33.240063,126.5457276,1300,주차장+화장실,게스트하우스,,283,80,제주특별자치도 올레길 7코스의 시작점인 외돌개는 바다에서 20m높이로 솟아난 형상의 돌 기둥이다 바다 위에 홀로 우뚝 서있어 ‘외돌개’라는 이름이 붙여졌다 '장군석’· ‘할망 바위’라는 이름으로도 불리는데· 최영장군이 원나라와 싸울 때· 이 바위를 장군처럼 꾸며 놓아 적군을 자멸하게 했다는 설화가 있다,064-760-3192,제주특별자치도 서귀포시,2022-12-01
649,용눈이오름,오름,관광지,,제주특별자치도 제주시 구좌읍 종달리 산 28,33.492508,126.898571,404264,,펜션,,88000,60,구좌읍에 위치한 용눈이 오름은 해발 247.8m· 높이 88m· 둘레 2·685m 정도 되는 오름으로 360여개의 오름들 중 유일하게 분화구가 3개이다. 봄· 여름에는 잔디가 가을· 겨울에는 억새가 덮이며 계절마다 색이 바뀐다 인체의 곡선처럼 부드러운 능선이 유독 아름다워 많은 사진 작가들이 찾는다. 한 가운데가 움푹 패어있어 용이 누웠던 자리 같다는 뜻을 담아 용와악·용이 놀았던 자리라는 뜻은 담아 용유악·용의 얼굴같다 하여 용안악 등으로 표기되었는데· 실제로 위에서 내려다보면 화구의 모습이 용의 눈 처럼 보이기도 한다,064-710-6041,제주특별자치도청,2022-12-01
650,용담 1동 벽화거리,문화,관광지,,제주특별자치도 제주시 서문로5길 1,33.511743,126.517081,,,,,,,제주시 용담 1동에 조성된 벽화거리로 다양한 벽화 작품을 감상할 수 있고 옛날의 제주특별자치도 생활상을 그린 벽화를 비롯해 알록달록한 꽃 벽화와 캐릭터가 그려진 벽화 등이 있다. 용담 1동 벽화거리는 지정된 공식 명칭은 없으며 용담 1동 벽화골목· 용담 1동 벽화거리 등으로 불리고 있다 제주국제공항과 가깝기 때문에 공항 근처 볼거리를 찾는다면 한 번쯤 방문하기 좋은 곳· 아기자기한 분위기로 멋진 사진을 남기기에도 좋은 곳이며 벽화 거리를 따라 제주특별자치도 현지 골목 정취를 느낄 수 있다 벽화거리 주변에 다양한 식당들이 있고 벽화거리는 실제 주민들이 거주하는 곳에 그려져 있어 방문 시에는 방문 매너를 지키는 것이 좋다.,064-710-2114,제주특별자치도청,2022-12-01
651,용담/용두암해안도로,자연,관광지,,,33.512675,126.484293,5400,,가족호텔,,1174,,용두암부터 시작되어 도두봉까지 이어지는 공항 북쪽의 해안을 따라 만들어진 길로 호텔· 카페· 횟집 등이 밀집 되어있는 올레 17코스 중 일부이다 정식명칭은 서해안로이지만 제주특별자치도 유명 관광지인 용두암과 가까이 자리하고 있어 용두암 해안도로로 널리 알려져 있다 해안도로 중간중간 차를 대고 바다를 볼 수 있는 공원이 조성되어 있고· 바다를 비추는 조명도 설치되어 있어 밤낮으로 바다를 보기 위해 찾는 사람들이 많다,064-740-6000,제주특별자치도청,2022-12-01
652,용담레포츠공원,문화,관광지,,,33.518412,126.499606,,,,,,,용담레포츠공원은 제주시민들의 건강한 레저와 스포츠· 여가 활동을 위해 조성되어진 공원 다양한 활동이 가능한 다목적 운동장· 족구장· 배구장· 롤러스케이트장· 농구장· 수도 시설 등의 편의시설이 잘 갖춰져 있다 해안가에 조성된 공원답게 여름에는 해수욕과 낚시 또한 즐길 수 있다,064-710-2114,제주특별자치도청,2022-12-01
653,용두암,자연,관광지,,,33.514968,126.511703,,주차장+공중화장실,호텔+펜션+게스트하우스,,,,용담2동· 공항 북동쪽 해안에 있는 용두암은 제주관광의 상징과도 같은 곳이다. 공항과 가장 가까운 관광지로 해외 여행자나 단체 여행객들이 자주 찾는 관광지다. 용이 포요하며 바다에서 솟구쳐 오르는 형상을 따 용두암이라 이름 지어졌다 전설에 의하면 인근 계곡 용연에서 살던 용이 승천하려다가 돌로 굳어졌다고 한다 겉으로 드러난 부분의 높이가 10m· 바다 속에 잠긴 몸의 길이가 30m 쯤 된다 용두암을 감상하려면 서쪽으로 100m 쯤 떨어진 곳이 적당하며· 바다가 잔잔한 날보다 파도가 심하게 몰아치는 날이 적격이다,064-728-3918,제주특별자치도청,2022-12-01
654,용두암해안도로카페거리,문화,관광지,,제주특별자치도 제주시 용담3동,33.516466,126.492292,,,,,,,용두암해안도로 카페거리는 공항과 가까운 용담에 위치한 해안도로로 용두암· 용연· 용담레포츠공원· 어영공원과 카페거리 등 주요 볼거리가 해안선을 따라 길게 늘어서 자리 잡고 있다 산책로로도 길이 잘 만들어져 있어 산책하기에도 제격이다 먹을거리· 볼거리가 한데 어우러져 있을 뿐만 아니라 월성선사주거리· 용담선사무덤유적지· 고인돌 등의 중요한 문화유적지도 이 곳에서 볼 수 있다 때문에 제주의 아름다운 해안도로 경치를 만끽하면서 다양한 즐길거리를 찾을 수 있다,064-710-2114,제주특별자치도청,2022-12-01
655,용둠범목제계단길,자연,관광지,,,33.515561,126.512181,,주차장+공중화장실,호텔+펜션+게스트하우스,,,,용둠벙은 대왕산 밑 바닷가에 위치한다. 둠벙은 사투리로 '웅덩이'를 의미하고· 용이 노는 웅덩이 같다며 이름이 지어졌다. 나바론 절벽을 감상하기 좋다.,064-728-1535,제주특별자치도청,2022-12-01
656,용머리해안,자연,관광지,,제주특별자치도 서귀포시 안덕면 사계리 112-3,33.232861,126.314063,,,,,,,용머리 해안은 산방산 자락에서 해안가로 뻗어나가는 곳에 위치· 해식애 앞쪽으로 좁지만 평탄한 파식대가 발달되어 용머리해안을 일주 할 수 있는 탐방로 역할을 하고 있다 한 바퀴 돌아보는데 30분 정도가 소요 된다 마치 바다 속으로 들어가는 용의 머리를 닮았다 해서 용머리해안으로 불린다 수 천 만년 동안 층층이 쌓인 사암층 암벽이 파도에 깎여 기묘한 절벽을 이루고 있다 파도의 치여 비밀의 방처럼 움푹 패인 굴 방이나 암벽이 간직하고 있는 파도의 흔적은 기나긴 역사와 마주할 때의 웅장함을 느끼게 한다 길이 30~50m의 절벽이 굽이 치듯 이어지는 장관은 CF와 영화의 배경으로도 촬영 되었다,064-710-2114,제주특별자치도청,2022-12-01
657,용수항,문화유적,관광지,,제주특별자치도 제주시 한경면 용수리 4234-4,33.323297,126.167335,123.8,주차장+화장실,독채형 펜션+게스트하우스,,,,천주교 김대건 신부의 표착지다. 용수항은 한경면 용수리에 위치한 어촌마을에서 흔히 볼 수 있는 소규모 어항인 용수항. 20척 미만의 어선이 정박하며· 용수리포구 또는 용수포구로 불리기도 한다. 제주올레 12코스의 종착지이자 제주올레 13코스의 출발점인 지점이다 용수항의 옛 이름은 쇠머리코지 자락에 있는 포구라 하여 ‘우두포’라는 이름이 붙었다고 한다.,064-773-1942,한경면사무소,2022-12-01
658,용연(용연구름다리),자연,관광지,,,33.514888,126.514386,,주차장+공중화장실,호텔+펜션+게스트하우스,,,,용연은 제주시 용담동에 위치한 계곡의 물이 유입되는 호수·올레 17코스가 용연 구름다리를 지나고 있다 산등성이부터 바닷가로 흐르는데· 바닷물과 민물이 만나는 물이 신비로움을 선사한다. 용연은 가뭄이 들어도 물이 마르지 않아 이곳에 살고 있는 용이 승천하여 비를 내리게 했다는 전설이 내려오기도 하고· 선인들이 풍류를 즐긴 장소로도 이용되었다고 한다. 나무로 연결되어 있는 용연구름다리는 용연 사이를 잇는 역할을 하며· 붉은 빛이 감도는 정자와 에메랄드 빛 계곡이 마치 그림의 한 폭처럼 어우러진 경관을 감상할 수 있다 용연구름다리는 야경이 멋진 곳으로· 저녁 산책 코스로 손색이 없는 곳이다,064-728-3917,제주특별자치도청,2022-12-01
659,용연선상음악회,문화,관광지,,제주특별자치도 제주시 용담이동 2581,33.512436,126.514062,3000,,펜션+게스트하우스,,652,,2002년부터 용연야범을 음악회로 재현한 문화축제인 용연선상음악회를 매년 음력 7월 14일경에 개최하고 있다 용연선상음악회는 조선조 후기부터 여름 뱃놀이나 시회· 주연 등을 베풀던 용연에서 당시 풍류문화를 재현하는 축제를 개최함으로써 도민은 물론 관광객들에게 볼거리를 제공하는 축제이다,064-740-6000,제주특별자치도청,2022-12-01
660,우도 봉수대,문화유적,관광지,,제주특별자치도 제주시 우도면 연평리 798,33.524575,126.952675,5.8,공용주차장,가족펜션+게스트하우스,,,,우도 봉수대(망루)는 봉(횃불)과 수(연기)라는 의미로 급한 소식을 전하던 조선시대 군사통신시설이다. 군사목적으로 봉수를 사용한 것은 고려시대부터라고 기록이 전해지며 제주에서 봉수시설이 체계적으로 정비되어 본격적으로 군사적 통신시설로 사용 된 것은 조선 세종때 부터이다 봉수는 1895년 봉수제가 폐지 될 때까지 조선시대 대표적인 군사적 통신수단이 되었고 우도에서도 망루라고 하여 5인 1조로 근무를 하였다고 한다,064-728-1527,제주특별자치도청,2022-12-01
661,우도 비양도,자연,관광지,,제주특별자치도 제주시 우도면 연평리,33.514858,126.968176,,,호텔+펜션+게스트하우스,,,,비양도라는 이름은 섬에서 해뜨는 광경을 보면 수평선 속에서 애가 날아오르는 것 같다고 해서 붙여진 이름· 해녀 마을로도 유명하다. 우도에서 육로로 연결된 비양도는 제주도의 가장 큰 섬인 우도면의 동쪽에 있는 작은 섬 비양도엔 초원으로 된 넓은 캠핑장이 조성되어 있어 백패킹이나 캠핑을 하기 좋다,064-740-6000,제주특별자치도청,2022-12-01
662,우도(해양도립공원),자연,관광지,,,33.407772,126.256964,230747,주차장+공중화장실,호텔+펜션+게스트하우스,,50162,,우도는 소가 누워있는 모양을 닮았다고 해서 일찍부터 소섬 또는 쉐섬으로 불린다 완만한 경사와 옥토· 풍부한 어장· 우도팔경 등 천혜의 자연조건을 갖춘 관광지로써 한해 약 200만 명의 관광객이 찾는 제주의 대표적인 부속섬이다 성산항과 종달항에서 우도가는 배를 탈 수 있는데 어디서 출발하든 15분 정도 소요된다 섬의 길이는 3.8km· 둘레는 17km로 쉬지 않고 걸으면 3~4시간 걸리는 거리지만· 버스나 자전거· 미니 전기차를 타고 유명한 관광지 위주로 돌아 볼 수 있다 경사가 완만한 천진동 코스와 경치가 멋진검멀레 해안코스가 있고 우도봉에 올라 우도의 전경도 볼 수있다,064-740-6000,제주특별자치도청,2022-12-01
663,우도등대,자연,관광지,제주특별자치도 제주시 우도면 우도봉길 105,제주특별자치도 제주시 우도면 연평리 337,33.493006,126.96496,100,,민박+펜션,,22,,우도 등대는 제주도에서 가장 동쪽에 위치한 등대로· 1906년 3월 처음 불을 밝혔다2003년 12월에는 높이 16m의 원형 콘크리트 등대를 신축하였고· 국내 기술로 개발한 대형 회전식 등명기를 설치해 50km밖에서도 확인 가능한 불빛을 비추고 있다 주변에는 우리나라 최초로 등대를 테마로 한 등대 공원을 조성하여 지역 경제 발전에 기여하고 있다 등대 공원에서는 홍보 전시실 및 항로 표지 3D체험관과 세계 7대 불가사의 중 하나인 파로스 등대 등 국내외 유명한 등대 모형 14점을 전시하여 우도봉에 올라 즐거움을 느낄 수 있다,064-783-0180,제주특별자치도청,2022-12-01
664,우도봉,오름,관광지,,제주특별자치도 제주시 우도면 연평리 산17,33.492855,126.963337,13402,휴게소+공중화장실,펜션+게스트하우스+민박,,2900,50,우도봉은 해발 132.5m정도로 우도에서 가장 높은 봉우리다 소가 머리를 들고 누워있는 형태를 띠고 있는데· 머리에 해당하는 부분을 쇠머리오름(우도봉)이라 하며 우도사람들은 '섬머리'로 통한다 오름의 남동 사면은 곧바로 높이 100m의 해안단애를 이루며 바다로 내리지르고· 북사면은 용암유출에 의해 파괴된 형태로 완만한 용암대지의 우도마을로 이어져 있어 오름이 곧· 섬 그 자체다,064-740-6000,제주특별자치도청,2022-12-01
665,우도산호해변 홍조단괴 서빈백사,자연,관광지,제주특별자치도 제주시 우도면 우도해안길 252,,33.507434,126.954269,,,,,,,에메랄드빛으로 부서지는 햇살 아래 하얗다 못해 푸른빛이 감도는 서빈백사해변은 우도 서쪽의 하얀모래해변이라 하여 서빈백사라고 불리며 모래는 해양 조류 중 하나인 홍조가 해안으로 쓸려와 퇴적된 것으로· 홍조단괴 산호해변으로도 불린다 수심에 따라 바다 빛깔이 달라 남태평양이나 지중해의 어느 바다와 비교해도 손색이 없다홍조단괴란 홍조류가 생리과정에서 탄산칼슘을 축적하여 돌처럼 단단하게 굳어져 버린 상태를 말한다 홍조단괴로 이루어진 해변은 세계에서도 몇 곳 없어 학술적으로도 희소 가치를 지닌다. 우리나라에서도 천연기념물 제438호로 지정하여· 반출을 금지하고· 보호하고 있다,064-710-2114,제주특별자치도청,2022-12-01
666,우도스쿠터여행,기타,관광지,,,33.506491,126.953361,,,,,,,스쿠터는 10·000원· 자전거는 5·000원· ATV는 20·000원에 대여할 수 있다,064-710-2114,제주특별자치도청,2022-12-01
667,우도잠수함(제주씨월드),기타,관광지,제주특별자치도 서귀포시 성산읍 성산등용로 112-7,,33.472112,126.933198,,,,,,,제주씨월드(주) 우도잠수함은 '섬속의 섬' 우도에서 신비의 해저 세계와 세계자연유산 및 세계 7대 자연경관에 선정된 성산일출봉을 한 눈에 관람할 수 있다. 성산포항에서 해저잠수함 선착장까지 이동하면서 유람선을 타고 우도 해상비경 및 성산일출봉까지 즐기고· 선착장에서는 잠수함을 타고 바다 밑으로 내려간다. 이동거리가 국내 최대인 500m로 30m 아래 바닷속에서 지상에선 보기 힘든 바라 아래 세계의 아름다움을 감상할 수 있다,064-710-2114,제주특별자치도청,2022-12-01
668,우포토 시네마 갤러리 카페,기타,관광지,,제주특별자치도 서귀포시 대정읍 상모리 2625-5,33.225295,126.265977,,,,,,,대한민국의 영화 사진계를 이끌어 온 우명률 사진작가가 고향인 제주에 내려와 우포토시네마갤러리 카페를 열었다. 작가가 소장하고 있는 영화 스틸사진과 영화 포스터뿐만 아니라 영화 대본· 영화 관련 서적 및 오래된 카메라 등을 만날 수 있다 신성일· 남궁원· 황해· 김지미· 문희· 엄앵란 등 한국 영화계를 이끈 유명 배우들의 영화 속 사진과 우리에게 잘 알려진 남진· 나훈아· 안성기· 최민식· (故)최진실 등 그들의 리즈 시절 사진들을 볼 수 있다. 1층은 카페와 스튜디오· 2층에는 갤러리가 있고 만약 특별한 사진을 남기고 싶다면 우명률 작가가 사진을 찍어 준다,064-710-2114,제주특별자치도청,2022-12-01
669,웃밤(웃바매기·웃밤오름),자연,관광지,,제주특별자치도 제주시 조천읍 선흘리 산 84,33.478317,126.71422,376587,,관광호텔,,81867,,조천읍 선흘리 알밤오름 남쪽 약 1Km지점에 위치한 오름으로· 선흘1리 목선동 사거리에서 선흘2리 선인동 방향으로 조금 가다보면 도로 좌측에 시멘트 포장길이 오름 앞까지 나 있다. 알밤오름과 남북 방향으로 마주 서 있고 알밤오름 위쪽에 있어서 웃밤오름이라 부르고 있다 남사면 쪽에서 보면 통통한 밤알모양을 하고 있고· 북사면 쪽에서는 동쪽이 뾰쪽한 정상부에서 등성이가 서북쪽으로 휘어져 북쪽으로 벌어진 말굽형 화구를 이루고 있다 화구 아래쪽에는 선세미라 부르는 샘이 있는데 예전에는 인근 마을에서 길어다 먹었다고 하며· 아무리 가물어도 마르는 일이 없다고 한다 남사면은 가시덤불에 해송이 듬성듬성 식생하고· 동서사면 일부와 화구안부쪽으로는 자연림의 울창한 숲을 이루고 있다,064-740-6000,제주특별자치도청,2022-12-01
670,웃세오름(누운오름),오름,관광지,제주특별자치도 제주시 애월읍 1100로 1579-25,제주특별자치도 제주시 애월읍 광령리 산183-4,33.372737,126.506274,28263,대피소+공중화장실+샘터,펜션,,6100,0,한라산 정상밑에 서쪽으로 웃세오름 대피소주변에 영실등산 코스를 따라서 3개의 오름이 서로 이어져 있는데· 이 오름들은 1100고지 부근의 세오름(삼형제오름)에 비해 위쪽에 있다고 하여 웃세오름(일명 윗세오름)이라고 부른다 웃세오름은 각각 독자적인 호칭을 가지고 있는데· 위로 부터 남사면에 붉은 흙이 드러나 있는 것이 붉은오름· 가운데 길게 가로누운 것이 누운오름· 막내격인 작은 오름이 족은오름 또는 새끼오름이라고 부른다 이들은 삼형제에 빗대어 맏이를 큰오름· 둘째를 샛오름· 막내를 족은오름이라고도 한다 웃세오름은 봄철 철쭉과 진달래꽃이 필때는 꽃바다를 이루어 등산객의 탄성을 자아내기도 한다 이곳은 노루의 서식밀도가 높아 노루가 보통 사람을 피하는 동물인데도 불구하고 사람과 친숙해져 등산로를 따라 등반객이 지나가도 달아나지 않고 자주 나타나 노루 관찰에도 좋은 곳이며 붉은오름과 누은오름사이 남쪽 등산로변에 노루샘이 있어 등반하기 좋다,064-740-6000,제주특별자치도청,2022-12-01
671,웃세오름(족은오름),오름,관광지,제주특별자치도 제주시 애월읍 평화로,,33.409965,126.398862,,,,,,,한라산 정상밑에 서쪽으로 웃세오름 대피소주변에 영실등산 코스를 따라서 3개의 오름이 서로 이어져 있는데· 이 오름들은 1100고지 부근의 세오름(삼형제오름)에 비해 위쪽에 있다고 하여 웃세오름(일명 윗세오름)이라고 부른다 웃세오름은 각각 독자적인 호칭을 가지고 있는데· 위로 부터 남사면에 붉은 흙이 드러나 있는 것이 붉은오름· 가운데 길게 가로누운 것이 누운오름· 막내격인 작은 오름이 족은오름 또는 새끼오름이라고 부른다 이들은 삼형제에 빗대어 맏이를 큰오름· 둘째를 샛오름· 막내를 족은오름이라고도 한다 웃세오름은 봄철 철쭉과 진달래꽃이 필때는 꽃바다를 이루어 등산객의 탄성을 자아내기도 한다 이곳은 노루의 서식밀도가 높아 노루가 보통 사람을 피하는 동물인데도 불구하고 사람과 친숙해져 등산로를 따라 등반객이 지나가도 달아나지 않고 자주 나타나 노루 관찰에도 좋은 곳이며 붉은오름과 누은오름사이 남쪽 등산로변에 노루샘이 있어 등반하기 좋다,064-710-2114,제주특별자치도청,2022-12-01
672,원당봉,문화유적,관광지,제주특별자치도 제주시 원당로16길 16-30,,33.526251,126.598385,,,,,,,원당봉이라는 유래는 원나라 때 이 오름 중턱에 원나라의 당인 원당(元堂)이 있었음에 원당봉(오름)· 조선시대때 원당봉수가 세워진 데서 망오름· 삼양동에 위치하고 있음에· 삼양봉· 3개의 능선에 7개의 봉우리가 이어져 있어 원당칠봉(일명 삼첩칠봉)이라고도 불려진다 관광객들이나 시민들이 아침 일찍 일출을 보며 산책로로 좋아하는 곳으로 삼양 일주도로에서 삼양 화력발전소까지 뻗쳐 있으며· 좋은 공기를 마시며 가볍게 등산 할 수 있다 30분 내외로 오를 수 있는 오름을 가볍게 오르면· 고즈넉하고 아름다운 절이 나오고· 그 안의 연못까지 완벽하게 느껴진다. 오름의 위에서 내려다 보이는 제주특별자치도 시내와 파란 바다를 한 눈에 담을 수 있다는 점도 매력적인 곳이다,064-710-2114,제주특별자치도청,2022-12-01
673,원동,문화유적,관광지,제주특별자치도 제주시 애월읍 평화로 1984,제주특별자치도 제주시 애월읍 소길리 1363-5,33.400174,126.380179,98,,관광호텔+펜션,,,,1948년 11월 13일(음· 10. 13)· 원동마을에서는 30여 명이 군인들에 의해 집단학살을 당했다. 당시 학살에서 겨우 살아 남은 늙은이들과 부모를 잃은 10세 미만의 어린아이들 30여 명이 하귀· 곽지· 고내 등지로 소개되어· 40여 년간 고향을 등진 채 뿔뿔이 흩어져 살다가 40여 년이 지난 지금에야 자신의 선조들이 살았던 땅에 잃어버린 40여 년간의 삶을 되찾으려고 모여들기 시작하고 있다 활짝 핀 억새꽃이 한라산 자락에 지천으로 깔려있는 넓은 들판 한가운데로 제주시와 모슬포를 잇는 서부산업도로가 시원스럽게 뚫려 있다,064-712-6988,제주특별자치도청,2022-12-01
674,원수악(원물오름),오름,관광지,,제주특별자치도 서귀포시 안덕면 동광리 산 41,33.322639,126.3456997,,,,,,,원물오름이라는 이름은 '원(院)물'이 있다 그 원이 지명에 연결되어 이 샘을 월물이라 불리었고· 오름도 원물오름이 되었다 마실 물이 있는 중간지점에 잠시 쉬어갈 수 있도록 '원'(院)을 두는데 이 오름 남쪽에 샘이 있어 이곳을 '원'으로 삼았다는 것이다 연못은 3개로 이루어져있고 옛날에는 북쪽은 식수로· 남쪽과 서쪽 연못은 우마급수용으로 사용했던 물이지만 지금은 관상용으로 있다 2012년 습지연못 복원사업으로 남쪽 연못에 정자와 관람로를 만들었다,064-710-2114,제주특별자치도청,2022-12-01
675,원앙폭포,자연,관광지,제주특별자치도 서귀포시 돈내코로 137,,33.30053,126.5817449,,,,,,,돈내코 입구에서 산책로를 따라 20분 정도 걸어 들어가면 만날 수 있는 원앙폭포는 1994년 6월 제주도 종합개발계획에 의하여 개발된 관광지· 이곳은 깊은 골짜기와 폭포· 울창한 상록수림이 어우러져 장관을 이룬다 두 개의 물줄기가 떨어지고 금슬 좋은 원앙 한 쌍이 살았다하여 원앙폭포라는 이름이 붙여졌다. 계곡 내에는 희귀 식물인 제주 특산 한란과 겨울딸기가 자생하는 것을 볼 수 있다.,064-710-2114,제주특별자치도청,2022-12-01
676,월나봉(도래오름),오름,관광지,,제주특별자치도 제주시 우도면 연평리 24731,33.505802,126.941779,46000,공중화장실(7동)+안내소,민박+펜션,,10000,,명승지인 안덕계곡을 끼고있는 오름으로· 북쪽으로 감산· 서쪽에는 화순· 남동쪽으로 난드르(대평) 등 행정구역상 3개리의 경계에 걸쳐져 있다 이 오름은 심하게 침식을 받아 뚜렷한 형체를 알 수 없으나· 북동향 및 남서향의 2개의 말굽형 화구를 갖고 있는 복합형 화산체이다 오름 남동쪽에 두갈래의 깊숙한 골짜기가 대평리 항구쪽으로 패어 있으며· 그 하나가 밑에서 해안단애로 이어지는 곳에 박수라고 불리는 폭포가 있고· 그 안쪽에 해식동인 천연동굴이 있다 오름 전사면은 해송과 잡목이 우거진 숲을 이루고· 남서사면 화구안에는 과수원이 조성되어 있으며· 위쪽에는 대흥사라는 절이 있고· 그옆에 망한이물이라는 샘이 콘크리트로 칸을 둘러 정결하게 보호되고 있다,064-762-2190,(사)제주올레,2022-12-01
677,월대천,자연,관광지,,제주특별자치도 서귀포시 대정읍 신도리 28832,33.286325,126.171649,68400,공중화장실(9동)+구급함+안내소,펜션+게스트하우스,,14870,,월대천은 바다와 한라산 계곡물이 만나는 곳으로 사계절 시원하고 맑은 물이 흘러 여름철 피서지로 유명하다 270여년된 해송과 팽나무가 물 위로 휘늘어져 선경을 자아내는 곳이다 제주시 숨은 비경 31곳 중 하나로 선정되었고 아름다운 자연경관을 감상할 수 있고 하천 옆에 산책로가 있어 산책하기 좋다,064-762-2190,(사)제주올레,2022-12-01
678,월라봉 진지동굴(안덕면),자연,관광지,,제주특별자치도 서귀포시 안덕면 감산리 1143,33.243942,126.349167,,,,,,,안덕면의 월라봉은 오름 모양새가 마치 달이 떠오르는 모습 같다 하여 붙여진 오름이다 다래 나무가 많이 자생하고 있어 다래오름이라도 불린다. 남쪽으론 박수기정· 북쪽으로는 안덕계곡 위치해 있다. 정상을 보고 내려오다보면 7개의 진지동굴을 볼 수 있다 월라봉 동굴 진지는 화순항으로 일제강점기 시대에 상륙하는 미군을 저지하기 위한 기지였다고 한다,064-762-2190,(사)제주올레,2022-12-01
679,월라봉(효돈),오름,관광지,,제주특별자치도 서귀포시 월라봉로,33.268023,126.602726,205280,주차장,민박+가족호텔,,44626,,서귀포시에 위치한 신효동이 다른 마을보다 따뜻할 수 있는 이유는 바로 월라봉이 있기 때문이다 상효동과 신효동의 경계에 위치한 월라봉은 차가운 서북풍을 막아주는 역할을 한다. 3개의 봉우리로 이루어진 월라봉은 다양한 경로로 오를 수 있고 월라봉 중턱에 위치한 감귤박물관에 차를 세우고 산책로를 따라 걸으면 서포제동산과 전망대가 있다 10분 남짓 걸으면 효돈마을뿐만 아니라 남쪽 끝 제지기오름· 앞바다의 섶섬까지 한눈에 볼 수 있는 월라봉 정상바위를 만날 수 있다,064-740-6000,제주특별자치도청,2022-12-01
680,월라사,문화유적,관광지,제주특별자치도 서귀포시 효돈순환로 415,제주특별자치도 서귀포시 신효동 579-2,33.268896,126.610159,72.78,,민박+가족호텔,,,,1933년에 창건된 월라사는 오랫동안 제주도 신효마을에 있는 신효동의 사찰이다. 작은 포교소에서 시작된 월라사는 이후 그 규모를 키워나가며 포교활동을 지속하다가 4·3 당시 ‘폭도’와 연루되었다는 혐의를 받아 건물의 일부가 폭파되었고 태풍으로 대웅전이 소실되는 등 여러 번의 피해를 입으며· 복원과 이전을 반복하다가 지금의 위치에 자리잡았다 아름다운 모습을 볼 수 있는 시기는 바로 가을. 사찰 한가운데 자리잡은 은행나무가 노랗게 물들 때· 전통양식으로 지어진 대웅전의 고즈넉함을 느낄 수 있다,064-767-0269,제주특별자치도청,2022-12-01
681,월령선인장군락지,자연,관광지,,,33.377865,126.21586,293,주차장,펜션,,64,,이국적인 분위기를 풍기는 선인장 군락지다. 서쪽 해안가를 따라 계속 이동하다 보면 '월령리'라는 독특한 마을을 볼 수 있다. 월령리에는 해안을 따라 높게 세워진 풍력발전기와 바위 틈과 마을 속 곳곳에 자리잡고 있는 일명 '손바닥 선인장'을 쉽게 찾아볼 수 있는데· 이 손바닥 선인장은 월령리 자생종 선인장으로 손바닥과 비슷하다고 해서 붙여진 이름인데· 여름이 되면 까만 현무암 사이로 노란 꽃과 자색 열매를 맺으며 장관을 이룬다,064-728-2752,제주특별자치도청,2022-12-01
682,월령포구,자연,관광지,,제주특별자치도 제주시 한림읍 월평리,33.37863,126.21653,263,주차장,관광호텔+펜션,,57,,올레길· 선인장· 바다· 풍력발전기까지 한눈에 담을 수 있다. 월령포구는 4.3 사건 당시 청년들이 산으로 올라가는 것을 방지하기 위해 마을 향장이 이 일대를 청년들 손으로 일일이 쌓도록 하였다. 그렇게 만들어진 포구는 현재에도 많은 어선들이 이용하고 있다 특히 월령포구 방파제와 갯바위는 낚시 포인트로 낚시를 좋아하는 분들이 찾아와 낚시를 즐기는 곳이다,064-740-6000,제주특별자치도청,2022-12-01
683,월정리해변,자연,관광지,,제주특별자치도 제주시 구좌읍 월정리 33-3,33.555809,126.796624,16720,주차장,펜션+호텔,,3635,,제주도의 동쪽에 위치하고 있는 마을인 '월정리'는 '달이 머문다'는 뜻의 이름을 가진 서정적인 풍경의 마을· 아름다운 에메랄드 빛 바다가 한 폭의 그림처럼 펼쳐져 있고· 그 위에는 밝은 달이 비친다 수심이 얕은 편이기 때문에 아이를 동반한 가족들이 물놀이를 즐기기 좋고 식당과 카페· 숙박시설 등이 많이 들어서 있다 그 밖에 서핑· 스노클링· 카약 등 다양한 수상레포츠를 즐길수 있다,064-783-5798,제주특별자치도청,2022-12-01
684,월정리해안도로,자연,관광지,,제주특별자치도 제주시 구좌읍 월정리 652-4,33.556642,126.794961,8800,,펜션,,,,풍차와 애매랄드 빛 바다를 보며 드라이브를 즐기기 좋은 곳 월정리해안도로의 정식 명식은 '김녕-오조해안도로'로 김녕부터 성산 오조리까지 이어지는 긴 해안도로인데· 여러 사람들이 찾는 예쁜 해수욕장이나 유명 카페들이 월정리에 많이 있어 월정리해안도로라 불리고 있다,064-728-2731,제주특별자치도청,2022-12-01
685,월평포구,자연,관광지,제주특별자치도 서귀포시 말질로 462,제주특별자치도 서귀포시 월평동 665-9,33.234332,126.463463,462,주차장,관광호텔+펜션,,,10,월평포구는 달빛을 품은 작고 아름다운 포구로 1980년대에까지만 해도 태우와 풍선이 있었으며 마을 사람들은 동물개· 동물포구라고도 불렀다. 월평포구는 오목하게 들어온 작은 연못 같은 포구로 올레꾼들이 좋아하는 장소· 월평마을에 위치한 작고 아름다운 포구인 월평포구는 제주도 내 포구 중 제일 작은 포구로 작은 고깃배 4~5척이 들어서면 가득 차는 이 항구의 인근 바다는 낚시꾼과 푸른 바다를 즐기는 스노쿨링 장소로도 유명하다. 제주특별자치도 올레길 7코스인 외돌개와 월평마을의 후반부 코스에 속해있으며 동시에 8코스의 시작점이다.,064-728-2731,제주특별자치도청,2022-12-01
686,웰니스 숲힐링 축제,문화,관광지,제주특별자치도 서귀포시 산록남로 2271,제주특별자치도 서귀포시 호근동 산1,33.462151,126.936385,1740000,주차장+공중화장실,펜션+호텔,,378261,50,제주의 숲과 동행하는 웰니스 힐링 여행으로 코로나 블루· 장기간 사회적 거리두기에 지친 사람들에게 제주의 자연과 숲이 전하는 산림휴양· 치유를 경험할 수 있도록 준비한 축제이다. 서귀포치유의숲(개막식 및 축하 버스킹 공연)· 사려니숲(느영나영 삼나무숲에서 힐링한Day· 성인 원데이 힐링· 숲에서 살아나는 스트릿댄스 등)· 붉은오름자연휴양림(유아숲체험원-곤충탐험대)· 서귀포자연휴양림(푸리롱 유아숲체험원-표고버섯목 만들기)에서 10일간 펼쳐지는 다양한 산림휴양치유 프로그램들로 숲에서 내일의 우리를 만나는 힐링을 경험 할 수 있다.,064-740-6000,제주특별자치도청,2022-12-01
687,위미리 동백나무군락,자연,관광지,제주특별자치도 서귀포시 남원읍 위미중앙로300번길 23-7,제주특별자치도 서귀포시 남원읍 위미리 903-1,33.272986,126.674775,6125,,펜션,1982-05-08,,,현맹춘(1858-1993) 할머니가 모진바람을 막기 위하여 한라산의 동백을 따다 심어 자라 군락지를 이룬곳· 제주도 기념물 제 39호로 지정되어 있다 동백나무 숲은 황무지를 옥토로 가꾸기 위하여 끈질긴 집념과 피땀 어린 정성을 쏟은 한 할머니의 얼이 깃든 유서 깊은 곳이다. 할머니가 해초 캐기와 품팔이 등 근면·검소한 생활로 어렵게 모은 돈 35냥으로 이곳 황무지 (속칭 버득)를 사들인 후 한라산의 동백 씨앗을 따다가 이곳에 뿌린 것이 오늘날에 이르러 기름진 땅과 울창한 숲을 이루었다. 사철 푸른 동백과 철따라 지저귀는 이름 모를 새· 그리고 가을이면 풍요로움이 가득한 감귤원과 함께 남국의 정취를 물씬 풍겨 제주인의 개척 정신이 우리 가슴에 와 닿는 곳이기도 하다.,064-728-2731,제주특별자치도청,2022-12-01
688,위미항,자연,관광지,제주특별자치도 서귀포시 남원읍 위미중앙로196번길 6-13,제주특별자치도 서귀포시 남원읍 위미리 1757-12,33.270725,126.663033,30200,주차장+화장실,관광호텔+펜션,,12000,20,위미항은 국가어항으로 풍부한 수산자원을 보유한 연근해 어업의 근거지이다 위미항은 서귀포의 일몰 명소 중 하나이다. 겨울철 계절풍의 영향이 없는 지형적 여건을 갖추고 있으며 따뜻한 편에 속하기 때문에 제주도에서 벚꽃이 가장 먼저 피는 지역으로 유명하다. 제주특별자치도 올레 5코스를 걷다 보면 만날 수 있으며 바다 멀리로는 편편하게 다듬어 놓은 듯한 지귀도가 보이는데· 지귀도에서는 참돔이 많이 잡혀 섬 근처에서 조업하는 어선들을 많이 볼 수 있고· 위미항의 안쪽에서는 낚시· 여름엔 피서도 즐길 수 있다.,064-728-2731,제주특별자치도청,2022-12-01
689,윗밤오름,오름,관광지,,제주특별자치도 제주시 구좌읍 월정리 33-3,33.555809,126.796624,4473,주차장,펜션,,972,,윗밤오름· 윗바매기오름· 웃바매기오름· 상율악(上栗岳)· 상야막악(上夜漠岳) 등 여러 별칭이 있다. 모두 오름의 형상이 밤알 모양을 닮은 데서 유래한 명칭이다. 높이 416.8m· 둘레 2·345m· 총면적 37만 6587m² 규모의 기생 화산으로 알밤오름(높이 393.6m)과 남북 방향으로 마주 보고 있다. 마을 주민들은 웃밤오름과 알밤오름을 합쳐 흔히 '바매기오름'이라고 부른다.,064-783-5798,제주특별자치도청,2022-12-01
690,윗세오름(웃세오름),오름,관광지,,제주특별자치도 제주시 애월읍 광령리 산 183-1,33.370172,126.48197,140693,주차장,관광호텔+펜션,,30585,,제주에서 한라산을 제외하고 가장 높은 오름 으로써 어리목· 영실· 돈내코 탐방로와 연결되어 있으며 윗세오름은 3개의 오름을 통칭하는데 윗세오름 휴게서와 백록담 사이에 붉은오름· 휴게소에서 영실코스방향으로 누운오름· 민오름과 백록담 동남벽을 전망할 수 있는 전망대가 서치된 족은오름을 통칭한다.,064-713-9950,제주특별자치도청,2022-12-01
691,유건에오름,오름,관광지,,제주특별자치도 서귀포시 성산읍 난산리 2302,33.413593,126.84679,140693,주차장,펜션,,30585,,유건에 오름은 북쪽과 서쪽의 봉우리가 이어져 1km의 능선을 이루고 있는 오름이다. 산 모양이 유생들이 쓰는 유건처럼 생겼다 하여 유건이오름이라 부른다고 하나 이 역시 한자 표기도 볼 수 있어 산명 자체가 분명치 않으며 그 어원도 미상이다.,064-782-3885,제주특별자치도청,2022-12-01
692,유민민술관,예술,관광지,,제주특별자치도 서귀포시 성산읍 난산리 2302,33.413593,126.84679,997,주차장,가족형 펜션+한옥 펜션,,217,,유민미술관은 1894년부터 약 20 여 년간 유럽 전역에서 일어났던 공예· 디자인 운동인 아르누보의 유리공예 작품을 전시하고 있다. 유민미술관은 세계적인 건축가 안도 타다오가 설계한 건축물인 '지니어스로사이'에 새롭게 조성되었으며· 미술관 전시 설계는 덴마크 건축가인 요한 칼슨이 맡았다.,064-782-3885,제주특별자치도청,2022-12-01
693,유체꽃 국제걷기대회,축제,관광지,,제주특별자치도 서귀포시 성산읍 난산리 2302,33.413593,126.84679,,,관광호텔+가족호텔,,,,유채꽃 국제걷기대회는 서귀포의 수려한 자연경관과 봄의 정취를 알리는 대회이다. 올해 2022년 3월 26일 부터 27일까지 이틀간 진행이 되었고 코스도 6km와 17km 두 가지 선택지가 있어 자신의 체력에 맞는 코스를 선택할 수 있다. 걷기대회를 참여하면서 가족이나 친구· 연인끼리 자연과 함께 사진도 많이 찍을 수 있는 장소들이 많이 있다.,064-782-3885,제주특별자치도청,2022-12-01
694,육시우영,문화유적,관광지,,제주특별자치도 제주시 애월읍 하가리 1386-1,33.456959,126.34911,16.9,,펜션,,,,육시우영은 1948년 11월 13일 새벽· 원동마을로 향하던 제9연대 군인들이 하가리를 지나다 제사집에 있던 사람들과 그 근처에서 살고 있던 사람들을 강제로 끌어내어 27명을 공개적으로 집단학살한 장소이다. 하가리 마을 회관 서쪽 100미터 지점에 '육시우영'이라 불리는 밭이 있다. 이곳이 희생터라고 한다.,064-712-6988,제주특별자치도청,2022-12-01
695,은월봉,오름,관광지,,제주특별자치도 서귀포시 성산읍 난산리 2302,33.413593,126.84679,75772,주차장,호텔+콘도형 펜션,,16472,,은월봉(隱月峰)· 은월악(隱月岳)· 능달악(凌達岳)· 은돌이오름· 윤드리오름· 눈드리오름· 은달이오름를 비롯해 많은 별칭이 있는데 그 수를 정확히 파악할 수 없으며 명칭의 유래도 정확히 알 수 없다. 높이 179.6m· 둘레 2·049m· 총면적 20만 9307㎡ 규모의 기생 화산으로 북동쪽으로 넓게 입구가 벌어진 말굽형 분화구가 있다. 보는 방향에 따라 모습이 다른데· 남동쪽에서 보면 마치 왕릉처럼 균형 잡힌 모습이지만 서쪽에서 보면 한쪽 산등성이만 길게 이어진 모습이고 남쪽에서 보면 가운데만 잘록하게 패어 있는 모습이다. 남동쪽 비탈면은 인공적으로 심은 삼나무와 소나무로 덮여 있고 나머지 비탈면은 풀밭이다.,064-782-3885,제주특별자치도청,2022-12-01
696,이니스프리제주하우스,기타,관광지,,,33.306693,126.338086,,,,,,,이니스프리제주하우스는 체험과 스토리가 있는 미식이 있는 이니스프리 코스메틱 및 카페이다. 비누말들기 체험 스탬프 엽서 만들기 등을 할 수 있으며 이니스프리 화장품 관련 제품을 판매하고 있다. 가페에서는 제주의 스토리를 담은 브런치· 디저트· 카페 음료 등을 맛 볼 수 있다. 한라산 오양을 한 한라산 케익과 제주의 풍경을 담은 티라미수 등이 대표적이다.,064-710-2114,제주특별자치도청,2022-12-01
697,이달봉,오름,관광지,,제주특별자치도 서귀포시 성산읍 난산리 2302,33.413593,126.84679,165681,주차장,호텔+게스트하우스,,36018,,촛대봉과 함께 2개의 봉우리로 되어있는 이달봉은 들불축제로 유명한 새별 오름과 이웃해있으며 촛대봉과는 쌍둥이 화산체로 아름다운 선을 자랑한다. 이달봉은 119m인데 촛대봉보다 30m 이상이 높고 오르는 데는 10에서 20분 정도 걸리며 사이사이에 산불감시 초소가 많이 있다. 이달봉에는 소나무와 삼나무가 자라고 있고 탐방로는 잘 정비되어 있어서 접근성이 좋다. 새별 오름과 이웃해 있으니 새별 오름과 이웃해 있으니 새별 오름과 함께 촛대봉까지 오른다면 더할 나위 없이 좋은 산책이 될 것이다.,064-782-3885,제주특별자치도청,2022-12-01
698,이덕구산전,문화유적,관광지,제주특별자치도 제주시 조천읍 516로 1865,제주특별자치도 제주시 조천읍 교래리 산 137-24,33.384809,126.619629,48000,,가족형 펜션+한옥 펜션,,,,이덕구 산전은 토벌대의 학살을 피해 숨어든 피난민들의 피난처이다. 주민들은 당장 목숨을 부지하기 위해 더욱 깊은 산중으로 들어갈 수 밖에 없었다. 주민들은 은신하기 좋은 곳을 찾아 헤매다 거친오름 뒤편과 대나오름 서남쪽의 '머흘뿔'· '못밧'· '새머홀' 등지의 숲속에 임시 움막을 짓고 생활했다.,064-712-6988,제주특별자치도청,2022-12-01
699,이랜드뮤지엄,기타,관광지,제주특별자치도 제주시 한림해안로 530,,33.435821,126.2745314,,,,,,,이랜드뮤지엄은 세계 최고가품인 오스카트로피 및 아카데미시상식 수상작들의 영화소품을 전시하는 박물관이다. 세계최고ㅡ 최대의 컬렉션을 바탕으로 영화의 제작과정과 배우· 감독· 시상식에 관력한 진품들을 소개하고 있는 박물관이다.,064-710-2114,제주특별자치도청,2022-12-01
700,이상한나라의앨리스,기타,관광지,제주특별자치도 서귀포시 안덕면 중산간서로 1881,,33.288944,126.3218702,,,,,,,이상한 나라의 앨리스는 거울 형상반사로 광장처럼 느껴지며 스릴 넘치는 고대 이집트 피라미드 내부를 쉽게 탈출치 못하는 입체적 거울 미로이다. 원근 음영 빛의 굴절 반사의 시각적 착시를 느낄 수 있는 매직 착시 포토존 촬영 체험과 연인ㄴ들의 언약과 사람의 밀약을 퍼포먼스로 표현하며 럭셔리한 실내 공간에 영구히 보관할 수 있는 사랑의 자물쇠 보석과 체험 등 다양한 테마로 구성되어 있다.,064-710-2114,제주특별자치도청,2022-12-01
701,이생진시비공원,자연,관광지,제주특별자치도 서귀포시 성산읍 한도로 269-23,제주특별자치도 서귀포시 성산읍 성산리 306번지,33.468084,126.936086,5000,주차장,관광호텔+가족호텔,,,20,제주특별자치도 가볼만한곳으로 손꼽히는 성산일출봉 옆에는 혼자라도 부담 없이 쉬었다 가기 좋은 이생진시비공원이 자리하고 있다. 시인 이생진은 충남 서산이 고향이지만 '섬 시인'으로 통하며· 어려서부터 섬을 좋아해 천 곳이 넘는 섬을 찾아다녔다고 한다. 특히 제주를 좋아하고 자주 노래했다고 하며· 그 가운데 '그리운 바다 성산포'는 성산포를 널리 알리는 데 큰 역할을 했고· 40년이 지났어도 여전히 사랑받고 있다.,064-712-6988,제주특별자치도청,2022-12-01
702,이승이오름(이승악),오름,관광지,,제주특별자치도 서귀포시 남원읍 신례리 산 12-19,33.36066,126.597206,51230,주차장,게스트하우스+관광호텔,,11137,,이승이오름은 살쾡이를 닮아서 이승이란 이름을 갖게 되었지만 정확한 생김새를 확인하기는 수월치 않다. 능선에 울창하게 자라난 나무들 때문이다. 이런 모습은 제주특별자치도 오름에서 흔히 볼 수 있는 모습으로 주차장에 차를 세우고 이승이오름 갈림길에 들어서면 이승이오름 순환 코스· 수악길· 신례공동목자응로 갈라지는 길의 이정표가 선명하게 보인다.,064-740-6000,제주특별자치도청,2022-12-01
703,이중섭거리,예술,관광지,,,33.247627,126.564104,356,주차장,펜션+관광호텔+게스트하우스,,77,,이중섭 거리는 이숩섭 미술관과 이중섭 거주지를 중심으로 조성된 문화거리이다. 주변에는 이중섭 삽화가 들어간 기념품이나 각종 수공예품· 편집샵 등이 즐비해 있으며· 수제버거· 피쉬앤칩스 음식점 등 젊은이들에게 인기 있는 맛집도 어렵지 않게 찾아볼 수 있다. 서귀포에 머물며 명작을 남긴 예술가들의 삶의 자취를 더듬어 보는 작가의 산책 길도 조성되어 있다.,064-740-6000,제주특별자치도청,2022-12-01
704,이중섭거주지,문화유적,관광지,제주특별자치도 서귀포시 이중섭로 29(서귀동),제주특별자치도 서귀포시 서귀동 512-1,33.245496,126.564333,59.9,공용주차장+화장실,호텔+콘도형 펜션,,,23,이중섭거주지는 서귀포에서 피난생활을 하며 그림에 대한 열정을 불태웠던 천재화가 이중섭이 살던 곳이다. 성인 한 명이 눕기도 비좁은 공간이었지만 이중섭 갖고의 추억이 담긴 자오이자 이중섭 화백의 숨결을 느낄 수 있는 소중한 공간이다.,064-760-3567,제주특별자치도청,2022-12-01
705,이중섭미술관,예술,관광지,,,33.245916,126.564949,359,주차장,펜션,,78,,이중섭 미술관은 불운한 시대에 천재 화가 이중섭의 작품을 전시한 미술관이다. 서귀포와 대향 이중섭 화백의 인연은 한국전쟁이 한창이던 1951년 1월 가족과 함계 피난을 오면서 시작되었다. 1년 남짓 서귀포에 머무르면서 서귀표의 아름다운 풍광과 넉넉한 이 고장 인심을 소재로 하여 많은 작품을 남겼고· 이후 이중섭의 예술에 지대한 영향을 끼쳤다.,064-760-3567,제주특별자치도청,2022-12-01
706,이편한치과,의료,관광지,제주특별자치도 제주시 연북로 527 반디빌딩 5층,제주특별자치도 제주시 아라일동 6035-1,33.485118,126.536201,230,주차장+화장실,호텔+게스트하우스,,80,20,아름다운 한라산이 시원하게 펼쳐지는 멋진 환경과 깨끗한 시설 및 첨단 장비들을 갖추고 전문 진료진들과 함께 믿을 수 있고 편안한 치료를 위해 최선을 다하고 있다. 특히 투명고정· 치아미백· 심미보철치료와 같은 안모의 심미개선과 기능향상을 위한 연구에 많은 시간과 노력을 기울이고 있다. 흐르는 시냇물처럼 언제나 깨끗하고 새로운 지식을 탐구하며 수준 높은 진료를 제공하도록 노력한다.,064-758-2800,이편한치과,2022-12-01
707,이호-내도 해안도로,자연,관광지,제주특별자치도 제주시 테우해안로 60,제주특별자치도 제주시 내도동475,33.497126,126.442638,48574,주차장+화장실(2동),게스트하우스+관광호텔,,,20,이호내도해안도로가 연결되어 올레 17코스와 알작지 해변의 접근이 용이 해졌다.제주시의 숨은 관광지인 내도 알작지 해변과 새로운 뷰포인트가 생겨 제주의 바다 풍경을 즐기기에 제격이다.,064-728-2731,제주특별자치도청,2022-12-01
708,이호테우말등대,기타,관광지,제주특별자치도 제주시 서해안로 58,,33.50216,126.456451,,,,,,,제주의 조랑말을 형상화해서 만든 등대로· 빨간 말과 하얀 말이 두 마리가 각각 이호항의 안쪽 방파제와 바깥 방파제에 한 마리 씩 자리를 잡고 있다. 이 등대는 푸른 바다 배경과 잘 어울려 많은 사람들이 제주의 풍경과 추억 사진을 찍기 좋은 곳으로 즐겨 찾고 있다. 가까이에 직접 가서 보는 것도 가능하지만· 꽤나 먼 곳에서도 보이는 이 두 말 등대는 이호태우해변의 랜드마크로 자리 잡았다.,064-710-2114,제주특별자치도청,2022-12-01
709,이호테우축제,축제,관광지,,제주특별자치도 제주시 도리로 20,33.496185,126.455956,16657,주차장,게스트하우스+독채형 펜션,,3621,30,이호해수욕장은 제주시내에서 가장 가까운 해수욕장 중 한 곳이다. 공항과도 가까워서 지역주민은 물론 관광객들도 골고루 즐겨 찾는다. 모래가 곱고 수심이 얕은 편이며· 풀장 시설이 따로 갖춰져 있어서 어린이를 동반한 가족 단위 피서객들에게는 더없이 좋은 곳이다. 야간에도 해수욕을 즐길 수 있는데다가 주변에 캠핑 시설이 잘 갖춰져 있어 열대야를 잊으려는 피서객들로 늘 붐빈다. 특히· 일몰이 아름답기로 소문나 있다.,064-728-4923,제주특별자치도청,2022-12-01
710,이호테우해수욕장,자연,관광지,제주특별자치도 제주시 도리로 20,제주특별자치도 제주시 이호일동 1665-13,33.497896,126.452824,35500,야영장+샤워장+공용주차장(2동)+화장실(2동),펜션+관광호텔+게스트하우스,,11000,100,낮과 밤이 모두 아름다운 제주특별자치도 해변. 그중에서도 많은 여행객에게 사랑 받는 해변이 있다. 조랑말 등대로 제주도 사진 찍기 좋은 곳으로 잘 알려진 이호테우해변이다. 붉은 조랑말과 흰색의 조랑말은 극명하게 대조되는 색감이 우리에게 이국적인 풍경을 선사한다. 또한 이호테우해변 길목에는 아카시아 숲이 우거져 있고· 모래사장 뒤에는 소나무 숲이 형성되어 있다. 소나무 숲 사이에는 캠핑장이 마련되어 있어 여름이면 텐트를 가지고 캠핑을 즐기러 오는 사람들이 많다. 이호테우에는 전망휴게소· 주차장· 탈의실 등 다양한 활동을 즐기기에 편리한 시설이 잘 갖춰져 있다.,064-728-3994,제주특별자치도청,2022-12-01
711,일출랜드,문화,관광지,제주특별자치도 서귀포시 성산읍 중산간동로 4150-30,제주특별자치도 서귀포시 성산읍 삼달리 1010,33.38196,126.841981,139755,공용주차장(2동)+화장실(2동)+음료대+안내시설,펜션,2000-04-28,,150,일출랜드는 천연용암동굴인 미천굴을 중심으로 수변공원· 잔디광장· 제주종갓집초가· 화석원· 분재정원· 조각의거리· 아트센터· 선인장온실· 아열대식물원 등 다양한 테마로 구성되어 있다. 공원내부 동선은 해발 70여m에서 해발 90여m까지 다양한 변화를 주며 조성되어 보는 위치에 따라 색다른 아름다움과 이색적인 포토존을 경험하실 수 있다.,064-784-2080,삼영관광,2022-12-01
712,임문숙 가족 헛묘,문화유적,관광지,,제주특별자치도 서귀포시 안덕면 동광리 807-4,33.309075,126.341194,97.3,,게스트하우스+독채형 펜션,,,,1948년 11월 중순 토벌대가 초토화작전을 벌이기 시작한 후· 큰넓궤로 들어가 피신생활을 하던 동광리 주민들은 굴이 발각되자 대부분 더 깊은 산으로 들어갔다. 그러나 그것은 죽음을 재촉하는 길이었다. 토벌대는 눈 덮인 한라산을 누비며 보이는 사람들은 모두 체포했다. 볼레오름에 숨어 있던 사람들은 1949년 1월경 거의 붙잡혔다. 토벌대는 이들을 서귀포의 한 단추공장 건물에 일시 수용했다 옥석을 가리지도 않고 정방폭포 위에서 집단학살했다. 그 중에는 동광리 주민들도 많았다. 그 후 유족들은 시신이나마 찾으려고 수소문을 해보았지만 정방폭포에서 죽은 사람들의 시신은 찾을 수가 없었다. 바다에 떠내려갔기 때문이었다.,064-712-6988,제주특별자치도청,2022-12-01
713,입산봉(삿갓오름),오름,관광지,,제주특별자치도 제주시 구좌읍 김녕리 1033-19,33.54863,126.756676,68505,주차장,펜션,,14892,,산모양이 마치 삿갓을 뒤집어 놓은것과 같이 보인다하여 삿갓오름 또는 입산봉이라 불린다. 김녕리 버스정류소에서 남쪽으로 난 시멘트포장길을 따라가면 김녕리공동묘지입구로부터 산정상까지 도로가 이어져 있어 쉽게 오를 수 있다. 이 오름은 서남쪽 일부가 침식되었으나 원형 분화구의 형태를 보존하고 있다.,064-740-6000,제주특별자치도청,2022-12-01
714,자구내포구,자연,관광지,제주특별자치도 제주시 한경면 노을해안로 1161,제주특별자치도 제주시 한경면 고산리 3616-9,33.309216,126.165433,674,주차장+화장실+관광휴게소,펜션,,,40,자구내포구는 차귀도를 들어 갈 수 있는 배편이 있는 항구이기도 하고· 수평선으로 지는 노을과 일몰이 아름다워 유명한 곳이다. 제주특별자치도 올레 12길을 지나며 만날 수 있는 작은 포구로 제주에서 가장 큰 무인도인 차귀도를 매우 가까이에서 볼 수 있고· 당산봉과 새 하얗고 거대한 풍력발전기가 그림처럼 아름답게 보이는 사진 작가들의 작업 명소이다. 일몰 시간을 미리 알아보고 30분 전에 자구내포구에 도착한다면· 아름다운 일몰을 한아름 눈에 담을 수 있다.,064-728-7978,제주특별자치도청,2022-12-01
715,자구리공원,문화,관광지,제주특별자치도 서귀포시 칠십리로 145,제주특별자치도 서귀포시 서귀동 70-1,33.243226,126.568507,48000,주차장(2동)+화장실,펜션+관광호텔+게스트하우스,2002-04-24,,40,제주도의 민물과 바닷물이 만나는 곳으로 전망대가 있어 정면에는 섶섬· 오른쪽으로는 서귀포항과 문섬을 볼 수 있다. 해가 지면 공원에 각종 조명이 밝혀져 야간에도 제주를 만끽할 수 있다. '문화 예술로 하나되는 자구리'라는 이름으로 다양한 예술 작품과 조각들이 공원 곳곳에 전시되어 있다. 서귀포의 문화 예술 트레킹 코스· '작가의 산책길(유토피아로)'의 경유지로 산책로가 이중섭미술관에서 소양기념관까지 이어져 있다. 거리는 약 4.9km· 약 4시간이 소요된다.,064-760-3192,제주특별자치도청,2022-12-01
716,자리왓,문화유적,관광지,,제주특별자치도 제주시 애월읍 봉성리 1410 일대,33.403357,126.32854,889.3,,가족펜션,,,,어도2구의 자연마을인 자리왓에는 1948년 11월 23일 ～ 25일 3일 간 소개하라는 명령이 내려졌다. 그리고 곧 이어 벌어진 토벌대의 초토화작전으로 마을은 폐허로 변했다. 그 후 주민들은 마을이 재건된 후에도 1구에 대다수가 새로운 보금자리를 마련해 자리왓은 현재 잃어버린 마을로 남아 있다.,064-712-6988,제주특별자치도청,2022-12-01
717,자배봉(자배오름·망오름),오름,관광지,,제주특별자치도 서귀포시 남원읍 태위로360번길 18,33.298601,126.677155,5417,주차장,펜션+관광호텔+게스트하우스,,1178,,남원읍 위미리 대성동 중산간도로변에 접해 있는 오름으로· 오름 동쪽자락으로 난 길을 따라가면 북쪽기슭에 표고버섯 재배지로부터 정상의 분화구까지 오를 수 있다. 오름 북쪽정상에는 가시덤불속에 팽나무(폭낭) 한그루가 서 있고· 그 안에는 넓고 깊은 깔때기형 굼부리가 그 위용을 자랑한다. 북쪽봉우리와 남쪽봉우리가 뚜렷하고 남서쪽은 낮은 안부를 이루고 있으며· 화구 내부사면이나 바닥이 온통 삼나무· 해송· 상수리나무· 보리수나무 등이 찔레덤불· 청미래덩굴등과 어우러져 울창한 숲을 이루고 있다.,064-740-6000,제주특별자치도청,2022-12-01
718,장생의 숲길,자연,관광지,제주특별자치도 제주시 명림로 584,제주특별자치도 제주시 봉개동 산78-1,33.439518,126.629404,715000,공용주차장+화장실,게스트하우스+관광호텔,2009-07-01,,100,절물자연휴양림 안에 있는 장생의 숲길은 ‘제주시 숨은 비경 31’에서 선정된 곳 중 하나이다. 울창한 삼나무들을 따라 흙길을 끌까지 걸어가는 데에는 약 3시간 30분이 걸리며 총 11.1km이다. 장생의 숲길은 나무와 식물들의 신비로운 모습을 볼 수 있으며 여름에는 습도가 높아 다양한 버섯들과 초록색의 이끼들을 보며 걸을 수 있다.,064-728-3631,제주특별자치도청,2022-12-01
719,장전리 벚꽃축제길,자연,관광지,제주특별자치도 제주시 애월읍 광상로 403,제주특별자치도 제주시 애월읍 장전리 628-3,33.443368,126.39068,9532,,펜션+관광호텔+게스트하우스,,3000,,장전리는 시내에서 멀지 않은 중산간 마을로 감귤림이 우거진 아름다운 마을이다. 이 곳에서는 매년 봄· 벚꽃이 만개할 즈음에 제주왕벚꽃축제가 열린다. 벚꽃을 보러 방문하는 도민들 뿐만 아니라· 봄을 맞아 제주를 찾은 관광객들도 자주 찾는 곳이다. 장전리 벚꽃길은 구간이 아주 길진 않지만· 낮과 밤으로 아름다움이 가득하다. 햇살에 보이는 벚꽃길은 당연히 눈부시고· 밤하늘에 밝힌 조명에 비친 벚꽃 또한 그림 같다. 이 시기엔 벚꽃 길을 따라서 각종 재미있는 부스가 설치된다. 음악회나· 공연· 체험프로그램· 플리마켓 등 흩날리는 벚꽃 속에서 축제를 즐길 수 있다. 매년 다른 프로그램을 제안하기 때문에 방문 전 애월읍 홈페이지에서 관련 알림을 확인하고 방문하는 것이 좋다.,064-728-2731,제주특별자치도청,2022-12-01
720,저지예술인마을,기타,관광지,제주특별자치도 제주시 한경면 저지14길 28-4,,33.3393046,126.266731,,,,,,,제주시 한경면 저지리에 위치한 저지예술마을· 일명 새오름이라 하는 저지악이 마을 중심에 있어 풍광이 독특하고· 전국의 유명 예술인들이 모여 작품을 생산하는 문화예술인촌이 형성돼 있어 문화적 향취가 남다르다. 또 동양 최대의 분재 정원으로 알려진 생각하는 공원과 세계적으로도 희귀한 천연 난대림 지역인 곶자왈· 야생화가 지천인 방림원 등 이색 공간이 많아 제주의 문화와 함께 볼거리까지 풍성하게 돌아볼 수 있다.,064-710-2114,제주특별자치도청,2022-12-01
721,저지오름(닥몰오름·새오름),오름,관광지,,제주특별자치도 제주시 한경면 저지리 산 51,33.333008,126.25095,15173,주차장,가족펜션,,3298,,오름은 제주특별자치도 여행의 필수 코스 중 하나로 자리 잡았다. 그중 제주올레 13코스의 종점에 위치한 저지오름은 많은 사람들이 찾는 만큼 아름다운 풍경을 자랑하는 오름 중 한 곳이며· 2005년에는 생명의숲으로 지정되었고· 2007년 제8회 아름다운 숲 전국대회에서 대상(생명상)을 받았다. 저지오름은 그전까지는 '닥몰오름'이라 불렀으며· 저지의 옛 이름이 '닥모루'(닥몰)였다고 한다. 정상까지 소요시간은 45분여가 소요되며· 정상 전망대까지 1.9km 이다. 입구에서는 제주의 향이 물씬 나는 감귤나무가 사람들을 반긴다. 저지오름 둘레길을 따라 전망대로 향하는 길 곳곳에 보이는 아름다운 자연 풍경은 마음을 편안하게 한다.,064-728-7952,제주특별자치도청,2022-12-01
722,전농로 서사라문화거리,문화,관광지,,제주특별자치도 제주시 서사로7길 27,33.506634,126.522415,,,게스트하우스+관광호텔,,,,서사라는 제주특별자치도 공항과 제주특별자치도 시청을 잇는 제주시 중심가에 위치한 마을이다. 서사라는 서녘'서'· 물가'사'· 비단'라'자를 써서 서사라(西沙羅)라고 하였는데· 예로부터 잡석이 섞여 땅이 비옥하고 농사도 잘 되어 붙여진 이름이라 한다. 제주시 최초의 신도시 개발 지역으로 금융기관· 가구점· 병원 등이 밀집되어 있었으나 다른 개발 지역이 많아지면서 현재는 축제가 유치되고· 곳곳에 예쁜 카페들이 자리 잡고 있는 문화 거리로 불리 운다. 매년 왕벚꽃이 만개하는 계절이면 왕벚꽃과 청사초롱의 어울림을 주제로 벚꽃 축제가 펼쳐진다. 2005년부터 개최된 축제로 3월 말에서 4월 초까지 열린다. 흐드러지겐 핀 벚꽃과 도로 양쪽을 밝히는 청사초롱의 불빛이 봄의 낭만을 부추기는 풍경을 자아낸다.,064-740-6000,제주특별자치도청,2022-12-01
723,절물오름(큰대나),오름,관광지,제주특별자치도 제주시 명림로 584 일대,,33.433804,126.62747,75804,주차장,펜션+관광호텔+게스트하우스,,16479,,절물오름은 제주시 절물자연휴양림으로 널리 알려져 있는 오름으로· 오름 북쪽기슭을 끼고 절물휴양림이 조성되어 있어서 동부산업도로에서 명도암길로 쉽게 접근이 가능하며 절물약수터(샘물)로 유명하다. 이 오름은 두 봉우리로 이루어져 있으며 큰봉우리를 큰대나오름· 작은봉우리를 족은대나오름이라고 부르고 있다. 오름 동사면에는 원형의 분화구가 잡목과 가시 덤불로 덮여 있고 그 외의 오름사면에는 활엽수 등으로 울창한 자연림을 이루면서 삼림욕 등을 할 수 있는 휴양 단지가 조성되어 있다.,064-721-7421,제주특별자치도청,2022-12-01
724,절부암,자연,관광지,제주특별자치도 제주시 한경면 용수3길 22,제주특별자치도 제주시 한경면 용수리 4241-5,33.323613,126.166949,5.5,공용주차장,게스트하우스+관광호텔,1981-08-26,,20,절부암은 제주올레 13코스 한경해안도로 용수포구 언덕동산에 자리한 곳으로· 앞에는 잔잔한 호수처럼 생긴 바다 입구가 보인다. 사철나무· 후박나무· 동백나무· 포나무 등의 난대식물이 울창하게 군락을 이루고 있는 모습이 보는 이들에게 제주의 자연에 가까워진 듯한 느낌을 준다. 난대식물 이외에도 환경부 지정 멸종위기 야생생물 2급인 귀한 박달목서가 자생하고 있다., 064-710-6704,제주특별자치도청,2022-12-01
725,정모시쉼터,자연,관광지,제주특별자치도 서귀포시 부두로5번길 9,제주특별자치도 서귀포시 서귀동 962,33.246947,126.571876,8000,주차장,펜션,,,20,정방폭포로 흐르는 물줄기가 지나가는 정모시쉼터. 도민들에게는 인기 명소이지만· 아직 여행객들에게 잘 알려지지 않아 사람 많은 피서철에 여유롭게 물놀이를 즐길 수 있는 곳이다. 정모시쉼터의 정모시는 정방폭포의 못을 가리키는 말이다. 이곳은 정방폭포의 상류지역으로 사계절 내내 용천수가 흐르고· 어른 허벅지 정도의 깊지 않은 수심으로 아이들이 놀기에 제격이다. 차를 주차하고· 돌계단을 따라 내려가면 차가운 용천수에 발을 담근 사람들과 잔잔한 물결을 따라 커다란 튜브 위에서 휴식을 취하는 사람들을 볼 수 있다. 용천수의 가장 장점은 물이 깊지 않아 어른· 아이가 함께 놀 수 있다는 점인데· 서귀동에 있는 정모시쉼터도 마찬가지이다.,064-728-2731,제주특별자치도청,2022-12-01
726,정물오름,오름,관광지,,제주특별자치도 제주시 한림읍 금악리 산 52-1,33.33764,126.33035,11895,주차장,게스트하우스+관광호텔,,2586,,정물오름의 명칭은 오름 앞에 있는 정물샘의 이름에서 따왔다. 제주도는 전국의 연평균 강수량에 비해 훨씬 많은 강수량에도 불구하고 마실 물이 귀했다. 특히· 중산간 지역에서 식수를 구하는 것은 더욱 어려워서 귀하게 여겼는데· 식수로 사용할 수 있던 물 중의 한 곳이 정물샘이다. 이 샘은 물이 깨끗하고 양이 많아 이곳에서 꽤 먼 곳의 마을 사람들도 물을 길러다 마셨다고 한다. 정물오름의 물은 사람뿐만 아니라 가축에게도 소중했는데 이 부근에 제주도에서 가장 유명한 이시돌목장이 자리 잡고 있다.,064-740-6000,제주특별자치도청,2022-12-01
727,정방폭포,자연,관광지,제주특별자치도 서귀포시 칠십리로 214번길 37,제주특별자치도 서귀포시 동홍동 278,33.244741,126.573185,9500,주차장+공중화장실+유도 및 안내시설+경보 및 피난시설,관광호텔+펜션+민박,,2065,62,정방폭포는 천제연폭포· 천지연폭포와 더불어 제주도 3대 폭포라고 불린다. 높이 23m· 너비 8m에 깊이 5m에 달하며· 국내에선 유일한 뭍에서 바다로 직접 떨어지는 폭포다. 서귀포 시내에서 버스로 15분 거리에 있다. 입구의 매표소에서 표를 구매하고 소나무가 있는 계단을 따라 5분 정도 내려오면· 햇빛이 비쳐 은하수 빛깔로 변하는 정방 폭포를 볼 수 있다. 멀리서도 시원한 폭포 소리가 들리고· 폭포 양쪽으로 주상절리가 잘 발달한 수직 암벽도 볼 수 있다. 한라산에서 내려와 서귀포 시내를 관통하고· 바다 앞으로 하얗게 떨지는 정방폭포의 모습은· 외국의 거대 폭포처럼 웅장하진 않지만· 자연과 조화롭게 어울리며 단정하게 떨어지는 모습이 전통 수묵화를 감상하는 느낌을 준다.,064-733-1530,제주특별자치도청,2022-12-01
728,정석비행장,기타,관광지,,제주특별자치도 서귀포시 표선면 가시리 산87-22,33.398807,126.706334,,,,,,,제주특별자치도 서귀포시 표선면 가시리 제동목장 인근에 있는 비행장이다. 대한항공에서 조종사 양성 및 훈련용으로 만든 것이다. 1988년 8월 29일 개장. 대한항공 소재 비행기 좌석 모니터의 지도에서 보이는 정석이 바로 여기다. 비행장의 명칭이 된 정석은 한진그룹 창업주인 조중훈 회장의 호를 딴 것이다·,064-710-2114,제주특별자치도청,2022-12-01
729,정석항공관,기타,관광지,제주특별자치도 서귀포시 표선면 녹산로 554,,33.393162,126.72324,,,,,,,1993 대전 엑스포 당시 대한항공의 미래항공관을 엑스포가 끝나자 1998년에 제주도 정석비행장옆으로 그대로 옮긴 항공 박물관이다. 2014년에 개관한 제주항공우주박물관과 2020년에 개관한 국립항공박물관 이전까지는 사실상 대한민국의 유일의 항공 박물관의 역할을 했던 국내에 몇 없는 대기업에서 자체적으로 운영하는 기업 홍보겸 항공박물관이다. 주요 시설은 360도에서 영상기 9대가 레이저 빔을 쏘아 입체화면을 만드는 서클비전· 시뮬레이션 효과를 내는 9인승 벤추라· 무궁화 위성 모형· 모형 비행기· 대한항공의 주력기종인 270석 규모의 에어버스 A300기종 랜딩기어· 7~8인승 소형 항공기· 450석 규모의 보잉 747 여객기 등이다.,064-710-2114,제주특별자치도청,2022-12-01
730,정월오름,오름,관광지,,제주특별자치도 제주시 한림읍 금악리 산 52-1,33.33764,126.33035,491,주차장,펜션,,107,,정월오름은 북쪽으로 터진 말굽형 오름이지만 등성이가 북에서 두 가닥으로 좁게 모아져서 원형처럼 보일 정도로 둥그렇다. 올라가다보면 느지리오름과 밝은오름이 보인다. 소나무 사이로 비양도도 보인다. 굼부리 건너 맞은편 등성이 뒤로 느지리와 금악오름이 뚜렷하다.,064-740-6000,제주특별자치도청,2022-12-01
731,정의고을전통민속재현축제,문화,관광지,,,33.386331,126.799653,71585,주차장+공중화장실,게스트하우스+펜션,1985-03-17,15562,60,제주도의 민속문화가 있는 성읍민속마을에서 매년 개최하는 정의고을 전통민속재현축제! 사라져가는 제주도의 전통문화를 사람들에게 각인시키고· 지속적으로 보존하기 위해 개최하고 있다. 축제는 20년 넘게 개최되고 있으며· 매년 제주도의 환경· 문화· 역사에 대해 배울 수 있는 배움의 장으로 사랑받고 있다. 축제에는 정의현감 부임행사 재현· 전통혼례 재현· 짚풀 공예 체험뿐만 아니라 전통옷을 입을 수 있거나· 제주도의 전통음식을 시식할 수 있다.,064-740-6000,제주특별자치도청,2022-12-01
732,정의읍성,문화,관광지,,제주특별자치도 서귀포시 표선면 성읍리 3294,33.39002,126.795239,,주차장,관광호텔+펜션+민박,,20,,약 500년 동안 제주도 행정구역의 하나로서 정의현의 도읍지인 정의고을에 있는 성이다. 제주도는 1416년(태종 16) 이래 섬의 방어를 탄탄히 하기 위하여 그 행정구역이 제주목·대정현·정의현 등으로 나누어져 왔다. 곧· 한라산 북쪽인 지금의 제주시는 제주목이었고· 산의 남쪽인 서귀포시는 둘로 나누어져 그 동쪽은 대정현· 서쪽은 정의현이었다.,064-740-6000,제주특별자치도청,2022-12-01
733,정의향고,문화,관광지,제주특별자치도 서귀포시 표선면 성읍서문로 14,,33.386872,126.800001,,주차장,게스트하우스+펜션,,49,,1971년 8월 26일 제주특별자치도 유형문화재로 지정되었다. 향교재단에서 관리하고 있다. 조선시대에 제주특별자치도에는 제주목· 대정현· 정의현 세 곳에 향교가 설치되었다. 정의향교는 1423년(세종 5) 정의현청을 고성리에서 진사리(晋舍里:지금의 성읍리)로 이설할 때 함께 성 안으로 들어왔다. 그후 여러 차례 증·개축과 이건을 거듭하다 1849년(현종 15) 방어사(防禦使) 장인식이 조정에 주청하여 지금의 위치로 이건하였다.,064-740-6000,제주특별자치도청,2022-12-01
734,정의현 일관헌,문화,관광지,,제주특별자치도 서귀포시 표선면 성읍리 690,33.38825,126.800995,381,주차장,펜션+민박,,83,,정의현 일관헌은 정의 현감이 정사를 보던 곳으로 지방문화재 7호로 지정되어 있다. 여러 차례의 보수를 거쳤으며 지금의 건물은 1975년에 새롭게 단장한 것이다. 이곳은 성읍리 거리 한복판에 천연기념물 161호인 느티나무와 마주하여 의젓이 서 있다. 그 울타리에는 천연기념물인 소나무 몇그루가 운치있게 서 있다. 건물이 단아한 모습은 현대들어 여러차례 보수가 이루어졌지만 아직도 옛스러움을 느낄 수 있다. 그래서 마치 마을의 균형이 잘 잡히길 기원하듯 원의 중심을 이루어 한결 운치를 돋군다.,064-760-2505,제주특별자치도청,2022-12-01
735,정주항,자연,관광지,제주특별자치도 제주시 조함해안로 438 일대,제주특별자치도 제주시 조천읍 함덕리 31132,33.546028,126.661821,7400,주차장,펜션+민박,,1609,25,함덕서우봉해변 근처에 있는 정주항은 인근 해변도로가 제주특별자치도 올레길 19코스이기도 하다. 정주항에서 왼쪽을 바라보면 서우봉이 보이며 서우봉 내부의 올레길이 연결되어 길이 나 있다. 정주항은 특이하고 낭만적인 제주의 검은 화산 돌과 세차게 부는 바람과 맑고 짙은 바다의 파도를 볼 수 있는 항구이다.,064-740-6000,제주특별자치도청,2022-12-01
736,제원한의원,의료,관광지,제주특별자치도 제주시 신대로14길 36 2층,제주특별자치도 제주시 연동 282-52,33.487931,126.49287,183,주차장+화장실,호텔+게스트하우스+모텔,,40,10,한국 고유의 의학인 사상체질의학을 전문으로 진료하고 있다. 사상체질을 검사하고 확진한 뒤 사상체질에 맞는 음식과 생활법을 안내한다. 또 전통적인 기법이 살아있는 왕뜸· 부항· 수지침요법의 효능을 직접 체험할 수 있다.,0507-1375-7533,제원한의원,2022-12-01
737,제주특별자치도 삼양동 유적(삼양동 선사 유적지),문화,관광지,,제주특별자치도 서귀포시 표선면 성읍리 690,33.38825,126.800995,307,,호텔+게스트하우스+모텔,,67,,1997년 4월부터 1999년 7월에 걸쳐 제주대학교 박물관에서 발굴조사를 실시한 결과 청동기-초기철기시대를 전후한 시기의 집터 200여 곳을 비롯하여 돌을 쌓아 만든 담장· 쓰레기를 버리던 폐기장· 마을의 외곽을 두르고 있던 도랑 자리가 있는 큰 규모의 마을 유적이 확인되었다. 집터 내부에서는 토기류(구멍띠토기· 덧띠무늬토기[점토대토기])· 적갈색항아리 등)와 석기류(돌도끼· 대패· 갈돌· 숯돌 등)· 철기류(철제도끼· 손칼)· 청동기류(동검· 칼자루끝장식[검파두식] 등)· 불에 탄 곡식류(콩· 보리) 등 다양한 유물이 출토됨에 따라 제주도 청동기시대 후기문화를 이해할 수 있는 중요한 유적이라 할 수 있다.,064-760-2505,제주특별자치도청,2022-12-01
738,제주특별자치도 선운정사 빛마루 축제,축제,관광지,,제주특별자치도 서귀포시 표선면 성읍리 690,33.38825,126.800995,350,,펜션+관광호텔+게스트하우스,,76,,제주시 애월읍 구몰동길에 위치한 선운정사는 제주올레 15코스에 포함된 사찰이다. 제주의 정겨운 마을과 운치 있는 농촌길을 걷다 보면 아름다운 모습을 한 선운정사를 마주할 수 있다. 이곳은 불교문화의 전승 뿐만 아니라 제주의 문화를 함께 보존하기 위해 노력하는 공간으로· 설문대할망과 오백장군 전각· 소원을 이루어주는 소원석 등 다양한 조형물을 볼 수 있다. 초저녁이 되면 건물에서 하나둘 씩 불빛이 들어오는데· 밤에는 낮과는 사뭇 다른 풍경이 펼쳐진다. 선운정사에서는 2015년부터 시작된 빛마루 축제는 하절기인 4월부터 10월에는 일몰부터 밤 10시까지· 동절기인 11월부터 3월까지는 밤 9시까지 비 오는 날을 제외하고 매일 열린다.,064-760-2505,제주특별자치도청,2022-12-01
739,제주4.3중문면희생자위령비,문화,관광지,,,33.252678,126.41844,,,게스트하우스+관광호텔,,,,1948년 11월 5일· 무장대는 면소재지인 중문면 마을을 습격하여 면사무소·중문중학원·양곡창고 등을 불태웠다. 그리고 며칠 후인 11월 17일에는 정부가 제주도 전역에 계엄령을 선포하고 중산간지대를 적성지역으로 간주하여 초토화작전을 감행했다. 그 후 주민들은 사상불순 및 예비검속으로 끌려가 학살되거나 행방불명됐다. 서귀포경찰서는 주문 다수를 연행해 정방폭포 주변 일대를 학살현장으로 만들었고· 중문지서는 자운당골·버리왓·대습이우영·신사터·천제연 주변을 학살현장으로 삼았다.,064-740-6000,제주특별자치도청,2022-12-01
740,제주4.3평화공원,문화,관광지,,,33.45058,126.61812,83846,주차장,게스트하우스+관광호텔,,18227,150,제주시 봉개동에 위치한 제주특별자치도 4.3 평화공원은 4.3 사건 당시의 희생자들을 기리기 위한 공간이다. 공원 안에는 제주특별자치도 4.3 평화기념관· 위령제단· 위령탑· 봉안관 등이 이곳을 지키고 있다. 위령제단은 연중 4.3 희생자에 대해 참배를 진행하는 곳이며· 그들을 모시고 있는 위패봉안실이 따로 마련되어있다. 봉안관은 4.3유해발굴 사업 시기에 발굴된 유해를 봉안하는 장소로 현재 380기가 안치되어 있다. 각 명비원에는 희생자의 성명과 성별· 당시 연령 등을 기록해 두었다.,064-723-4344,제주특별자치도청,2022-12-01
741,제주감귤박람회,축제,관광지,,,33.28814,126.60767,700,주차장,호텔+게스트하우스,,152,50,제주감귤박람회는 1주일동안 감귤품평회· 감귤따기 체험· 귤빛가요제· 감귤창업아이디어공모전· 디카시 공모전· 돈쭐대신 귤쭐· 감귤아트· 감귤퀴즈· 감귤공방· 연날리기 체험· 나에게 쓰는 편지· 감귤먹방대회 등 다양한 행사가 준비되어있다.,064-740-6000,제주특별자치도청,2022-12-01
742,제주고산리유적,문화,관광지,,,33.30418,126.166345,11336,주차장,관광호텔+가족호텔,,2464,,제주특별자치도 고산리 유적은 우리나라 최고· 최초로 신석기시대 유적으로 구석기시대와 신석기시대 관계를 알 수 있는 소중한 유적이다. 특히 우리나라의 최초의 토기라고 할 수 있는 섬유질 토기인 고산리식 토기와 양면떼기로 만들어진 찌르개· 어형석촉· 유경식 석촉· 무경식 석촉· 갈돌· 갈판 등이 함께 출토되었다.,064-772-0041,제주특별자치도청,2022-12-01
743,제주공룡랜드,기타,관광지,제주특별자치도 제주시 애월읍 광령평화2길 1,,33.440897,126.434531,,,,,,,제주공룡랜드는 제주공항에서 서남쪽 30여분 거리에 위치한 복합 체험형 가족공원이다. 총 3만 5천여평 부지에 해양박물관· 어린이 체험학습관· 3D입체 영화관· 미니보트장· 허브동산· 잔디광장 등 다양한 시설과 공간을 갖추고 있으며· 곳곳에 100여 종 230여마리의 공룡이 전시되어 있다. 실내 외 시설을 두루 갖추고 있어 사계절 방문하기 좋은 전천우 테마관광지다. 처음 공룡랜드로 들어서면 폭포와 초식 동물들이 풀을 뜯고 있는 평화의 광장이 나온다. 가장 거대한 공룡이었다는 세이스모사우르스가 실물 크기로 제작되어 있으며· 거대한 공룡발자국도 볼 수 있다.,064-710-2114,제주특별자치도청,2022-12-01
744,제주곶자왈도립공원,자연,관광지,제주특별자치도 서귀포시 대정읍 에듀시티로 178,제주특별자치도 서귀포시 대정읍 보성리 산1,33.547261,126.662035,1546757,공용주차장+전망대+휴게쉼터(5동)+화장실,펜션+관광호텔+게스트하우스,2011-12-30,168973,35,곶자왈이란 나무· 덩굴식물· 암석 등이 뒤섞여 수풀처럼 어수선하게 된 곳을 일컫는 제주도 방언으로· 특히 제주특별자치도 곶자왈은 세계에서 유일하게 열대 북방한계 식물과 남방한계 식물이 공존하는 특별한 곳이다. 제주곶자왈도립공원은 다양한 생명들이 살아 숨 쉬는 신비로운 곳인 곶자왈의 생태를 보호하고· 사람들에게 휴양 공간· 체험·학습 등을 제공하는 생태관광지이다. 총 5개의 코스가 있어 다양한 곶자왈의 모습을 감상할 수 있다. 코스 별로 탐방에 걸리는 예상 시간을 안내하고 있기 때문에 원하는 시간만큼 머무는 것이 가능하다.,064-792-6047,제주특별자치도청,2022-12-01
745,제주관광승마장,기타,관광지,제주특별자치도 제주시 조천읍 비자림로 485-15,,33.429928,126.658898,,,,,,,제주관광승마장은 예약하지 않아도 이용 가능하다. 승마장에서 모자와 부츠를 제공하고 인솔자를 따라 승마를 체험 할 수 있다. 긴바지를 입고 체험을 하는 것이 좋다.,064-710-2114,제주특별자치도청,2022-12-01
746,제주교육박물관,문화,관광지,제주특별자치도 제주시 오복 4길 25,,33.49451,126.53802,1655,주차장,펜션+관광호텔,,360,,제주교육박물관은 제주교육의 태동부터 현대까지 변천과정에 대한 교육자료를 체계적으로 전시하여 누구나 쉽게 배울 수 있도록 한다.,064-752-9101,제주특별자치도청,2022-12-01
747,제주국제공항(정뜨르비행장),문화,관광지,,,33.50639,126.49525,31602,주차장,펜션+민박,,6870,200,4개의 상설전시장과 체험전시실· 야외전시장이 있다. 옛 제주교육의 생활을 배우며 놀이 체험도 할 수 있다.,064-740-6000,제주특별자치도청,2022-12-01
748,제주국제관악제,축제,관광지,,,33.504309,126.535386,3320,주차장,모텔+게스트하우스+민박,,722,100,매해 제주국제관악제가 열린다. 제주국제관악콩쿠르가 2022년 8월 8일부터 16일까지 제주도 일원에서 열린다.,064-710-3495,제주특별자치도청,2022-12-01
749,제주국제마라톤축제,축제,관광지,,,33.504309,126.535386,,,민박+펜션,,,,제주국제 마라톤축제는 초여름 한 번만 열리며· 제주도의 파란 바다와 즐길 수 있다.,064-710-3495,제주특별자치도청,2022-12-01
750,제주국제예술센터,예술,관광지,,,33.27183,126.19944,1099,,펜션+게스트하우스+민박,,239,,제주국제예술센터는 섬과 바다· 그리고 치유의 숲에 자리한 창작촌이다. 바다 내음 가까이 평화로운 주변 환경· 여유와 사색을 즐길 수 있는 공간· 새로운 감성이 저절로 솟구치는 ‘작가들을 위한 최적의 장소’이다. 제주에서 제주만의 문화적 특성과 자연환경을 기반으로 다양한 문화. 예술 프로그램과 국제적인 전시 사업을 추진하여 제주의 문화 역량과 국제적 문화교류 기반 확대를 목적으로 문화와 자연을 사랑하는 사람들이 모여 설립된 곳이기도 하다.,064-740-6000,제주특별자치도청,2022-12-01
751,제주국제컨벤션센터 icc,기타,관광지,제주특별자치도 서귀포시 중문관광로 224,,33.241365,126.424515,,,,,,,제주도 서귀포시 중문관광단지에 위치한 건물로 지상 7층 높이다. 국제 회의· 강연· 연회· 이벤트· 전시회· 공연 등이 펼쳐지는 국내 유일의 리조트형 컨벤션센터로 한아세안특별정상회의를 성공적으로 개최하기도 했다. 주요 시설로는 대회의실(탐라홀 4·300명 수용 가능)· 중소회의실(한라·삼다·영주·백록 등)· 소회의장· 전시장(이벤트홀)· 이어도프라자(야외광장) 등이 있다. 차량으로 15분 거리 내에 호텔 3·000여실· 펜션 1·000여실이 있어 접근성이 좋다. 연중 다양한 전시회 및 행사 공연 등이 펼쳐지는 곳으로 제주관광공사 중문면세점이 위치해있다.,064-710-2114,제주특별자치도청,2022-12-01
752,제주국제평화센터,기타,관광지,제주특별자치도 서귀포시 중문관광로 227-24,,33.244399,126.4219,,,,,,,제주국제평화센터는 대한민국 정부에 의해 제주도가 동북아와 한반도의 평화정착에 기여하는 '세계평화의 섬'으로 지정되어· 그 동안 제주도가 평화를 실천하게 된 역사적 배경과 평화 실천사업· 미래에 대한 비전을 특수기법을 이용한 전시관이다. '세계평화의 섬 제주'는 그간 삼무정신의 전통을 창조적으로 계승하고 제주4.3의 비극을 화해와 상생으로 승화시키며· 평화 정책을 위한 정상외교의 정신을 이어 받아 세계 평화에 기여할 수 있도록 한 것이다. 특히 평화의 섬 제주의 상징 랜드마크 시설인 제주국제평화센터는 평화에 대한 홍보 및 전시교육· 체험학습의 장으로서 세계평화의 섬 이미지 구현의 구심적역할을 수행한다.,064-710-2114,제주특별자치도청,2022-12-01
753,제주기독교순례길,문화,관광지,,,33.446327,126.30273,,,펜션+게스트하우스,,,,제주기독교순례길은 코스가 4개다. 코스별로 다양한 경관이 마련돼 있으니 자신의 취향에 맞게 코스를 선택할 수 있다.,064-740-6000,제주특별자치도청,2022-12-01
754,제주김녕미로공원,기타,관광지,제주특별자치도 제주시 구좌읍 만장굴길 122,,33.536529,126.772133,,,,,,,김녕미로공원은 사계절 푸르름을 유지하는 상록수 랠란디가 수벽을 이루고 있는 우리나라 최초의 미로공원이다. 랠란디 나무 특유의 향기와· 공원 바닥 내 화산석 ‘송이’는 헛갈리는 미로를 헤매다 나온 여행자들에게 한결 맑은 기운을 느끼게 만든다. 연인은 물론 남녀노소 누구나 즐거워하는 김녕미로공원은 가족들에게 특히 인기가 많은 코스이며· 제주특별자치도 도민이 가장 사랑하는 명소로 꼽히기도 했다. 또한 30년 전· 제주를 사랑한 미국인 더스틴 교수의 아이디어로 개발되어 운영 수익금을 매년 제주대학교를 비롯한 지역사회로 환원하고 있다.,064-710-2114,제주특별자치도청,2022-12-01
755,제주난타,기타,관광지,제주특별자치도 제주시 선돌목동길 56-26,,33.44463,126.544566,,,,,,,난타는 한국 전통가락인 사물놀이 리듬을 소재로· 주방에서 일어나는 일들을 코믹하게 그린 한국 최초의 비언어극이다.칼과 도마 등의 주방기구가 멋진 악기로 승화되어 만들어내는 화려한 연주· 깜짝 전통혼례· 관객과 함께하는 만두쌓기·한국 전통춤과 가락이 어우러지는 삼고무· 가슴이 뻥 뚫릴만큼 시원한 엔딩의 드럼연주 등으로 구성되는 ‘난타’는 국적을 불문하고·남녀노소 누구나 신나게 스트레스를 풀 수 있는 파워풀한 공연이다.,064-710-2114,제주특별자치도청,2022-12-01
756,제주농업학교 옛터,문화,관광지,,,33.499622,126.53119,,,펜션+게스트하우스,,,,제주농업학교 옛터는 4 3 당시 제주농업학교는 도내의 인재들의 몰려들어 수학에 정진했던 유일한 교육기관이었다. 그러나 4 3이 발발하면서 이곳에는 제9연대를 시작으로 11연대(48년 5월)· 2연대(48년 12월)· 독립제1부대(49년 7월) 등의 사령부가 줄줄이 자리잡았던 곳이다. 군 토벌대가 이 곳에 주둔하면서 도내의 내노라하는 유지들과 지식인· 그리고 입산 자수자와 체포자 등 수많은 제주도민들이 잡혀와 고문과 취조를 당한 후 처형되거나 육지형무소로 끌려갔던 한과 눈물의 장소이기도 했다.,064-740-6000,제주특별자치도청,2022-12-01
757,제주다원 녹차미로공원,자연,관광지,제주특별자치도 서귀포시 산록남로 1246,제주특별자치도 서귀포시 색달동 산52,33.292481,126.42089,4500,공용주차장+화장실(2동),게스트하우스+관광호텔,,2500,50,제주다원녹차테마파크는 한라산 해발 500m 청정 지역인 제 2산록도로 1115번 도로상에 위치하고 있으며· 1996년에 조성한 제주도 민간 제1호 5만여평의 녹차 다원으로 년간 5만 여명의 관광객이 다녀간다. 제주다원녹차테마파크 전망대에서 바라본 풍경은 서귀포 70경 중 제 1경이라 할 만큼 아름답다. 서쪽으로는 서귀포 문섬과 범섬· 월드컵경기장과 남쪽으로는 국제컨벤션센터와 여미지식물원을 포함한 중문관광단지가 한 눈에 내려다 보이고 수평선 아래로 대한민국최남단인 마라도섬과 가파도섬이 보이며 서남부지역으로는 우보악오름· 군산· 산방산· 단산· 모슬봉 등이 굽이치듯 대자연의 파노라마를 연출하여 가슴 시원한 전망을 즐길 수 있다.,064-738-4433,제주특별자치도청,2022-12-01
758,제주대학교 가는길,자연,관광지,제주특별자치도 제주시 제주대학로 102,제주특별자치도 제주시 아라일동 1,33.455724,126.56139,12300,,게스트하우스+관광호텔,,,,제주대학교 가는길은 계절마다 바뀌는 멋진 드라이브 코스를 선사하는 제주대학교 주변 도로이다. 제주도 내 국립대학교· 아라동 일대에 위치하며 캠퍼스 별 특성에 맞게 건물 분위기와 주변 경관이 아름답게 꾸며져 있어 관광객들에게도 인기가 좋다. 특히 아라동에서 대학교 진입로는 벛꽃 길과 은행나무 길이 각각 조성되어있어 봄 가을 분위기를 한껏 느낄 수 있다.,064-728-2731,제주특별자치도청,2022-12-01
759,제주대학교병원,의료,관광지,제주특별자치도 제주시 아란13길 15,제주특별자치도 제주시 아라일동 1753-3,33.466998,126.545756,71600,주차장+화장실,호텔+게스트하우스,,15565,1337,제주대학교병원은 제주시 아라동 지역에 위치하여 각종 전문센터 유치· 최첨단 장비 됩 우수한 의료진의 확충 등 병원의 양적 성장과 질적 성장을 동시에 이루고자 전직원들이 많은 준비를 하고 있다. 더불어 천혜의 자연환경을 보유한 제주지젹이 전세계적으로 주목받고 있는 의료관광 시장에서 경쟁력 있는 도시가 될 수 있도록 최선을 다할 것이다.,064-717-1114,제주대학교병원,2022-12-01
760,제주도립김창열미술관,예술,관광지,,,33.338904,126.268235,2000,,호텔+리조트+펜션,,435,,제주도 제주시 한경면 저지문화예술인마을 문화 지구 내에 위치한 연면적 1587m² 규모(지상 1층)의 도립미술관. 김창열 화백의 업적을 기리고 세계 현대 미술 발전에 도움이 되는 작품을 수집· 연구· 전시하기 위해 2016년 9월 24일 설립됐다. 김창열은 6.25전쟁 때 1년 6개월 가량 제주도에 머무르며 작품 활동을 한 이후 이곳을 제 2의 고향으로 여겼다.,064-710-4150,제주특별자치도청,2022-12-01
761,제주돌마을공원,기타,관광지,제주특별자치도 제주시 한림읍 금능남로 421,,33.353911,126.253708,,,,,,,제주돌마을공원은 제주의 자연석· 휘기석· 화산석들을 수집하여 실.내외 전시장에서 다양한 돌들을 만날 수 있는 곳이다. 화산이 폭발하여 용암이 흐르다 굳어버린 자리(빌레)에 흙이 조금도 없는 돌 속에서 소나무가 춤을 추듯이 자라며· 돌 속에서 부를 가져다 준다는 휘기한 자연 황금 소나무 호피송 두 그루가 자란다. 나무에서 돌이 살고· 나무에서 다른 종의 나무가 살며 눈으로 직접 보지 않고서는 도저히 믿을 수 없는 진귀한 돌들과 나무 등을 만나보자.,064-710-2114,제주특별자치도청,2022-12-01
762,제주돌문화공원,기타,관광지,제주특별자치도 제주시 조천읍 남조로 2023,,33.448663,126.658949,,,,,,,제주돌문화공원은 돌의 고향인 제주도의 전신과 체계적인 돌 문화를 보여 주는 박물관이자 생태 공원이다. 제주도의 모든 석상들을 다 전시해 놓았을 정도로 규모가 방대하며· 공원 전체가 제주도의 탄생 신화인 설문대할망과 오백장군을 테마로 조성되어 있어서· 고즈넉한 제주특별자치도 산간의 분위기를 느끼는데 더할 나위 없는 장소다. 제주도에서는 제주돌문화공원을 방문하는 분들에게 보다 재미있게 관람할 수 있도록 '스마트교육용 어플리케이션'을 개발· 무료로 배포하고 있다.,064-710-2114,제주특별자치도청,2022-12-01
763,제주동백수목원,기타,관광지,,제주특별자치도 서귀포시 남원읍 위미리 929-2 .,33.306034,126.658088,,,,,,,제주동백수목원은 사철 푸른 동백과 철따라 지저귀는 이름 모를 새· 풍요로움이 가득한 감귤원과 함께 남국의 정취를 느끼게 한다. 동백나무꽃은 이른 봄에 붉은색 꽃이 피는데 매우 아름다우며· 꽃이 피는 시기에 따라 춘백· 추백· 동백으로 부른다. 제주동백수목원은 위미동백군락지 근처에 위치하고 있는데· 동백 꽃 뿐만 아니라 일정하게 둥근 형태를 띈 수형도 아름다워 최근 포토 스팟으로 유명세를 띄고 있다. 사유지여서 잘 알려지지 않았지만 최근에는 입장료를 받고 사진 촬영을 허가해주고 있다.,064-710-2114,제주특별자치도청,2022-12-01
764,제주들불축제,축제,관광지,,,33.347317,126.379074,,,민박+펜션,,,,제주는 1970년대까지만 하더라도 농가마다 보통 2~3마리의 소를 기르며 주노동력인 소를 이용하여 밭을 경작하고· 수확한 농산물을 밭에서 집이나 시장으로 운반했다. 농한기에는 마을마다 양축농가들이 윤번제로 서로 돌아가며 중산간 초지를 찾아다니며 방목 관리하던 풍습이 있었다. 방목을 맡았던 목동(쉐테우리)들은 중산간 목야지 양질의 목초를 찾아다니며 풀을 먹였다. 이 때 중산간 초지의 해묵은 풀을 없애고· 해충을 구제하기 위해 마을별로 늦겨울에서 경칩에 이르는 기간에 목야지에 불을 놓아 양질의 새풀이 돋아나도록 불놓기(방애)를 했다. 자연과 더불어 살아온 조상들의 지혜였던 것이다. 불놓기(방애)를 하는 기간동안 제주의 중산간 일대는 마치 들불이 난 것 같은 착각이 일 정도로 장관을 이루었다.,064-728-2752,제주특별자치도청,2022-12-01
765,제주러브랜드,기타,관광지,제주특별자치도 제주시 1100로 2894-72,,33.451992,126.489005,,,,,,,제주러브랜드는 성을 주제로 한 테마조각공원으로 예술적으로 승화된 현대적 감각의 성 예술 작품들로 알차게 꾸며져 있다. 환상적인 야간 조명과 이국적인 조명을 도입하여 신비로운 연출을 극대화 하였고· 공원 전체를 하나의 거대한 예술 공간으로 활용하고 있다. 즐거움과 해학의 관점에서 성을 예술로 승화시킨 아름다운 작품들을 만날 수 있는 곳으로· 부부· 커플 단위 관광객에게 꾸준히 사랑받고 있다.,064-710-2114,제주특별자치도청,2022-12-01
766,제주마축제,축제,관광지,,,33.40558,126.40018,429,주차장,리조트+호스텔+펜션+민박,,93,300,제주마축제는 말의 고장 제주에서도 가장 오래된 전통을 자랑하는 대표적인 말 테마 축제이다. 제주마축제는 제주의 전통 마문화를 알리고· 말산업의 현재와 비전을 홍보하기 위한 다양한 공연과 전시· 체험행사가 펼쳐진다. 특히 제주특별자치도에서는 작년부터 천고마비의 계절 10월을 '제주특별자치도 말 문화 관광의 달'로 선포하고 다양한 말 축제를 집중 개최하고 있는데· 제주마축제는 그 하이라이트라 할 수 있다.,064-786-8030,제주특별자치도청,2022-12-01
767,제주맥주,기타,관광지,제주특별자치도 제주시 한림읍 금능농공길 62-11,,33.358643,126.241555,,,,,,, 제주도 하면 가장 먼저 떠오르는 로컬맥주인 제주맥주는 서귀포 한림에 양조장이 있다. 제주의 특색을 담아 제작했다.,064-710-2114,제주특별자치도청,2022-12-01
768,제주메밀축제,축제,관광지,,,33.40558,126.40018,,,리조트+펜션+게스트하우스+민박,,,,제주는 한국에서 메밀 생산량이 가장 많다. 제주메밀축제에서 메밀쌀과 가루가 나오는 과정· 메밀을 활용한 음식· 생활 소품 등 메밀과 연계된 모든 것을 활용하고 보여준다.,064-786-8030,제주특별자치도청,2022-12-01
769,제주목관아,문화,관광지,제주특별자치도 제주시 관덕로 25,,33.514103,126.52193,16725,주차장,펜션+호텔,,3636,30,제주목관아는 관덕정(보물 제322호)을 포함하는 주변 일대에 자리하고 있었으며· 주요 관아 시설이 있었던 곳이다. 탐라국 이래 조선 시대에 이르기까지 제주특별자치도 행정의 중추 역할을 해왔던 제주특별자치도 목관아지를 1991년부터 1998년까지 4차례 발굴 조사한 결과 문헌상에 나타나는 중심 건물인 홍화각(弘化閣)· 연희각(延羲閣)· 우연당(友蓮堂)· 귤림당(橘林堂)· 영주협당(瀛洲協堂) 등 30여채의 건물의 흔적이 확인되었고· 지난 1993. 3. 30일과 2003. 7. 6일 2회에 걸쳐 주변 토지가 국가 사적지 제380호로 지정되었다.,064-710-6711,제주특별자치도청,2022-12-01
770,제주문예회관,예술,관광지,,,33.504309,126.535386,3320,주차장,게스트하우스+펜션,,722,100,제주문화예관은 제주특별자치도 문화예술진흥원에서 운영하는 문화예술 공연· 전시관으로 제주특별자치도 민속자연사박물관 인근에 위치하고 있다.수준높은 공연과 작품전시로 도민들의 문화예술향유 기회를 제공하고 도립무용단 운영을 통해 문화사절단 역할수행 및 제주관광활성화에 기여하고 있다.,064-710-7632,제주특별자치도청,2022-12-01
771,제주물사랑홍보관,기타,관광지,제주특별자치도 제주시 산지로 5-16,,33.515596,126.531031,,,,,,,즐기기보다 의미에 무게를 둔 여행자라면 김만덕 기념관을 찾아 의녀 김만덕의 삶을 돌아보자. 시대적 지역적 한계와 금기를 깨부순 그의 통 큰 기부와 조선판 노블리스 오블리제에 밀려오는 것은 감동의 쓰나미요· 옛 사람과 현 세대간 이해와 공감의 시간도 열린다. 기념관 뒤편 정원마당으로 나서면 작은 내가 흐르는 생태공원이 있고 물사랑 홍보관이 보인다. 물로 유명한 섬인 만큼· 제주사람과 물의 떼려야 뗄 수 없던 역사와 문화도 만나고· 깨끗한 물이 공급되기까지의 정보도 함께 접하는 깨알 같은 공간! 두 곳에서 너무 많은 것을 보고 들어 피로하다싶을 때 쯤 근처 객주로 향하자. 옛 초가를 재현한 객주집에 앉아 고소한 전에 쨍하게 시원한 막걸리 한 잔 기울이면 더위는 물러가고 흥이 난다 흥이 나!,064-710-2114,제주특별자치도청,2022-12-01
772,제주민속오일장,시장,관광지,제주특별자치도 제주시 오일장서길 26(도두일동),제주특별자치도 제주시 도두일동 1212,33.497264,126.474918,40042,주차장+화장실(4동)+공중전화(4동)+급수대(3동),관광호텔+가족호텔,,8705,1200,전국에서 가장 규모가 큰 오일시장으로 매월 2일· 7일 장이 열리는 날이면 압도적인 규모와 함께 장터를 가득 메운 방문객들의 열기로 가득하다.약 1천여 개의 다양한 점포가 운영되고 있으며· 볼거리· 먹거리· 살 거리 등 다양한 품목들로 가득 차 있다. 제주도민들이 장을 보러 오는 곳이기도 하나· 제주특별자치도 여행 중 꼭 들려야 할 코스로 여행객들의 발걸음도 끊이지 않는다.,064-794-2940,제주관광공사,2022-12-01
773,제주민속촌,문화,관광지,,,33.322345,126.841487,190034,주차장,펜션+민박+여관,,41312,80,민속은 민족의 얼이다. 시대와 환경에 적응하여 변화하면서 대대로 전승되는 생활 문화이다. 세월이 흐르면서 새로운 요소가 생성되거나 추가되고 또 때로는 부분적으로 소멸되기도 하지만 큰 줄기는 유지되는 것이다. 민속은 주민의 얼과 사상을 담은 구체적 생활 양상이며 기층 문화라 할 수 있을 것이다. 그런 의미에서 제주도민의 민속 문화를 간직하고 있는 제주민속촌은 제주에서 가장 제주다운 곳이라 할 수 있다. 제주민속촌은 조선말인 1890년대를 기준 연대로 삼아 제주특별자치도 전래의 민속자료를 총체적으로 정리하여 전시하고 있다. 제주의 민속 문화가 제대로 보존되어 있으며· 우리의 꽃과 나무를 한눈에 보고· 세계 문화의 유사성과 차별성을 비교해 볼 수 있는 문화 공간이다.,064-740-6000,제주특별자치도청,2022-12-01
774,제주민속촌 설날맞이 민속행사,축제,관광지,,,33.322345,126.841487,190034,주차장,호텔+펜션+게스트하우스+민박,,41312,80,제주특별자치도 설날에 지역도민들은 물론 설날연휴를 이용해서 제주도여행을 오시는 분들도 제주민속촌 설날 민속행사에 참여하여 설날의 기분을 느껴보세요. 제주특별자치도 설날 제주민속촌에서 설날맞이 민속행사 열립니다.,064-740-6000,제주특별자치도청,2022-12-01
775,제주베니스랜드,기타,관광지,,제주특별자치도 서귀포시 성산읍 난산리 2575,33.416194,126.840906,,,,,,,베니스랜드는 수로가 중요한 교통 수단인 이탈리아의 베니스에 착안하며 만든 곤돌라체험파크로 곤돌라를 타고 이색 체험을 할 수 있다. 물길 양 옆에는 인공 숲과 폭포· 작은 정원들이 조성되어 있어 곤돌라는 타고 한 바퀴 타는 동안 곳곳에서 사진을 찍거나 데이트를 즐기기 좋다. 물길은 미로처럼 되어있지만 길이 단순해서 길을 잃을 위험은 없다. 그 밖에 원주민의 생활 방식을 들여다 보고· 옷을 입어보며 체험도 할 수 있는 오지체험관과· 커피와 디저트· 식사를 해결할 수 있는 플로리안카페· 베네치아푸드 등의 부대시설이 마련되어 있다.,064-710-2114,제주특별자치도청,2022-12-01
776,제주별빛누리공원,기타,관광지,제주특별자치도 제주시 선돌목동길 60,,33.445023,126.549249,,,,,,,제주별빛누리공원은 천체 탐구와 천문 학습의 장으로 활용될 최첨단 천문 우주 과학 시설로써 21세기의 주역인 청소년들에게 무한한 꿈과 희망을 심어줄 과학 문화 공간이다. 내부에는 전시실과 4D영상관· 천체투영실과 관측실 등이 갖춰져 있으며 외부에는 태양계 광장과 해시계가 조성돼 관람객들이 다양한 체험을 할 수 있는 공간으로 만들어졌다.,064-710-2114,제주특별자치도청,2022-12-01
777,제주불교성지 순례길 절로 가는길 - 인욕의 길,문화,관광지,,,33.422096,126.55877,,,호텔+리조트+펜션+게스트하우스+민박,,,,나한존자와 발타라존자를 친견하기 위한 길이다. 한라산이 하늘에 은하수를 끌어당길 듯 높이 솟아있고· 정상에 있는 백록담은 옛날부터 선녀들이 하늘에서 내려와 노닐던 곳으로 선녀들이 내려오는 날이면 사방에 구름을 만들어 한라산 자체를 숨겨버렸다고 전해온다.,064-740-6000,제주특별자치도청,2022-12-01
778,제주불교성지 순례길 절로 가는길 - 정진의 길,문화,관광지,,,33.3402,126.47921,,,민박+펜션,,,,제주특별자치도 올레가 해안의 절경과 민가의 소박함을 보여주는 길이라면 한라산둘레길은 밀림 숲속의 비밀의 정원에 숨겨졌던 비경과 역사를 민끽할 수 있는 숲길이다. 이 수려한 경관을 따라 산림휴양과 생태체험· 그리고 일제 강점기와 4·3의 아픈 역사를 돌아보며 옛 사람들의 삶을 돌아보고 '나는 누구인가'하는 나의 참모습을 찾아나서는 길이다.,064-740-6000,제주특별자치도청,2022-12-01
779,제주불교성지 순례길 절로 가는길 - 지계의 길,문화,관광지,,,33.497364,126.50008,,,펜션,,,,한라산을 향해 걷는 성지순례길은 옛 선인들이 한라산을 올랐던 등산로이면서 단순히 땅위를 걷는 길이 아니라 선인들의 풍류와 그들이 추구했던 삶이 배어 있는 길이며· 민초들이 삶의 터전을 찾아다니던 그런 길이기도 하다. 그러므로 한라산을 향해 수행정진하며 길을 따라 걷다보면 선현들과 풀잎처럼 살다간 민초들의 삶을 몸으로 느끼면서 자연스레 참나의 모습과 만날 수 있는 여정이다.,064-740-6000,제주특별자치도청,2022-12-01
780,제주불교성지 순례길 절로가는길 - 선정의 길,문화,관광지,제주특별자치도 서귀포시 516로771번길 59,제주특별자치도 서귀포시 상효동 산 86-13,33.319935,126.59309,,,게스트하우스+펜션+호스텔,,,,햇살이 내리쬐고 물빛이 반짝이는 바다를 보고· 푸른 잎으로 하늘을 가린 숲길이 나오는 이 길에 들어서면 명상 최적의 섬 제주에서 불교적 명상을 통한 휴식과 종교적 신앙심이 넘쳐남을 느낄 수 있다.,064-740-6000,제주특별자치도청,2022-12-01
781,제주불교성지 순례길 절로가는길-보시의길,문화,관광지,제주특별자치도 서귀포시 516로771번길 59,제주특별자치도 서귀포시 상효동 산 86-13,33.319935,126.59309,,,게스트하우스+펜션,,,,수천 년 동안 이어져 온 부처님 법을 세상으로 전하는 길이다. 해안가를 중심으로 해서 제주역사 속에서 불교가 어떻게 뿌리내리게 되었는지 그 과정을 추측해 볼 수 있는 불교 역사적테마가 있는 성지순례길이다. 이 길은 성지순례길 가운데 가장 많은 절들이 터를 잡고 있는 길로써 어쩌면 가장 제주다운 절집들과 만날 수 있는 길이기도 하다. 길을 따라 걷다보면 바다를 터전삼에 힘겹게 살아온 제주특별자치도 사람들의 마음에 어떻게 불교가 뿌리내려졌는지 잠작할 수 있다.,064-740-6000,제주특별자치도청,2022-12-01
782,제주불빛정원 테마파크,기타,관광지,제주특별자치도 제주시 애월읍 평화로 2346,,33.422168,126.409307,,,,,,,제주불빛정원은 일몰부터 자정까지 밤의 정취를 만끽하는 제주시의 대표적인 야간 명소다. 화려한 불빛과 음악· 분위기 있는 포토존이 어우러져 늦은 밤까지 시간을 보내기 좋다. 또한 제주특별자치도 시내와 가깝고 도로에 인접해 찾아가기도 편하다.,064-710-2114,제주특별자치도청,2022-12-01
783,제주샘주 영농조합,기타,관광지,제주특별자치도 제주시 애월읍 애원로 283,,33.444636,126.337537,,,,,,,제주도 서쪽에는 제주를 대표하는 오메기떡과 감귤을 술로 만나볼 수 있다. 1999년부터 꾸준히 술을 빚어온 제주샘주는 제주의 전통문화와 청정자연을 담아 술을 빚고 있다. 또한 대한민국 우리 술 품평회에서 7년 연속 상을 받기도 했다.,064-710-2114,제주특별자치도청,2022-12-01
784,제주성지,문화,관광지,제주특별자치도 제주시 오현길 61,,33.510372,126.52607,,,게스트하우스+펜션,,,,축성연대는 정확히 알 수 없으나 조선 초기에 처음 쌓은 것은 아니고· 탐라국 당시 쌓았던 것을 고려 때 왜구 방어용으로 보수하여 사용했던 것으로 추정되며 현재는 일부인 남수각부분이 150여미터 정도 복원되어 있다. 제주도의 중심지역을 지켰던 이곳이 보존상태가 좋지못한 것은·일제강점기인 1925년부터 1928년 사이에 건입동 포구 앞바다를 매립할 때 성곽의 돌을 매립골재로 사용하면서 크게 훼손되었기 때문이라고 한다.,064-750-7224,제주특별자치도청,2022-12-01
785,제주세계자연유산센터,기타,관광지,제주특별자치도 제주시 조천읍 선교로 569-36(선흘리 478),,33.472719,126.706192,,,,,,,제주도는 2007년 우리나라 최초로 '제주특별자치도 화산섬과 용암동굴'이라는 이름으로 세계자연유산에 등재되었다. 제주특별자치도 전체 면적의 약 10%정도에 해당하는 지역이며· 한라산 천연보호구역· 성산일출봉· 거문오름 용암돌굴계이다. 제주세계자연유산센터는 유네스코 세계자연유산으로서 제주의 가치를 관리하고 보전하기 위한 시설이다. 제주가 유네스코 세계자연유산이라는 건 알고 있지만· 정확히 어떤 것들이 세계적으로 지켜내야 유산으로 선정된 것인지 알고 싶다면· 이 곳에서 어렵지 않게 알아 볼 수 있다. 화산 활동을 통해 생성된 제주· 용암동굴· 한라산의 다양한 식생· 용암동굴· 미래의 자연유산 등 제주특별자치도 자연의 숨결을 느끼고 경험해볼 수 있다. 진정한 제주의 가치를 알고· 보존해야 할 의무를 가진 우리들이 방문해 볼 만한 전시관이다.,064-710-2114,제주특별자치도청,2022-12-01
786,제주센트럴파크,기타,관광지,제주특별자치도 제주시 조천읍 비자림로 606,,33.433598,126.674727,,,,,,,제주센트럴파크(구·미니랜드)는 세계 유명 건축물과 문화유산을 축소하여 전시하고 있는 우리나라 최초의 미니어처테마파크이다. 전시되어 있는 100여점의 미니어처들은 크기만 다를 뿐 실물과 똑같은 모양을 가지고 있다. 자라나는 청소년들에게는 세계문화유산의 관람과 복합문화예술체험 장소로· 해외여행을 선호하는 관람객들에게는 짧은 시간에 세계 일주의 즐거움을 만끽 할 수 있는 경험을 선사한다. 직접 꾸미고 표현하여 세상에 단 하나 밖에 없는 나만의 작품을 만들어 보는 체험도 제공하고 있다.,064-710-2114,제주특별자치도청,2022-12-01
787,제주스카이워터쇼,기타,관광지,제주특별자치도 제주시 구좌읍 번영로 2172-80,,33.423999,126.743774,,,,,,,제주도 실내관광지라서 더운 여름이라도 분수쇼와 화려함이 가미된 서커스를 보고 나면 더위도 싹 사라지는 기분이 들 정도로 시원함도 느낄수 있었고 어르신이나 아이들과 함께 가볼만한 곳이라 만족스러웠어요.,064-710-2114,제주특별자치도청,2022-12-01
788,제주시 충혼묘지 4.3추모비(박진경 추도비),문화,관광지,제주특별자치도 제주시 오현길 61,,33.510372,126.52607,14400,주차장,리조트+펜션+게스트하우스,,3130,20,제주시 충혼묘지에는 제주도민에게 잘 알려진 박진경 대령 추도비가 세워져 있다. 그는 일제시대 일본군의 제주도 방어기지 구축에 참여한 경험으로 제주도의 지리를 잘안다는 사실 때문에 4·3발발 후 진압군 제 9연대장으로 제주도에 부임한다. 당시 그가 부임할 때는 김익렬 9연대장이 민간인에게 총을 겨누는 초토화 작전을 거부했다는 이유로 전출 당한 직후였다. 그는 부임하자마자 미육군 사령관의 명령에 따라 강경진압작전으로 일관한다. 작전구역내 통행자는 전부 사살할 것· 중산간 부락에 대해서는 고립화· 포위작전을 전개할 것 등 박진경의 명령에 의해 폭도 색출작전 이 전개됐다. 그때부터 무고한 제주도민들은 빨갱이· 빨갱이 가족이라는 명분으로 무차별 사살되었다. 그가 부임한지 한달만에 6천명의 제주도민의 폭도로 체포되었다. 그는 무고한 제주도민을 빨갱이로 몰아 살해 하였다.,064-750-7224,제주특별자치도청,2022-12-01
789,제주시서문시장,시장,관광지,제주특별자치도 제주시 서문로4길 132,,33.511383,126.517973,25021,관리사무소+주차장+공중화장실,펜션+관광호텔,,5439,50,서문시장은 제주특별자치도 서부지역을 대표하는 재래시장이다. 지하 1층·지상 4층의 주상복합건물로 1층에는 음식점·잡화점·과일가게 등 점포 44개· 2층에는 옷가게와 포목점 등 점포 38개가 있다. 건물 밖으로 간이 점포가 들어서 있다. 주요 거래품목은 농·축산물과 의류·포목·잡화로· 식당도 여럿 있다., 064-758-8387,제주특별자치도청,2022-12-01
790,제주신화전설탐방로,기타,관광지,제주특별자치도 서귀포시 안덕면 녹차분재로 218,,33.292316,126.299659,,,,,,,제주신화전설탐방로 ‘신나락 만나락’은 ‘신과 사람이 만나 함께 즐거워 한다’는 뜻으로 총 길이 3.2㎞의 곶자왈 숲길과 돌담길로 이뤄진 탐방로이다.,064-710-2114,제주특별자치도청,2022-12-01
791,제주씨월드,기타,관광지,제주특별자치도 서귀포시 성산읍 성산등용로 112-7,,33.472112,126.933198,,,,,,,제주씨월드 우도잠수함은 성산포항에서 해저잠수함 선착장까지 이동한다. 유람선을 타고 우도 해상비경 및 성산일출봉을 감상한 후· 잠수함을 타고 바다 밑으로 내려간다. 이동거리가 500m로 국내 최대를 자랑한다.,064-710-2114,제주특별자치도청,2022-12-01
792,제주아리랑 NEW 혼,예술,관광지,,,33.403406,126.77945,1586,주차장,게스트하우스+펜션,,345,50,이 공연의 주제의식은 바로 '다양한 한국문화요소 간의 조우'다. 한 편의 서사시 같은 무대에서 한국의 전통적이고 독특한 문화의 단면들이 융합된다.,064-787-2258,제주특별자치도청,2022-12-01
793,제주아트서커스,기타,관광지,제주특별자치도 서귀포시 안덕면 동광로 214,,33.314411,126.344939,,,,,,,서커스월드는 국제서커스대회 우수작으로 선정된 종목을 엄선하여 최고의 공연을 선보인다. 중국에서도 인정받는 최고의 기예 단원들이 국내 최고의 공연을 선보인다.,064-710-2114,제주특별자치도청,2022-12-01
794,제주아트센터,예술,관광지,,,33.475155,126.515506,4100,주차장,호텔+호스텔+게스트하우스+모텔,,891,100,제주아트센터는 총1·184석의 제주특별자치도 최대규모의 대극장을 소유한다. 1· 2층 객석 모두 동일한 공간환경과 쾌적한 원음을 청취할 수 있도록 한다. 그 외 승강무대· 회전무대· 오케스트라피트(66석)가 마련되어 기악· 합창· 연극· 무용· 오페라· 뮤지컬 등 어떠한 장르도 완벽히 소화할 수 있다.,064-728-1509,제주특별자치도청,2022-12-01
795,제주양떼목장,기타,관광지,제주특별자치도 제주시 애월읍 도치돌길 289-13,,33.411151,126.365284,,,,,,,제주양떼목장은 울타리가 없다. 양떼가 사람들 사이를 지나가고· 잔디밭에서는 토끼가 뛰놀며 염소도 보인다. 말과 사슴 등 몇 가축을 제외하면 목장 안 모든 공간이 열린 형태여서 사람과 동물이 뒤섞인 진귀한 풍경을 볼 수 있다.,064-710-2114,제주특별자치도청,2022-12-01
796,제주여가마을,기타,관광지,제주특별자치도 제주시 조천읍 조와로 360,,33.523606,126.63553,,,,,,,제주여가마을은 제주시 동쪽 조천읍 와흘리에 위치한다. 자신만의 쉬는 법· 노는 법을 터득해 갈 수 있는 체험이 준비돼 있다. 제주여가마을 본부가 있는 ‘와흘리’는 세계중요농업유산인 제주밭담을 잘 보존하여· 힐링 제주특별자치도 플랫폼 구축사업의 거점마을로 선정됐다.,064-710-2114,제주특별자치도청,2022-12-01
797,제주예촌,기타,관광지,,제주특별자치도 서귀포시 대정읍 영락리 5,33.265079,126.235499,,,,,,,제주도예촌에서는 돌로 축조된 제주전통 가마 '석요'에서 유약을 칠하지 않고 구워 천연 빛깔이 나는 세계 유일한 도기를 생산한다. 실내·외에 전시된 다양한 천연도기를 볼 수 있고· 제주특별자치도 문화· 역사를 배울 수 있다.,064-710-2114,제주특별자치도청,2022-12-01
798,제주오라 청보리&유채꽃 축제,축제,관광지,,,33.475155,126.515506,,,관광호텔+펜션,,,,오라동에서 위로는 한라산이 보이고 아래로는 제주시와 제주앞바다가 보인다. 봄마다 청보리 축제가 열린다. 장터나 행사가 진행되지 않지만· 아름다운 풍경을 자랑한다.,064-728-1509,제주특별자치도청,2022-12-01
799,제주오렌지,기타,관광지,제주특별자치도 서귀포시 남원읍 서성로 684-5,,33.325879,126.669853,,,,,,,제주오렌지'는 제주의 대표적 관광기념품 중 하나인 감귤초콜릿을 개발하고 생산한다. 초콜릿의 생산· 포장과정을 확인하고· 시식하거나 구매할 수 있다. 초콜릿을 만드는 체험도 간단히 할 수 있다.,064-710-2114,제주특별자치도청,2022-12-01
800,제주올레 10-1코스,올레코스,관광지,제주특별자치도 서귀포시 대정읍 가파로 243,제주특별자치도 서귀포시 대정읍 가파리 206,33.174335,126.270982,,공중화장실+휠체어구간,펜션+민박,,,,제주특별자치도 올레 10-1코스는 가파도의 상동포구부터 하동포구까지 이어지는 코스로 약 4.3km이고 난도는 낮은 편이다.,064-762-2190,(사)제주올레,2022-12-01
801,제주올레 10코스,올레코스,관광지,제주특별자치도 서귀포시 안덕면 화순해안로 85,제주특별자치도 서귀포시 안덕면 화순리 813-8,33.201734,126.287564,,공식안내소+공중화장실(8동)+휠체어구간,모텔+게스트하우스+민박,,,,제주특별자치도 올레 10코스는 화순금모래해변에서 시작해 하모체육공원까지 이어진다. 총 17.3km로 약 4~5시간이 걸린다. 올레코스 중 가장 인기가 많은 만큼 곳곳의 훼손이 심해 한동안 닫혔었다. 자연 훼손과 안전 문제로 황우치 해변 대신 산방산 둘레길과 습지 등이 포함된 대체 탐방로가 지정되었다.,064-762-2190,(사)제주올레,2022-12-01
802,제주올레 11코스,올레코스,관광지,,제주특별자치도 제주시 우도면 연평리 24731,33.505802,126.941779,46000,공중화장실(7동)+안내소,민박+펜션,,10000,,제주특별자치도 올레 11코스는 하모체육공원부터 제주자연생태문화체험골(무릉생태학교)까지 이어진다. 약 17.8km 길이로 5~6시간 소요된다. 근대사와 현대사가 녹아 있다. 시작점은 제주버스터미널에서 150-1번을 타고 하모체육공원에 하차하여 홍마트와 하모체육공원 사이 골목에 있다. 서귀포에서는 서귀포시외버스터미널에서 202번을 타고 하모3리 정류장에 하차하면 갈 수 있다.,064-762-2190,(사)제주올레,2022-12-01
803,제주올레 1-1코스,올레코스,관광지,,제주특별자치도 제주시 우도면 연평리 2473-1,33.505796,126.941829,,안내소+공중화장실(8동),펜션+게스트하우스+민박,,,,제주올레 1-1코스는 총 11.5km로 도보로는 4~5시간이 걸린다. 하우목동항 또는 천진항에서 시작해 우도를 한 바퀴 돈다. 전체적으로 큰 굴곡이 없어 걷기 좋지만 우도에 교통이 복잡해 사고에 주의해야 한다.,064-762-2190,(사)제주올레,2022-12-01
804,제주올레 12코스,올레코스,관광지,,제주특별자치도 서귀포시 대정읍 신도리 28832,33.286325,126.171649,68400,공중화장실(9동)+구급함+안내소,펜션+게스트하우스,,14870,,제주올레 12코스는 제주자연생태문화체험골 입구에서부터 용수포구 절부암 앞까지 이어진다. 17.1km 길로 약 5~6시간이 소요된다. 폐교에서 도예관으로 변신한 산경도예에서 도자기와 작품을 구경할 수 있다. 지역주민들을 위한 교육과 체험학습도 진행된다.,064-762-2190,(사)제주올레,2022-12-01
805,제주올레 13코스,올레코스,관광지,,제주특별자치도 제주시 한경면 조수리 21372,33.328831,126.21221,59200,공중화장실(3동)+구급함+안내소,펜션+게스트하우스,,12870,,제주올레 13코스는 용수포구 절부암 앞에서 시작하여 저지예술정보화마을까지 이어진 14.8km의 길로 약 4~5시간 소요되며· 바다에서 시작하지만 한라산을 향하며 제주특별자치도 서부 깊숙한 곳까지 이른다.,064-762-2190,(사)제주올레,2022-12-01
806,제주올레 14-1코스,올레코스,관광지,,제주특별자치도 서귀포시 안덕면 서광리 산 50-22,33.304893,126.288796,,공식안내소+공중화장실(3동),호텔+리조트+펜션,,,,제주특별자치도 올레 14-1코스는 저지 예술 정보화 마을부터 인향동 버스정류장까지 이어지며· 약 17km의 길로 5~6시간 정도 소요된다. 곶자왈에서 길을 잃으면 위험하기 때문에 표식을 놓치지 않도록 주의해야 한다. 또한 코스에 인가가 없으므로 두 명 이상이 함께 다니는 것이 좋고· 식당이나 상점도 없어 미리 물이나 간식을 준비해야 한다. 제주여행 지킴이단말기 사용을 추천한다.,064-762-2190,(사)제주올레,2022-12-01
807,제주올레 14코스,올레코스,관광지,,제주특별자치도 제주시 한림읍 월령리 산 915,33.371229,126.224845,75600,공중화장실(6동)+구급함+안내소,민박+펜션,,16435,,제주올레14코스는 저지 예술 정보화 마을부터 한림항까지 이어지며· 약 18.9km의 길로 6~7시간 정도 소요된다. 중간에 '오시록헌 농로'에 도착한다. ‘오시록헌’은 아늑하다는 뜻의 제주어다. 끝없이 펼쳐지는 푸른 밭과 돌담들을 보면 그 뜻을 느낄 수 있다.,064-762-2190,(사)제주올레,2022-12-01
808,제주올레 15-A코스,올레코스,관광지,,제주특별자치도 제주시 애월읍 납읍리 2695-5,33.430182,126.319408,,공식안내소+공중화장실(4동)+구급함,리조트+호스텔+펜션+민박,,,,제주올레 15-A코스는 한림항부터 고내포구 우주물 앞까지 이어지며· 19.2km의 길로 약 5~6시간이 소요된다. 바다에서 시작해 다시 바다로 끝나는 코스다. 한림항을 지나 섬 안쪽으로 가면 선운정사가 나온다. 선운정사에 설문대할망이 소원을 들어준다는 소원석도 있고· 매일 일몰 후 빛마루축제가 열린다. 해질녘 사찰과 나무· 탑 등 곳곳을 비추는 등불과 LED조명의 연꽃들이 만들어내는 특별한 야경을 보러 많은 관광객이 찾아온다.,064-762-2190,(사)제주올레,2022-12-01
809,제주올레 15-B코스,올레코스,관광지,제주특별자치도 제주시 한림읍 한림해안로 192,제주특별자치도 제주시 한림읍 대림리 2019-17,33.418997,126.262447,,공식안내소+공중화장실+구급함,리조트+펜션+게스트하우스+민박,,,,기존의 올레15코스가 15-A코스로 변경되고· 15-B코스가 새로 개장하였다. 올레 15-B코스는 한림항도선대합실에서 고내포구까지 이어진 13.5km의 올레길로 약 5시간 소요된다.,064-762-2190,(사)제주올레,2022-12-01
810,제주올레 16코스,올레코스,관광지,,제주특별자치도 제주시 애월읍 고내리 11112,33.466846,126.338134,62800,공중화장실(6동)+구급함+안내소,펜션+호텔,,13652,,제주올레 16코스는 고내포구에서부터 광령1리 사무소까지 이어져있는 15.7km의 길이다. 시작점과 종점· 그리고 코스 중간의 항파두리에서 올레 스탬프를 찍을 수 있다. 신엄리의 '해안단애산책로'도 16코스의 일부이다.,064-762-2190,(사)제주올레,2022-12-01
811,제주올레 17코스,올레코스,관광지,,제주특별자치도 제주시 도두1동 26121,33.505224,126.467967,71600,공중화장실(12동)+구급함+안내소,게스트하우스+펜션,,15565,,올레 17코스는 제주특별자치도 시내를 기점으로 하며 총 거리가 17.9km가 된다. 약 6~7시간 걸리며 난도는 ‘중’에 해당한다. 중간에 이호 테우 해변의 바닷길과 도두봉의 산길을 품고 있는 비교적 완만한 길이다. 광령리 사무소를 시작으로 외도 일대가 포함된다.,064-762-2190,(사)제주올레,2022-12-01
812,제주올레 18-1코스,올레코스,관광지,,제주특별자치도 제주시 추자면 묵리 산 133,33.951928,126.307655,,공식안내소+공중화장실(5동)+구급함,펜션+민박+여관,,,,추자도 안에서 걷는 코스가 바로 18-1코스이다. 약 18.2km의 거리로 약 8시간 정도가 걸리고 산과 절벽이 있는 코스이기 때문에 1박을 하지 않고는 모두 꼼꼼히 둘러보기 어려운 코스이다.,064-762-2190,(사)제주올레,2022-12-01
813,제주올레 18코스,올레코스,관광지,,제주특별자치도 제주시 삼양1동 1131-2,33.528676,126.596536,,공식안내소+족은안내소+공중화장실(9동)+구급함,호텔+펜션+게스트하우스+민박,,,,제주올레 18코스인 '조천-김녕 올레'는 만세동산을 시작으로 신흥· 함덕· 북촌· 동복을 거쳐 김녕으로 이어진다. 바다· 오름· 곶자왈· 마을· 밭 등 풍경이 풍성하다. 서우봉 오르는 길에서 쉬어가듯 가면 모든 구간이 무난한 편이다.,064-762-2190,(사)제주올레,2022-12-01
814,제주올레 19코스,올레코스,관광지,,제주특별자치도 제주시 조천읍 조천리 1142,33.540252,126.64283,,공식안내소+공중화장실(8동),호텔+펜션+게스트하우스+민박,,,,제주올레 19코스인 '조천-김녕 올레'는 만세동산을 시작으로 신흥· 함덕· 북촌· 동복을 거쳐 김녕으로 이어진다. 바다· 오름· 곶자왈· 마을· 밭 등 풍경이 풍성하다. 서우봉 오르는 길에서 쉬어가듯 가면 모든 구간이 무난한 편이다.,064-762-2190,(사)제주올레,2022-12-01
815,제주올레 1코스,올레코스,관광지,,제주특별자치도 서귀포시 성산읍 오조리 396-1,33.471925,126.915079,,공식안내소+공중화장실(5동)+휠체어구간+구급함,호텔+리조트+펜션+게스트하우스+민박,,,,제주올레 1코스는 시흥초등학교를 시작으로 광치기해변에 이르는 약 14.6km의 코스로· 약 4~5시간이 소요된다. 오름과 바다가 이어지기에 ‘오름-바당 올레’라 부른다. 제주시외버스터미널에서 201번을 타고 시흥리정류소에서 하차하면 시작점에 도착한다.,064-762-2190,(사)제주올레,2022-12-01
816,제주올레 20코스,올레코스,관광지,제주특별자치도 제주시 구좌읍 행원동길 22,,33.554093,126.811546,69600,공중화장실(9동)+구급함+안내소,민박+펜션,,15130,,제주올레 20코스 '김녕-하도 올레'는 제주특별자치도 바람을 자주 접할 수 있다. 많은 마을을 끼고 있고· 길이 포장돼 있어 비교적 걷기 좋다. 김녕 서포구 어민복지 회관을 시작으로 김녕 성세기 해변(1.6km)· 환해장성(3km)· 월정해변(6.9km)· 행원포구(광해군 기착비 앞)(8.1km)· 좌가 연대(11km)· 계룡동 마을회관(13.3km)· 뱅듸길(15.4km)· 제주해녀 박물관을 끝으로 총 17.4km이며 5~6시간이 걸린다.,064-762-2190,(사)제주올레,2022-12-01
817,제주올레 21코스,올레코스,관광지,,제주특별자치도 제주시 구좌읍 하도리 32041,33.523523,126.863485,44400,공중화장실(5동)+구급함+안내소,펜션,,9652,,제주올레 21코스는 하도리(제주해녀박물관)에서 종달리(종달바당)까지 이어진다. 총 11.1km로 걸어서는 3~4시간이 소요되며· 제주특별자치도 올레길의 마지막 코스다. 제주특별자치도 동부 지역의 다양한 매력을 느낄 수 있다. 지미봉을 제외하면 대체적으로 길이 평탄하다. 오름 등반이 힘들다면 우회길을 이용하면 된다.,064-762-2190,(사)제주올레,2022-12-01
818,제주올레 2코스,올레코스,관광지,,제주특별자치도 서귀포시 성산읍 고성리 25633,33.433671,126.897301,58000,공중화장실(5동)+구급함+안내소,게스트하우스+펜션+호스텔,,12609,,제주올레 2코스는 광치기해변부터 온평포구까지 약 4~5시간 걸을 수 있는 14.5km 거리의 코스다. 광치기해변을 시작으로 내수면 둑방길을 넘어가면 식산봉이 나온다. 식산봉은 55m의 낮은 오름이며 등산길이 잘 되어있고 험난하지 않아 금세 정상에 갈 수 있다.,064-762-2190,(사)제주올레,2022-12-01
819,제주올레 3코스,올레코스,관광지,,제주특별자치도 서귀포시 표선면 하천리 871,33.33356,126.844552,80000,공중화장실(7동)+구급함+안내소,게스트하우스+펜션,,17391,,제주올레 3코스는 온평포구를 시작으로 표선해비치해변까지의 코스다. 시작점을 지나면 A코스와 B코스로 나뉜다. A코스는 약 20km로 6~7시간 정도 걸린다. 통 모양을 닮은 통오름에서 야생화와 방목 말을 볼 수 있다. 특히 가을에는 억새꽃 풍경이 아름답다. 통오름을 내려와 도로를 따라가면 금세 독자봉이 나오는데· 통오름과는 다르게 솔숲 나무들이 우거져 있다.,064-762-2190,(사)제주올레,2022-12-01
820,제주올레 4코스,올레코스,관광지,,제주특별자치도 서귀포시 남원읍 태흥리 2002,33.299872,126.753596,94400,공중화장실(7동)+구급함+안내소,게스트하우스+펜션,,20522,,제주특별자치도 올레 4코스는 표선에서 남원 사이를 지난다. 총 23.6km로 걷는 시간은 약 6~7시간정도 소요된다. 다른 올레길에 비해서 난도가 높은 편이다. 가장 긴 코스로 오름과 해안도로를 포함한다. 코스에 포함된 가마리 해녀올레는 ‘세계 최초의 전문직 여성’인 제주특별자치도 해녀의 삶을 여실히 보여준다.,064-762-2190,(사)제주올레,2022-12-01
821,제주올레 5코스,올레코스,관광지,제주특별자치도 서귀포시 남원읍 남태해안로 140,제주특별자치도 서귀포시 남원읍 남원리 916,33.277827,126.719843,52000,공중화장실(5동)+구급함+안내소,리조트+펜션+게스트하우스,,11304,,제주올레 5코스는 남원포구에서 시작하여 쇠소깍 다리까지 이어지며· 약 13km의 길로 4~5시간 소요된다. 초보 올레꾼도 쉽게 도전해 볼 수 있다. 대한민국에서 가장 아름다운 해안 산책로로 뽑히는 큰엉해안경승지 숲길이 있다. 기암절벽과 자연 숲터널을 지나며 휴식을 취할 수 있다. 특히 숲터널 끝에 나무가 자연적으로 만들어낸 한반도 지도 모습은 감탄을 자아낸다.,064-762-2190,(사)제주올레,2022-12-01
822,제주올레 6코스,올레코스,관광지,,제주특별자치도 서귀포시 보목동 13774,33.23712,126.596068,44000,공중화장실(8동)+구급함+안내소,게스트하우스+펜션,,9565,,제주특별자치도 올레 6코스는 쇠소깍부터 여행자센터까지 이어지는 11km의 길로 4~5시간 정도 소요된다. 쇠소깍을 지나 해안가의 돌담길과 마을을 걷다 보면 제지기오름을 만나게 된다. 정상 전망대에서 섶섬을 가장 가깝게 볼 수 있다.,064-762-2190,(사)제주올레,2022-12-01
823,제주올레 7-1코스,올레코스,관광지,,제주특별자치도 서귀포시 서호동 553-1,33.267822,126.520164,,,펜션,,,,제주특별자치도 올레 7-1코스는 제주특별자치도 월드컵 경기장을 시작으로 제주특별자치도 올레 여행자센터까지 이어진다. 15km 정도 되며· 4~5시간 정도 걸린다. 비교적 높은 고근산을 오르기 때문에 난도가 있는 편이다. 시작점인 제주월드컵경기장 광장 앞과 중간지점인 서호동 제남아동복지센터· 종점 제주올레 여행자센터에서 패스포트 스탬프를 찍을 수 있다.,064-762-2190,제주특별자치도청,2022-12-01
824,제주올레 7코스,올레코스,관광지,,제주특별자치도 서귀포시 서홍동 795-1,33.240437,126.548225,,,호텔+모텔+게스트하우스,,,,제주특별자치도 올레 7코스는 제주특별자치도 올레 여행자 센터를 출발로 월평마을 아왜낭목으로 이어진다. 17.7km 길이로 5~6시간 정도 소요된다. 언덕과 바윗길을 지나야 하므로 난도가 높다. ‘칠십리 시(詩)공원’은 제주특별자치도 시가 적힌 바위로 꾸며진 공원이다. 산책로가 잘 갖춰졌고 전망대에서 천지연 폭포와 새섬· 문섬을 볼 수 있다. 칠십리 공원 안에 한일 우호 친선 매화 공원이 있어· 봄에 방문한다면 아름다운 매화를 무료로 감상할 수 있다.,064-762-2190,제주특별자치도청,2022-12-01
825,제주올레 8코스,올레코스,관광지,,,33.23657,126.38887,,,리조트+호텔+게스트하우스,,,,제주특별자치도 올레 8코스는 월평 아왜낭목 쉼터를 시작으로 대평포구까지 걷는 코스다. 중문색달해변을 들리는 A코스(19.2km)와 그렇지 않은 B코스(18.2km)로 나뉘며 5~6시간 정도 소요된다. 아왜낭목 쉼터에서 출발하여 약천사를 지나면· 선궷내를 볼 수 있다. 바다로 내려가 대포포구를 지나면 우리나라 최대의 주상절리대를 볼 수 있다. 그 뒤로 ‘별이 내린 내’라는 뜻의 '베릿내'가 흐르는 베릿내오름에 도착할 수 있다. 정상에 서 남쪽으로 남태평양과 마라도· 가파도를 한눈에 볼 수 있다.,064-762-2190,제주특별자치도청,2022-12-01
826,제주올레 9코스,올레코스,관광지,,제주특별자치도 서귀포시 안덕면 감산리 982-2,33.2371,126.36139,,,민박+펜션,,,,제주특별자치도 올레 9코스는 대평포구에서 시작해 화순금모래해변까지 이어지며· 7.5km의 길로 3~4시간 정도 소요된다. 포구에서 ‘몰질(말들이 몰고다니는 길)’을 따라가면 박수기정 위 넓은 초원이 나온다. 이 초원에서 바라보는 대평마을과 제주특별자치도 바다 풍경이 굉장히 아름답다.,064-762-2190,제주특별자치도청,2022-12-01
827,제주옹기굴제,축제,관광지,,제주특별자치도 서귀포시 안덕면 감산리 982-2,33.2371,126.36139,,,민박+펜션,,,,제주옹기굴제는 사단법인 제주전통옹기전승보존회가 주최한다. 옹기 일이 성행하던 시절 굴(가마)을 만들고 그릇을 구웠던 공동 작업방식을 '굴제'라 한다. 전승활동을 위해 마련됐다.,064-762-2190,제주특별자치도청,2022-12-01
828,제주요가페스티벌,축제,관광지,,제주특별자치도 서귀포시 안덕면 감산리 982-2,33.2371,126.36139,,,민박+펜션,,,,2022년 8회 유엔 세계요가의 날을 기념하여 전쟁으로 고통받고 있는 우크라이나를 돕기 위한 요가프로젝트를 평화의 섬 제주에서 개최한다.,064-762-2190,제주특별자치도청,2022-12-01
829,제주요도자기문화박물관,기타,관광지,제주특별자치도 제주시 애월읍 평화로 2847,,33.457221,126.442312,,,,,,,제주요 화산토 도자기 문화박물관은 김영수 명장이 8년여 동안 빚은 제주흑자자기를 전시한다.,064-710-2114,제주특별자치도청,2022-12-01
830,제주우리병원,의료,관광지,제주특별자치도 제주시 중앙로 373,제주특별자치도 제주시 이도이동 1986-3,33.488907,126.539642,3409,주차장+화장실,호텔+호스텔+게스트하우스+모텔,,741,20,제주우리병원은 척추ㆍ관절 치료가 특화됐다. 협진 치료시스템을 통해 최상의 의료 서비스를 제공한다. 제주도의 지리적인 특성을 반영해 원스톱시스템( 진료-검사ㆍ결과)을 도입했다. 최소 절개· 최소 침습· 무수혈 치료를 원칙으로 하며· 내시경치료를 전문적으로 시행한다.,1899-6265,제주우리병원,2022-12-01
831,제주유리박물관,기타,관광지,제주특별자치도 서귀포시 중산간서로 1403,,33.278578,126.370274,,,,,,,제주유리박물관은 한국의 유일한 유리 박물관으로 8·000여평의 넓은 공간에 유리작품을 전시했다. 다양한 유리 작품을 보며· 정원을 거닐며 자연과 예술이 주는 힐링을 만끽할 수 있다. 유리블로잉 및 캔들 만들기 등 체험 프로그램도 있다.,064-710-2114,제주특별자치도청,2022-12-01
832,제주유리의성,기타,관광지,제주특별자치도 제주시 한경면 녹차분재로 462,,33.314837,126.273449,,,,,,,제주특별자치도 유리의 성은 유리공예를 테마로 2008년 문을 연 국내 최고의 유리전문 박물관이다.,064-710-2114,제주특별자치도청,2022-12-01
833,제주유채꽃 큰잔치,축제,관광지,,제주특별자치도 서귀포시 안덕면 감산리 982-2,33.2371,126.36139,,,펜션+게스트하우스,,,,1980년대 유채 재배가 감소하자 유채꽃을 널리 알리고자 1983년 제주특별자치도 유채꽃 큰잔치가 열렸다. 제주시(우도면)와 서귀포시에서 번갈아 열린다. 2016년부터 서귀포시 표선면 가시리에서 진행한다.,064-762-2190,제주특별자치도청,2022-12-01
834,제주자연생태공원,자연,관광지,제주특별자치도 서귀포시 성산읍 금백조로 448 제주자연생태공원,제주특별자치도 서귀포시 성산읍 수산리 4710 제주자연생태공원,33.439621,126.822779,8000,주차장+공중화장실,관광호텔+펜션,,1739,45,제주자연생태공원은 종 보전을 위해 야생동물을 조사하고 연구한다. 자연으로 돌아갈 수 없는 동물에게 안전한 쉼터와 생활터를 제공한다.,064-787-4711,제주자연생태공원,2022-12-01
835,제주절물자연휴양림,자연,관광지,제주특별자치도 제주시 명림로 584 제주절물자연휴양림,제주특별자치도 제주시 봉개동 산 781,33.439337,126.628448,4503266,주차장+공중화장실+유도 및 안내시설+경보 및 피난시설,펜션,,978971,200,제주절물자연휴양림은 제주시 봉개동 화산 분화구 아래 1997년 7월 23일 개장했다. 총 300ha 면적에 50여년생 삼나무가 밀집한다. 해풍으로 한여름에도 한기를 느낄 수 있다. 삼나무는 바람이 많은 제주에서 감귤나무를 보호하기 위해 지역주민이 심었다. 이후 자연 휴양림으로 개발되었다.,064-728-1510,제주특별자치도청,2022-12-01
836,제주조각공원,기타,관광지,,제주특별자치도 제주시 구좌읍 송당리 2762-1,33.422839,126.743204,,,,,,,제주조각공원은 모두의 삶에 활력을 더해주는 꿈의 공간이자 관광 제주의 문화적 요람이다.,064-710-2114,제주특별자치도청,2022-12-01
837,제주조천스위스마을,기타,관광지,제주특별자치도 제주시 조천읍 함와로 566-27,,33.514523,126.677736,,,,,,,제주특별자치도 조천에 있는 스위스마을은 '동행'을 주제로 일군· 자연 그대로를 나타낸다. 풍경이 아름다운 건축부지를 가지며 아무에게나 집을 분양하지 않는다. 이웃을 중요시 하기 때문이다. 마을을 같이 가꿀 구성원을 이웃으로 맞이한다.,064-710-2114,제주특별자치도청,2022-12-01
838,제주중앙성당,문화,관광지,,,33.51162,126.523156,1280,,펜션+게스트하우스,,278,,제주중앙성당은 1899년 프랑스 선교사 페네(Pyenet) 주임신부와 김원영 보좌신부가 설치했다. 고딕양식을 갖추며 제주교구 최초의 본당이다. 제주시 삼도2동 도심 한가운데 있으며 십자가탑이 높이 솟아 눈길을 끈다.,064-753-2271,제주특별자치도청,2022-12-01
839,제주참숯가마찜질방,기타,관광지,제주특별자치도 서귀포시 성산읍 삼달로 47 제주참숯가마찜질방,,33.369154,126.863487,,,,,,,지하 1층부터 지상 3층까지 제주특별자치도 참숯가마 찜질방은 제주도 내 최대 규모의 참숯가마 찜질방이다.,064-710-2114,제주특별자치도청,2022-12-01
840,제주추사관,문화,관광지,,,33.25022,126.27838,207,,펜션+게스트하우스,,45,,제주도는 현재 여행지로 사랑받고 있지만 조선시대 때는 모두가 기피하는 최악의 유배지였다. 옛날에는 농어업 기술이 발달하지 않고 식수도 부족해 사람이 살기에 무척 척박했기 때문이다. 바다 가운데 있어 도망치기 어려운 점도 한 몫 했다. 이런 탓에 당시 중죄인이나 당정에 휘말린 정치인들이 제주도로 쫓겨났다. 섬의 수려한 풍경 뒤· 슬픔과 고난의 유배의 역사가 깃들어 있다.,064-710-6803,제주특별자치도청,2022-12-01
841,제주커피박물관 바움,기타,관광지,제주특별자치도 서귀포시 성산읍 서성일로1168번길 89-17,,33.439801,126.899117,,,,,,,커피박물관 바움은 성산의 대수산봉 아래 자락에 자리하고 있다. 바움은 독일어로 나무라는 뜻이며· 커피박물관을 방문하면 숲과 함께 다채로운 커피의 향을 즐길 수 있다.,064-710-2114,제주특별자치도청,2022-12-01
842,제주특별자치도 도립미술관,예술,관광지,제주특별자치도 제주시 1100로 2894-78,,33.45921,126.48759,5460,주차장,펜션+관광호텔+게스트하우스,,1187,100,제주도립미술관은 제주도 같이 물 위에 떠있는 모습으로 설계되었다. 미술관을 둘러싼 물 그림자에 미술관과 자연풍경이 함께 담겨 그 자체로 예술 작품이 된다. 제주를 대표해 제주특별자치도 사람들의 삶과 문화· 예술을 담아내는 전시가 꾸준히 열린다.,064-710-4300,제주특별자치도청,2022-12-01
843,제주평화박물관(전쟁평화박물관),문화,관광지,제주특별자치도 제주시 한경면 청수서5길 63(청수리),,33.305588,126.249275,,,가족호텔,,,,한경면 청수리에 위치한 제주평화박물관은 일제강점기와 태평양 전쟁 당시의 제주와 전쟁역사를 보관· 전시하고 있는 박물관으로 전쟁의 비참함과 평화의 소중함을 느낄 수 있는 다크투어관광지이다.,064-772-2500,제주특별자치도청,2022-12-01
844,제주프린지페스티벌,축제,관광지,제주특별자치도 제주시 한경면 청수서5길 63(청수리),,33.305588,126.249275,,,관광호텔+펜션,,,,프린지 페스티벌은 영국의 에든버러에서 유래된 예술축제다. 국내 여러 곳에서 개최되며 제주에서도 매년 10월 열린다. '프린지'란 '변두리· 비주류'를 뜻 한다. 자신의 개성을 살린 예술을 자유롭게 표현하고 함께 즐길 수 있다.,064-772-2500,제주특별자치도청,2022-12-01
845,제주한라병원,의료,관광지,제주특별자치도 제주시 도령로 65,,33.489818,126.485188,35856,주차장+화장실,호텔+모텔+게스트하우스,,7795,150,환자의 생명과 건강을 내 몸처럼 돌본다는 뜻의 ‘이명아명’(爾命我命)을 원훈으로 삼으며· 1983년 10월 개원했다. 제주특별자치도 지역 가장 큰 병원으로 26개 진료과목을 개설하고 병상 600개를 보유한다. 2011년 정부가 공인하는 의료기관으로 선정됐다. 권역응급의료센터와 권역외상센터를 운영한다.,064-740-5000,제주한라병원,2022-12-01
846,제주한란전시관,기타,관광지,제주특별자치도 서귀포시 돈내코로67번길 19 제주한란전시관,,33.296175,126.587257,,,,,,,제주한란전시관은 국가지정 천연기념물 제432호 제주상효동 한란자생지를 보호하면서 전시관운영과 자생지 탐방로도 관리한다.,064-710-2114,제주특별자치도청,2022-12-01
847,제주항공우주박물관,기타,관광지,제주특별자치도 서귀포시 안덕면 녹차분재로 218 제주항공우주박물관,,33.292316,126.299659,,,,,,,제주항공우주박물관은 항공 기술과 우주를 꿈꾸는 사람들에게 무한한 상상력을 심어준다. 라이트 형제부터 미래 행성을 세우는 일까지 마음껏 상상의 나래를 펼칠 수 있다.,064-710-2114,제주특별자치도청,2022-12-01
848,제주항일기념관,문화,관광지,,,33.541524,126.642574,391,주차장,게스트하우스+관광호텔,,85,20,제주항일기념관은 제주지역의 항일 독립운동에 관한 역사적 자료를 수집· 보존· 전시한다. 선열들의 숭고한 희생정신과 자주 독립정신을 계승하고· 후세에게 올바른 역사의식과 애국· 애향정신을 심어주기 위해 세워졌다.,064-783-2008,제주특별자치도청,2022-12-01
849,제주해녀축제,축제,관광지,,,33.523525,126.86349,,,관광호텔+펜션,,,,제주해녀축제는 세미나· 해녀의 날 기념식· 개막행사· 해녀문화 체험· 공연· 해녀 노래자랑 등 진행한다.,064-740-6000,제주특별자치도청,2022-12-01
850,제주해양동물박물관,기타,관광지,제주특별자치도 서귀포시 성산읍 서성일로 689-21,,33.426897,126.864724,,,,,,,제주해양동물박물관에서 다양한 해양 생물에 대해 알 수 있다. 고래상어· 개복치나 한반도에서 사라진 철갑상어 등 다양한 어종의 이야기를 들을 수 있다.,064-710-2114,제주특별자치도청,2022-12-01
851,제주향교,문화,관광지,,,33.511157,126.516051,263,,리조트+호텔,,57,,제주특별자치도 최초의 학교인 제주특별자치도 향교는 제주시 용담동에 위치했으며· 도 지정 유형 문화재 제 2호로 선정됐다. 조선 태조 원년인 1392년에 설립 됐으며 순조 27년인 1827년 지금의 자리에 들어섰다.,064-757-0976,제주특별자치도청,2022-12-01
852,제주허브동산,기타,관광지,제주특별자치도 서귀포시 표선면 돈오름로 170,,33.32985,126.814854,,,,,,,제주허브동산에서 낮에는 향긋한 허브향을 맡고· 밤에는 반짝이는 불빛을 보며 제주특별자치도 여행을 즐길 수 있다. 서귀포 표선면에 위치하며 2만 6천평의 대지에 약 150여종의 허브와 야생화가 심겼다. 다양한 테마로 꾸며진 정원은 산책하거나 사진 찍기에 좋다.,064-710-2114,제주특별자치도청,2022-12-01
853,제주현대미술관,예술,관광지,,,33.34026,126.2663,4500,,리조트+호텔+게스트하우스,,978,,제주현대미술관은 저지문화예술인 마을에 위치한다. 지하 1층· 지상 2층 규모로· 자연친화성을 주제로 한 공모전의 최우수작품을 본따 설계했다. 국제조각심포지엄 야외공원과 천명 넘게 수용 가능한 야외공연장· 상설전시실· 기획전시실· 아트숍 등 갖추고 있다. 제주를 사랑한 한국 근현대 미술의 거목 김흥수 화백이 자신의 대표 작품을 유일하게 이 미술관에만 무상으로 기증했다.,064-710-7801,제주특별자치도청,2022-12-01
854,제주힐링명상센터,기타,관광지,제주특별자치도 제주시 애월읍 어음13길 196,,33.395453,126.361083,,,,,,,제주시 애월읍· 한림읍과 비양도를 품은 바다가 한눈에 보이는 곳. 운이 좋은 날은 석양에 물든 바다를 배경 삼아 말 등에 올라타고 싶은 충동이 생기는 중산간 400고지에 제주힐링명상센터가 있다. 비움명상· 국궁명상· 자연명상 등 몸의 긴장을 풀어주고 마음을 행복하게 도와주는 체험 위주의 힐링 프로그램을 운영하고 있는 제주힐링명상센터는 쉽게 말해 제주여행의 쉼표 같은 곳이다.,064-710-2114,제주특별자치도청,2022-12-01
855,제지기오름,오름,관광지,,제주특별자치도 서귀포시 보목동 275-1,33.242226,126.609375,552,,게스트하우스+펜션,,120,,제지기오름은 남사면은 매우 가팔라서 곳곳이 벼랑져 있고· 숲이 덮힌 외관으로는 나타나지 않지만 안에 들면 곳곳에 바위가 서 있고 커다란 바위 등이 드러나 있다. 정상부는 나무가 없고 환상 탈모 대머리처럼 둥그렇게 벗어졌고 억새며 잡풀이 무성하다. 북사면은 급준하게 솟아 오른 남사면과 달리 비교적 완만한 등성이가 두 가닥으로 뻗어 내리고 그 가랑이진 곳이 각각 서향·북향·북동향으로 야트막이 오목져 있다. 화구로 보일 만큼의 뚜렷한 형태는 아니다.,064-760-4522,제주특별자치도청,2022-12-01
856,조근대비악,오름,관광지,,제주특별자치도 서귀포시 보목동 275-1,33.242226,126.609375,139592,,가족호텔,,30346,,정상 부위에 두 개의 굼부리를 갖고 있는 복합형 화산체로서 북쪽에 약간 숲을 이루고 있지만 1980년대까지만 해도 우마를 방목하였다.,064-760-4522,제주특별자치도청,2022-12-01
857,조선한의원,의료,관광지,제주특별자치도 제주시 진군남4길 7-1,제주특별자치도 제주시 노형동 682,33.4761,126.485809,230,주차장+화장실,리조트+호텔+게스트하우스,,50,40,조선한의원은 한방 피부 미용과 다이어트 프로그램을 통하여 여성들에게 건강한 아름다움을 되찾는데 도움을 준다.전통 한의학 이론과 최신 서양 의학 지식을 결합해 진료가 차별화됐다.,064-712-7775,조선한의원,2022-12-01
858,조안베어뮤지엄,기타,관광지,제주특별자치도 서귀포시 대포로 113,,33.240285,126.434204,,,,,,,오리지날 모헤어를 직접 직조하고 식물과 열매들에서 추출한 천연염료를 사용하여 직접 만든 테디베어를 전시한다.,064-710-2114,제주특별자치도청,2022-12-01
859,조일구락부 옛터,문화,관광지,,,33.511913,126.52066,,,관광호텔+가족호텔,,,,조일구락부 옛터는 당시 유일한 극장시설이었다. 당시는 유난히 각종 단체 결성이 잦았던 시기였기 때문에 이곳에서 많은 행사가 있었다. 특히 1947년 3 1절 기념행사 관계로 긴장이 고조되는 시점인 1947년 2월 23일· 이곳 조일구락부에서 민주주의민족전선(약칭 민전 民戰)제주도위원회가 결성됐다.,064-740-6000,제주특별자치도청,2022-12-01
860,조천리용천수탐방길,자연,관광지,,,33.511913,126.52066,,,관광호텔+가족호텔,,,,진성은 외적의 침입을 방어하기 위해 해안이나 내륙 지역에 쌓은 성곽이다. 조천진성은 처음 축조한 시기는 정확히 알 수 없으나 1590년 이옥이 제주특별자치도 목사로 있을 때 성곽 일부를 개축했다는 기록이 있어서 그 이전에 축조했을 것으로 보인다.,064-740-6000,제주특별자치도청,2022-12-01
861,조천만세동산,문화,관광지,,제주특별자치도 제주시 조천읍 조천리 1133-2,33.53997,126.64167,26656,주차장,게스트하우스+펜션,,5795,100,목숨을 바쳐 조국의 자주독립을 외치신 분들을 추모하고· 또 기억하다. 조천읍 조천리에 있는 '조천만세동산'은 제주의 3대 항일운동 중 하나인 조천만세운동이 전개되었던 곳이다. 조천만세동산에는 조국의 자주독립을 위해 목숨을 바친 분들을 추모하고 평화를 염원하는 '애국선열 추모탑'과· 만세운동의 뜻을 기억하고 기리기 위해 세워진 '3.1 독립운동 기념탑'이 있다.,064-740-6000,제주특별자치도청,2022-12-01
862,조천비석거리,문화,관광지,,제주특별자치도 제주시 조천읍 조천리,33.539413,126.63747,,,관광호텔,,,,조천은 제주성과 가까운 곳으로 교통수단을 해로에 의존할 당시 목사나 판관 등 많은 관리가 화북· 조천 포구를 이용하였으므로 이들에 대한 치적과 석별의 뜻을 표시하기 위하여 비석을 세웠는데 이 거리를 통칭하여 비석거리라 한다. 조천에 7기가 있다. 제주도 기념물 제 31호인 조천비석거리는 주로 조선후기 이후에 건립되었다. 선정을 베풀었던 수령들이 갈려간 뒤에 고을 주민들이 그들을 생각하여 세웠던 비석들을 한 곳에 모았다고 하는데 과연 수령들의 진실된 마음으로 목민과 구실을 하였는지· 고을민들이 자발적인 심정으로 이들 비석을 세워주었는지는 확실하지 않다.,064-740-6000,제주특별자치도청,2022-12-01
863,조천중앙학원옛터,문화,관광지,,제주특별자치도 제주시 조천읍 조천리,33.539413,126.63747,,,펜션+관광호텔+게스트하우스,,,,1947년 3 1절 시위 및 총파업 이후 미군정과 서청의 탄압을 받았던 조천중학원,064-740-6000,제주특별자치도청,2022-12-01
864,조천함덕해안도로,자연,관광지,제주특별자치도 제주시 조천읍 조천8길,제주특별자치도 제주시 조천읍 조천리 23961,33.53609,126.63494,4200,주차장,민박+펜션,1981-10-07,913,26,조천-함덕해안도로는 조천과 함덕을 오고가며 두 해변을 모두 볼 수 있는 해안도로이다. 함덕해수욕장에서 출발하여 해안선을 따라 달리는 4.5km 정도의 길이다. 함덕에서가 아닌 조천에서 출발하여 달려도 되지만· 함덕에서 출발하는 편이 바다와 자동차의 거리가 가까워 제주특별자치도 풍경을 즐기기에 더 좋다. 조천-함덕해안도로는 다른 해안도로에 비해 중간에 쉬어갈 수 있는 카페 등이 많은 편은 아니지만· 그 어느 코스보다 바다와 마을들을 구경하기에 좋다. 조천-함덕해안도로의 시작인 함덕 서우봉 해변에서는 에메랄드빛을 뽐내는 바다와 넓은 모래사장을 따라 심어진 야자수가 뽐내는 이국적인 풍경을 볼 수 있다.,064-740-6000,제주특별자치도청,2022-12-01
865,조함해안도로,자연,관광지,제주특별자치도 제주시 조천리 조함해안로 438,제주특별자치도 제주시 조천읍 조천리 30373,33.543827,126.636955,327,주차장,민박+펜션,,71,26,제주올레 18코스의 막바지인 조천읍 연북정을 지나 종점인 조천만세동산으로 가다보면 ‘조함해안도로’가 시작된다. 이곳을 시작으로 관곶· 신흥리· 함덕서우봉해변까지 이르는 약 6km의 조함(조천~함덕)해안도로로 이어진다. 먼저 시작점인 조천포구는 현재의 제주항이 생기기 전까지 육지에서 제주로 드나드는 관문이었다. 이곳에 자리한 연북정(戀北亭)은 조선시대의 정자이며 제주도 유형문화재 제 3호로 지정되어 있다. 제주로 유배되어 온 사람들이 북쪽 육지에서 가족이나 임금으로부터 올 기쁜 소식을 기다리던 곳이다.,064-740-6000,제주특별자치도청,2022-12-01
866,족은노꼬메오름,오름,관광지,,제주특별자치도 제주시 애월읍 유수암리,33.409443,126.41184,25000,,펜션+관광호텔+게스트하우스,,5435,,족은노꼬메오름은 이름과 달리 경사가 가파르며 숲이 울창하다. 숲길과 오름을 함께 즐길 수 있다. 노꼬메오름은 족은노꼬메오름과 큰노꼬메오름으로 이루어져 있다.,064-740-6000,제주특별자치도청,2022-12-01
867,족은바리메,오름,관광지,,제주특별자치도 제주시 애월읍 상가리 산 124,33.443558,126.353349,7000,,관광호텔+가족호텔,,1522,,큰바리메와 달리 산세가 거칠다. 동서로 가로누워 크고 작은 서너개의 봉우리로 이루어졌다. 말굽형 화구로 분류되며 오름 전사면으로 해송과 잡목숲을 이룬다.,064-728-3124,제주특별자치도청,2022-12-01
868,족은사슴이오름,오름,관광지,,제주특별자치도 서귀포시 표선면 녹산로 536,33.398807,126.706334,4600,,관관호텔+전통호텔+가족호텔+휴양콘도미니엄,,1000,,남북으로 길게 누워있는 형태로 북동쪽으로 크게 벌어진 말굽형 화구를 이룬다.오름 남측 사면상에도 남서쪽으로 벌어진 작은 말굽형 화구를 갖고 있는 쌍둥이 화산체이며· 화구방향으로 해송· 삼나무가 조림되어 숲을 이루고· 그 반대 사면은 풀밭을 이루고 있다.기슭자락 낭떠러지에 가마천이 있고· 하천 주변에는 자연림의 울창한 숲을 이룸지형지세가 마치 사슴과 비슷하다고 하여 큰오름은 큰사슴이(대록산)· 작은오름은 족은사슴이(소록산)라 부르는 말굽형 화구다.,064-740-6000,제주특별자치도청,2022-12-01
869,존자암지,문화,관광지,,,33.3402,126.47921,63600,,관관호텔+전통호텔+가족호텔,,13826,,제주도지정 유형문화재 제17호로 2000년 11월 1일 지정되었다. 존자암지 세존사리탑은 존자암지의 경내에 있다. 존자암의 창건 연대를 살펴보면 존자암은 고양부 삼성이 처음 일어났을 때 비로소 세워졌다고 충암 김 정은 존자암기에서 밝히고 있다. 세존사리탑은 제주현무암으로 만들어진 탑으로 먼저 지대를 단단히 다진 후 8각형 기단을 구축하여 그 위에 괴임돌을 놓고 탑신을 얹어 옥개석을 동일석으로 만들었다. 탑신석은 석종형에 속하나 장구형으로 상하를 평평하게 치석하였으며 중앙부로부터 상.하단에 이르면서 유여한 곡선미를 보이고 있다. 옥개석 형태는 하면은 평평하나 낙수면이 제주특별자치도 초가지붕 형태로 부드러운 곡선을 보이고 있으며 그 위에 조성된 보주 또한 세련된 조각미를 연출하고 있을뿐 아니라 지금까지 국내에서는 옥개석과 보주를 같은돌로 치석한 예가 없을 만큼 그 가치가 매우 높게 평가되고 있다.,064-760-2505,제주특별자치도청,2022-12-01
870,종남마을,문화,관광지,,제주특별자치도 제주시 조천읍 와산리 464,33.474056,126.70725,,,관관호텔+전통호텔+가족호텔,,,,와산 본동에서 남쪽으로 1.5㎞ 떨어진 당오름 정상 뒤편에 자리잡고 있다.4·3 당시 10여호 50명 내외의 주민들이 농사와 축산에 종사하면서 살아가던 소담한 자연마을이었다. 한치홍· 한치명· 한달천· 양상길· 강시봉씨 등이 살았고 주로 한씨가 모여 살았다.종남마을은 1948년 11월 20일 소각된 이후 복구가 되지 않아 잃어버린 마을이 되었다.,064-740-6000,제주특별자치도청,2022-12-01
871,종달고망난돌쉼터,자연,관광지,제주특별자치도 제주시 구좌읍 해맞이해안로,제주특별자치도 제주시 구좌읍 종달리 1124,33.510385,126.906677,9305,,민박+펜션,,2023,,종달해안도로를 지나다 하도해수욕장에 도달할 때쯤 고망난돌쉼터를 만날 수 있다. 모르고 가면 그냥 지나치기 쉬운 숨은 명소이다.,064-740-6000,제주특별자치도청,2022-12-01
872,종달리수국길,자연,관광지,제주특별자치도 제주시 구좌읍 해맞이해안로 2121,제주특별자치도 제주시 구좌읍 종달리 85,33.507701,126.911019,10000,,펜션+게스트하우스,,2174,,제주특별자치도의 북동쪽 구좌읍에 위치한 종달리에는 '수국길 테마거리'가 형성되어있다. 종달리는 공항에서 제주특별자치도 동부를 향해 약 1시간 정도 달리면 비자림을 지나 지미봉 자락에서 만나게 된다. 종달리라는 마을의 이름은 '통달함을 마쳤다'라는 의미를 가지고 있다.,064-740-6000,제주특별자치도청,2022-12-01
873,종달리전망대,자연,관광지,제주특별자치도 제주시 구좌읍 해맞이해안로 2196,제주특별자치도 제주시 구좌읍 종달리 425,33.50354,126.912749,1139,주차장,펜션+게스트하우스,,248,30,종달리 전망대는 종달리해안도로에서 해안방향의 높은 언덕 위에 흡사 배의 갑판처럼 보이는 모양으로 세워져 있다. 동쪽으로는 성산일출봉· 서쪽으로는 토끼섬· 앞바다에는 제주특별자치도 섬 안의 섬 중 가장 유명한 우도를 한 눈에 볼 수 있다. 망원경도 설치되어 있어· 멀리 있는 전경들을 더욱 가까이에서 마주할 수도 있다. 파란 바다의 수평선과 하늘이 맞닿은 경계선이 모호한 신비로움과 주변의 초록빛 풀가지들· 바다에 던져진 듯한 현무암들까지 제주스러움이 어떤 것인지 한껏 느낄 수 있게 한다. 전망대 뿐만 아니라 주변 산책로도 데크로 걷기 편안하게 설치되어 있어· 유명한 제주특별자치도 바람을 맞으며 해보는 해풍 산책 또한 즐겁다.,064-728-3394,제주특별자치도청,2022-12-01
874,종달리해변,자연,관광지,제주특별자치도 제주시 구좌읍 해맞이해안로 2281,제주특별자치도 제주시 구좌읍 종달리 56572,33.496294,126.909862,12000,주차장,펜션+게스트하우스,,2609,45,종처럼 생긴 산(지미봉) 밑에 위치한다는 뜻이 있는 이름도 예쁜 종달리에 위치한 넓은 모레 해변이 종달리해변이다. 비교적 잘 알려지지 않은 종달리해변은 조용하게 여행하고 싶은 사람들에게 추천하는 곳이다. 종달리 해변에서는 성산일출봉과 우도가 아름답게 보인다. 특히 종달리해변 옆에 있는 해안도로는 수국이 아름답기로 유명한 길이 형성되어 있다.,064-728-7711,제주특별자치도청,2022-12-01
875,종달리해안도로,자연,관광지,제주특별자치도 제주시 구좌읍 해맞이해안로,제주특별자치도 제주시 구좌읍 종달리 6301,33.482664,126.901803,5600,,펜션+관광호텔+게스트하우스,,1217,,종달해안도로는 광치기해변에서 시작하는 해맞이해안도로의 일부로 하도해변까지 이르는 길로 약 11.2km이다. 동쪽에 있는 해안도로라서 해맞이라는 이름이 붙었고· 해가 뜰 때도 물론 장관이지만 해가 질 무렵에도 아름다운 하늘과 바다의 색을 뽐낸다. 전동기로는 약 45분· 빠른 걸음으로는 약 2시간 13분· 보통 걸음으로는 3시간 43분 정도가 소요된다.,064-740-6000,제주특별자치도청,2022-12-01
876,좌보미오름,자연,관광지,,제주특별자치도 서귀포시 표선면 성읍리 산 6,33.436074,126.806776,84024,,가족호텔,,,,다섯 개의 큰 봉우리가 서로 연결되어 하나의 기형적 형태의 커다란 산체를 형성하고 있으며· 그 아래쪽 자락에는 표선면 공동묘지(표선면 납골묘)가 조성되어 있다. 오름 동쪽 정상에서 보면 사면 아래쪽으로 3개의 아주 작고 아담한 원형분화구의 흔적을 갖고 있는 둔덕들이 줄지어 있고 그 아래쪽의 남녘과 북쪽 일대는 완만한 기복의 구릉지대로 이어진다.,064-760-2913,제주관광정보센터,2022-12-01
877,주상절리대(중문대포해안),자연,관광지,제주특별자치도 서귀포시 이어도로 3624,제주특별자치도 서귀포시 중문동 275710,33.238628,126.26513,10000,주차장+유도 및 안내시설+경보 및 피난시설,관광호텔+펜션,,2174,100,주상절리는 마치 예리한 조각 칼로 섬세하게 깎아낸 듯한 4~6각형 형태의 기둥으로· 현무암질 용암류에 나타나는 수직 절리를 말한다. 두꺼운 용암이 화구로부터 흘러나와 급격히 식으면서 발생하는 수축 작용의 결과로 형성되었다. 마치 계단을 쌓은 듯 겹겹이 서 있는 육모꼴의 돌 기둥이 병풍처럼 둘러 쳐져 있어 자연의 신비로움을 만끽할 수 있다. 그 기둥에 부딪히는 파도 또한 마음을 뺏기는 볼거리인데· 심할 때는 높이 20m 이상 치솟는 ‘쇼’가 펼쳐지기도 해서 보는 이의 넋을 빼앗는다. 중문·대포해안 주상절리대는 높이가 30~40m· 폭이 약 1㎞ 정도로 우리나라 최대 규모를 자랑하며· 제주도 천연기념물 제443호로 지정돼 있다.,064-738-1521,제주특별자치도청,2022-12-01
878,주정공장(동척회사)옛터,문화,관광지,,,33.474056,126.70725,,,관광호텔,,,,1934년 일제에 의해 설립된 동양척식주식회사(약칭 동척회사) 제주주정공장은 해방전후 제주도의 주요한 산업시설이었다. 공업발달 여건이 충분하지 못한 제주도의 여건상 도내에서 생산되는 농산물을 원료로 하는 산업만이 가능한 실정이었다. 따라서 제주도에서 생산되는 고구마를 원료로 하는 주정공장이 세워졌던 것이다. 따라서 제주도에서 생산되는 고구마를 원료로 하는 주정공장이 세워졌던 것이다,064-740-6000,제주특별자치도청,2022-12-01
879,중문관광단지,기타,관광지,,제주특별자치도 서귀포시 중문동,33.25143,126.434824,,,,,,,중문관광단지는 서귀포시 중문동· 색달동· 대포동에 걸쳐 있는 종합관광휴양지이다. 제주만의 독특한 자연 경관과 지리적 환경을 활용한 관광단지로 1978년 조성하였다. 내부는 10개의 숙박 시설과 9개의 휴양 시설로 이루어져· 국내외 관광객을 위한 기본적인 숙박과 함께 관광· 즐길 거리· 레저 시설 등을 제공하며· 인근에 국제 회의를 위한 컨벤션· 쇼핑시설· 운동·오락· 휴양·문화 시설 등도 두루 갖추고 있다.,064-710-2114,제주특별자치도청,2022-12-01
880,중문리 신사터,문화,관광지,,,33.499622,126.53119,,,가족호텔,,,,신사터'는 일제 시기 일본인들이 신사를 모셨던 곳이라 해서 그렇게 이름 붙여진 곳이었다. 해방이 되자 지역주민들은 제일 먼저 이 곳을 때려부쉈다. 마을에서 조금 떨어진 으슥한 곳에 위치해 4 3 당시 토벌대는 지역 주민들을 학살하는 장소로 이용했다.,064-740-6000,제주특별자치도청,2022-12-01
881,중문미로파크,기타,관광지,,제주특별자치도 서귀포시 상예동 3592-5,33.263465,126.382442,,,,,,,중문미로파크는 사계절 푸르른 랠란디나무의 미로 속에서 길을 찾는 즐거움 외 감귤따기 체험도 할 수 있다. 유채꽃밭과 제주의 신화와 역사도 알 수 있다. 중문미로파크의 미로를 구성하는 나무는 랠란디 사이프러스(X cupressocyparis leylandii)로 흔히 랠란디라 칭한다. 랠란디 나무의 싱그러운 향기는 심신 안정의 효과가 있다.,064-710-2114,제주특별자치도청,2022-12-01
882,중문색달해변,자연,관광지,제주특별자치도 서귀포시 중문관광로72번길 114,제주특별자치도 서귀포시 색달동 30391,33.245558,126.405564,20000,공중화장실,게스트하우스+관광호텔,,4348,,중문색달해변은 서퍼들의 천국이라 불릴 만큼 파도가 높아 여름에는 다이나믹한 해수욕을 즐기려는 사람들로 인산인해를 이룬다. 이곳은 활처럼 굽은 긴 백사장과 흑색· 백색· 적색· 회색을 가진 모래가 특징이다. 해안절벽이 해변 뒤를 병풍처럼 둘러싸고 있는 풍경과 칠십리해안의 절경은 제주특별자치도 여행 중 꼭 한번 보고 가야 할 장소로 손꼽히기도 한다.,064-760-4993,제주특별자치도청,2022-12-01
883,중문색달해수욕장,자연,관광지,제주특별자치도 서귀포시 중문관광로72번길 2951,제주특별자치도 서귀포시 색달동 282212,33.245948,126.413075,35000,주차장+공중화장실+유도 및 안내시설+경보 및 피난시설,관광호텔+펜션,,7609,300,국제 서핑 대회가 매년 6월에 개최된다. 1999년 환경운동연합이 실시한 ‘수질환경성’조사 결과 전국 44개 해수욕장 가운데 최고의 청정 해수욕장으로 꼽히기도 했다.,064-739-4993,제주특별자치도청,2022-12-01
884,중문오일장,시장,관광지,제주특별자치도 서귀포시 천제연로188번길 12(중문동),제주특별자치도 서귀포시 중문동 21231,33.250856,126.424207,6000,관리사무소+주차장+공중화장실,리조트+호텔,,1304,50,중문오일장은 3일 / 8일 입니다., 064-760-2633,제주특별자치도청,2022-12-01
885,중앙병원,의료,관광지,제주특별자치도 제주시 월랑로 91,제주특별자치도 제주시 이호이동 22,33.492253,126.470752,25600,주차장+화장실,리조트+호텔+게스트하우스,,5565,723,다학제 진료 시스템으로 구성된 질환별 전문 진료 센터 및 전문 클리닉을 운영하고 있으며 응급의료센터의 전문화· 비침습-중재적 시술팀의 진료로 빠르고 안전한 진료와 치료가 이루어진다. 외국인 방문객은 물론 재외동포· 국내에 체류하고 있는 외국인이 편안한 마음으로 진료를 받을 수 있도록 외국인 특화 진료시스템을 운영하고 있으며 첨단 의료장비와 고객의 상태에 적합한 의료진 배치를 통해 최고의 의료서비스를 제공한다.,064-786-7000,중앙의료재단,2022-12-01
886,중엄리새물,자연,관광지,제주특별자치도 제주시 애월읍 중엄3길 60,제주특별자치도 제주시 애월읍 신엄리 9293,33.478415,126.369254,1100,주차장,게스트하우스+펜션,,239,35,제주특별자치도 올레길 16코스· 애월해안로에 위치하고 있다. 주상절리와 어우러진 해안절경이 뛰어난 곳이다.과거 신엄리 마을 주민들이 합심하여 암석을 발파하고 방파제를 쌓아 방파제 안쪽으로 해수가 들어오지 않는 구조를 만들어· 식수원· 빨래터 등으로 이용했다.5분 거리에는 구엄리 돌염전이 있고· 또 가까운 거리에 대섭공원· 애월 돌고래 전망대가 있어 함께 둘러보기 좋다.,064-740-6000,제주특별자치도청,2022-12-01
887,지그리오름(조천),자연,관광지,,제주특별자치도 제주시 조천읍 교래리 산 115,33.450242,126.64598,34855,,가족호텔,,,,제주시 봉개동에 위치한 민오름과 서로 이웃해 있는 오름으로· 동부 산업도로와 남조로가 교차하는 사거리에서 남원 방향 약 1.5㎞ 지점의 조천읍 새마을 공동목장안에 위치해 있다.,064-740-6000,제주관광정보센터,2022-12-01
888,지그리오름(큰지그리),자연,관광지,제주특별자치도 제주시 조천읍 남조로 2023,제주특별자치도 제주시 조천읍 교래리 산95 교래자연휴양림,33.443759,126.645275,203660,,관광호텔+가족호텔,,,,제주시 봉개동에 위치한 민오름과 서로 이웃해 있는 오름으로· 동부 산업도로와 남조로가 교차하는 사거리에서 남원 방향 약 1.5㎞ 지점의 조천읍 새마을 공동목장안에 위치해 있다. 이 오름은 산체의 대부분이 조천읍 교래리에 속해 있으면서 북쪽 기슭에 작은오름 하나를 거느리고 있는데· 이는 족은지그리라 부르고 있다.,064-740-6000,제주관광정보센터,2022-12-01
889,지미봉(지미오름),자연,관광지,제주특별자치도 제주시 구좌읍 종달로1길 91-16,제주특별자치도 제주시 구좌읍 종달리 513,33.499396,126.90303,80178,화장실(1동),관광호텔+가족호텔,,,,종달마을 입구 동북 방향에 있는 오름으로 산 위 등성이는 원뿔 모양의 동쪽 봉우리가 주봉(정상)이다. 북쪽에서 바라보면 두 개의 봉우리로 이루어졌고· 서북 쪽 기슭에는 하도리 창흥동 양어장이 있으며· 이 지역은 철새도래지(둘레 약 3·700m· 면적 약 369·000㎡)로서· 겨울이 되면 겨울 철새인 저어새· 도요새· 청둥오리 등이 날아와 겨울을 난다. 성산일출봉과 우도· 종달항과 종달리 앞바다를 한눈에 내다볼 수 있다. 지미봉은 올레기 21코스에 자리하고 있어 많은 올레길 관광객이 찾는다. 경사가 비교적 높아 편한 운동화를 착용해야 하며· 하산 시 안전에 주의해야 한다.,064-740-6000,제주관광정보센터,2022-12-01
890,지포뮤지엄,기타,관광지,,제주특별자치도 서귀포시 성산읍 고성리 127-2,33.430578,126.927769,,,,,,,지포 뮤지엄은 제주의 명소인 섭지코지 내에 위치하였다. 성산일출봉을 가까이서 볼 수 있고· 잔디밭과 바다 풍경에 관광객들의 발길이 끊이지 않는다. 섭지코지 근처 유명 건축가 안도타다오의 작품인 글라스하우스를 볼 수 있다. 그곳 1층에 지포 뮤지엄이 자리 잡았다.,064-710-2114,제주특별자치도청,2022-12-01
891,진빌레 밭담길,자연,관광지,제주특별자치도 제주시 구좌읍 월정서로 169,제주특별자치도 제주시 구좌읍 월정리 140014,33.562599,126.779229,7400,공중화장실+주차장,게스트하우스+펜션,,1609,20,진빌레 밭담길은 구좌읍 월정리에 위치한다. 제주특별자치도 농촌 문화 체험과 지역 홍보를 위해 조성되었다. 제주특별자치도 전역의 밭담은 2014년 FAO 세계중요농업유산으로 등재되었다.,064-710-3052,제주밭담,2022-12-01
892,진아영 할머니 집터,문화,관광지,,,33.376026,126.21468,67,,관관호텔+전통호텔+가족호텔,,15,,온 마을이 선인장 천국이다. 한림읍 월령리는 천연기념물로 지정된 손바닥 선인장 자생지다. 한국에서 유일하게 대부분의 주민들이 선인장을 키운다.,064-740-6000,제주특별자치도청,2022-12-01
893,질그랭이센터,기타,관광지,제주특별자치도 제주시 구좌읍 세평항로 46-9,,33.526986,126.856095,,,,,,,구좌읍 세화리 마을주민이 모여 만든 세화마을협동조합이 세화리 바닷가에 질그랭이센터를 오픈했다. 지상 4층 규모로 1층은 세화리사무소와 여행자센터가 있고· 2층에는 카페와 지구별가게· 3층은 공유오피스 공간과 세미나실이 있고· 4층은 숙박시설을 갖추고 있다.,064-710-2114,제주특별자치도청,2022-12-01
894,차귀도,자연,관광지,,제주특별자치도 제주시 한경면 고산리 산 125,33.310658,126.148765,1600000,공용주차장+화장실+편의점+음료대+유도 및 안내시설+경보 및 피난시설,관광호텔,,300,80,차귀도 본섬과 죽도· 와도 등 부속섬들을 더불어 차귀도라고 부른다. 고산리 자구내포구에서 유람선으로 10분이면 도착할 수 있다.,064-772-3224,제주특별자치도청,2022-12-01
895,차귀도유람선,기타,관광지,제주특별자치도 제주시 한경면 노을해안로 1163 차귀도유람선,,33.3089823,126.1654369,,,,,,,차귀도유람선을 타면 차귀도 둘레길과 차귀도 경치 유람까지 동시에 즐길 수 있다.,064-710-2114,제주특별자치도청,2022-12-01
896,참굴비조형물,기타,관광지,,,33.9636825,126.2961287,,,,,,,상추자에서 하추자로 건너가면 추자교 옆에 참굴비 조형물이 보인다. 참굴비는 추자도의 특산품이자 전국 최고의 명품 특산물로 꼽힌다.,064-710-2114,제주특별자치도청,2022-12-01
897,창고천생태공원,자연,관광지,제주특별자치도 서귀포시 안덕면 일주서로 1524,제주특별자치도 서귀포시 안덕면 감산리 359-1,33.25839,126.353052,297.1,화장실+주차장,펜션+관광호텔+게스트하우스,,150,30,창고천생태공원은 맑은 물줄기가 흐르며 제주의 숨어있는 비경이다.,064-794-9001,제주특별자치도 서귀포시청 안전총괄과,2022-12-01
898,천아숲길 천아계곡,자연,관광지,,제주특별자치도 제주시 애월읍 봉성리 산 1,33.397923,126.40085,43678,주차공간+공용화장실,펜션+관광호텔+게스트하우스,,5000,20,천아숲길은 돌오름에서 천아수원지까지 10.9km의 구간으로· 중간에 돌오름· 노로오름· 천아오름 등이 분포하고 있다. 숲길을 들어가는 초입에서 천아계곡에 맞딱뜨리는데· 가을에는 이 계곡의 단풍이 빼어나게 아름다워 많은 이들이 단풍 구경을 하기 위해 찾는다. 숲 길은 이 계곡을 건너야 하기 때문에 우천 후 2일 간은 안정상의 이유로 입산이 통제된다. 천아수원지에서 계곡 코앞까지 차량의 진입이 가능하나· 진입로 자체가 훌륭한 산책로여서 차가 있다면 천아수원지 입구에 주차하고 걸어가는 것이 좋다.,064-738-4280,한라산둘레길,2022-12-01
899,천아오름(틍낭오름),자연,관광지,,제주특별자치도 제주시 애월읍 광령리 산 182-1,33.396274,126.450008,90443,,관광호텔+가족호텔,,,,어승생악 서쪽으로 2.5km지점 신엄공동목장 안에 위치한 오름으로· 남쪽봉우리를 중심으로 북서쪽으로 패어있는 소규모 말굽형 화구를 이루고 있다.,064-740-6000,제주관광정보센터,2022-12-01
900,천왕사,문화,관광지,제주특별자치도 제주시 1100로 2528-111,,33.40763,126.49491,600,,가족호텔,,130,,천왕사는 아흔아홉골(구구곡)중 하나인 금봉곡 아래 위치한다. 대웅전 바로 뒤 용바위가 있고· 울창한 숲과 함께 절경을 이룬다. 사찰 옆· 한라산의 유일한 폭포인 선녀 폭포가 있다. 특히 가을 단풍이 장관으로 알려져 있다.,064-748-8811,제주특별자치도청,2022-12-01
901,천제연폭포,자연,관광지,제주특별자치도 서귀포시 천제연로 132,제주특별자치도 서귀포시 중문동 2232,33.250594,126.416762,696659,공용주차장+현금결제+카드결제+화장실,관관호텔+전통호텔+가족호텔+휴양콘도미니엄,,3000,30,천제연 폭포는 한라산에서 시작된 중문천이 바다로 흐르면서 형성됐다. 중문관광단지 내에 있다. 천제연폭포는 주상절리 절벽에서 천제연(못)으로 떨어지는 제1폭포· 물이 더 아래로 흐르며 형성된 제2· 3폭포가 있다. 칠선녀가 목욕을 하러 온다는 전설이 있다. 천연기념물 제378호 지정되어었다.,064-760-6331,천제연폭포관리소,2022-12-01
902,천주교길 정난주길(고통의길),문화,관광지,,,33.253555,126.26086,,,가족호텔,,,,정난주 마리아는 1801년 신유박해 때 제주에 유배되었다. 다산 정약용의 조카이자 '백서사건'으로 순교한 황사영의 부인이다. ‘정난주 길’은 정난주 묘에서 출발해 대정향교와 알뜨르 비행장을 거쳐 모슬포성당까지 이어진다.,064-740-6000,제주특별자치도청,2022-12-01
903,천주교순례길-김기량길,문화,관광지,,,33.253555,126.26086,,,가족호텔,,,,김기량 펠릭스 베드로는 제주에 처음으로 믿음의 씨앗을 뿌린 '제주의 사도'이자 최초의 순교자다. 조천성당을 시작으로 함덕마을을 거쳐 김기량 순교기념관까지 이어진다. 2014년 8월 16일 김기량 펠릭스베드로는 복자품에 올랐다.,064-740-6000,제주특별자치도청,2022-12-01
904,천주교순례길-김대건길,문화,관광지,,,33.253555,126.26086,,,관광호텔,,,,고산성당에서 시작해 수월봉을 지나 성 김대건 신부 표착지인 용수성지를 둘러본 다음 신창성당에 이르는 총 11.5km의 순례길이다. 순례길을 걷는 것 자체가 예배라 한다. 또한 고산성당과 용수성지· 신창성당 예배에 참석할 수 있다.,064-740-6000,제주특별자치도청,2022-12-01
905,천주교순례길-신축화해길,문화,관광지,,,33.253555,126.26086,,,관광호텔+가족호텔,,,,4·3사건과 신축교안의 역사적인 상처를 담고 있다. 1901년 신축교안 당시 천주교인들이 희생된 관덕정과 희생자들이 버려진 별도천· 연고가 없는 희생자가 합장된 황사평을 시작으로 한다. 제주특별자치도 최초의 본당인 중앙 주교좌성당으로 끝난다.,064-740-6000,제주특별자치도청,2022-12-01
906,천주교순례길-하논성당길,문화,관광지,,,33.253555,126.26086,,,가족호텔,,,,서귀포성당에서 시작해 하논성당터를 거쳐 다시 서귀포성당으로 도착한다. 천지연 산책로를 지나 자연사박물관이라 불리우는 하논분화구를 거쳐 타케신부의 길· 흙담 소나무길을 지나서 면형의 집에 도착한다.,064-740-6000,제주특별자치도청,2022-12-01
907,천지연기정길,자연,관광지,,제주특별자치도 서귀포시 서귀동 961-33,33.247168,126.5548865,3000,공용주차장+화장실(2동)+음료대+유도 및 안내시설+경보 및 피난시설,관관호텔+전통호텔+가족호텔,,3000,50,서귀포항과 천지연 폭포를 감상하며 즐길 수 있다. 천지연 기정길은 제주올레 6코스에 속하는데· “기정”은 제주어로 벼랑을 뜻한다. 천지연폭포 위쪽으로 이어지는 600여미터의 산책길이다. 새연교와 서귀포항이 내려다볼 수 있다. (영아 새연교 新 참고!),064-733-1528,천지연폭포관리소,2022-12-01
908,천지연폭포,자연,관광지,제주특별자치도 서귀포시 남성중로 2-15,제주특별자치도 서귀포시 천지동 667-7,33.246947,126.554391,528,공용주차장+화장실(2동)+음료대+유도 및 안내시설+경보 및 피난시설,관관호텔+전통호텔+가족호텔,,300,50,서귀포는 용천수가 많이 솟고· 지하 층에 물이 잘 스며들지 않는 수성응회암이 널리 분포한다. 그래서 다른 지역보다 상대적으로 폭포가 많다. 천지연은 '하늘과 땅이 만나는 연못'을 의미한다. 폭포의 길이 22m· 그 아래 못의 깊이가 20m가 된다.,064-733-1528,천지연폭포관리소,2022-12-01
909,청수곶자왈,자연,관광지,제주특별자치도 제주시 한경면 대한로 1036,제주특별자치도 제주시 한경면 청수리 산4,33.300879,126.262135,12960000,공용주차장+화장실,관광호텔,,1000,10,청수 곶자왈은 한경-안덕 곶자왈의 중심부에 속한다. 곶자왈이란 ‘곶’과 ‘자왈’의 합성어로 된 고유 제주어로서· 곶은 숲을 뜻하고· 자왈은 표준어로 ‘덤불에 해당한다. 청수곶자왈은 제주도 내 최대 운문산 반딧불이 서식지이다. 그만큼 생태 숲이 청정하게 유지되고 있다.,064-772-1303,청수리체험마을,2022-12-01
910,청수성결교회,문화,관광지,,,33.325195,126.255844,360,,관광호텔+가족호텔,,78,,청수성결교회는 한경면 청수리에 있다. 교회 건물이 정갈하고 아름다워 사진 찍으러 오는 관광객도 많다. 보통은 마을 주민들이 이용한다. 교회의 건물은 전체적으로 하얀색이라 차분한 느낌을 주며· 창문은 스테인드글라스로 꾸며져 있다. 교회 본 건물 옆에는 종탑과 정원이 있고· 뒤로는 식당 등이 있다.,064-773-0705,제주특별자치도청,2022-12-01
911,체오름,자연,관광지,,제주특별자치도 제주시 구좌읍 덕천리 산 2,33.46547,126.749474,385148,,가족호텔,,,,체오름은 제주시 구좌읍 송당리 산 64-2번지에 있는 기생화산이다. 해발 382.2m· 높이 117m이며 말굽형 분화구를 갖는다. 오름의 모양이 곡식을 까부는 '키'와 비슷하다 하여 체오름이라 한다. 혹은 '삼태기'와 비슷하다 하여 골체오름이라고도 한다. 오름 전체가 사유지라 무단 출입이 금지된다.,064-740-6000,제주관광정보센터,2022-12-01
912,초콜릿랜드,기타,관광지,제주특별자치도 서귀포시 중문관광로110번길 15,,33.24993,126.413266,,,,,,,초콜렛은 피로 회복과 스트레스 완화에 좋다. 초콜릿을 테마로 다양한 형태의 작품들이 전시돼 있다. 세계 최초로 초콜릿을 이용한 그림· 세계 초콜릿 전시장· 어린이를 위한 포토존 등이 있다. 초콜렛 만들기 체험은 재료와 도구가 제공돼 누구든 손쉽게 만들 수 있다. 직접 만든 초콜릿은 포장되어 받을 수 있으므로 제주여행을 기념하여 선물하기 좋다.,064-710-2114,제주특별자치도청,2022-12-01
913,초콜릿박물관,기타,관광지,제주특별자치도 서귀포시 대정읍 일주서로3000번길 144 초콜릿박물관,,33.257039,126.23002,,,,,,,초콜릿박물관은 제주도 서귀포시 대정읍 일과리에 위치한다. 독일 쾰른의 초콜릿박물관에 이어 세계 두 번째의 규모를 자랑하며 동양에서는 처음으로 세워졌다. 초콜릿&카카오 전문 박물관으로 초콜릿의 전래 역사와 유럽을 중심으로 변천을 거듭한 지구상의 모든 초콜릿에 대해 재미있게 살펴볼 수 있다. 세계 10대 초콜릿 박물관으로 선정되었다.,064-710-2114,제주특별자치도청,2022-12-01
914,최남단방어축제,축제,관광지,,,33.226464,126.25283,,,관광호텔,,,,제주특별자치도 올레 10코스의 종점이자 11코스 시작점인 모슬포항은 제주도 남서부 지역의 대표적인 항구이자 최남단 어업 기지다. 1971년에 1종 어항(지금의 국가어항)으로 지정되었다. 마라도와 가파도로 가는 배가 이곳에서 운항된다. 매년 11월에 모슬포항 일원에서 ‘최남단 방어 축제’가 열린다.,064-773-0705,제주특별자치도청,2022-12-01
915,최영장군사당,문화,관광지,,,33.964085,126.295525,180,주차장,관광호텔+가족호텔,,39,20,고려 공민왕 때 제주도에는 제주목사가 죽임을 당하는 등 반란이 끊이질 않았다. 따라서 조정에서 공민왕 23년 최영 장군으로 하여금 이를 진압하도록 하였다. 군사를 이끌고 제주도로 원정을 가는 도중에 거센 풍랑을 만나 바람이 잠잠해지기를 기다리며 추자도로 대피하게 되었다. 1970년 국고보조에 의해 건물이 복원되었으며 1971년 8월 지방문화재로 지정되었고 1974년 사당 단청 및 담장을 보수함으로써 옛 모습을 찾게 되었다.,064-728-2735,제주특별자치도청,2022-12-01
916,추사유배길-1코스 집념의길,문화,관광지,,,33.964085,126.295525,,,휴양콘도미니엄,,,,코스구간. 8㎞/ 3~4시간 소요 추사관에서 시작해 송죽사 터· 한남의 수가 터· 정난주 마리아 묘· 단산· 세미물· 대정향교를 거쳐 다시 추사관으로 연결되는 코스다. 선생이 주로 머물던 마을 주변과 후학들을 가르치기 위해 찾았던 대정향교 등을 잇는 코스로 약 3시간 정도면 돌아볼 수 있다. 혹독한 시련 속에서도 끊임없이 자신을 갈고닦았던 추사 김정희의 삶 절망 속에서도 부단한 노력으로 학문을 연구하고 닦은 발자취 학자적인 면모를 확인할 수 있는 집념의 길을 되돌아본다.,064-728-2735,제주특별자치도청,2022-12-01
917,추사유배길-2코스 인연의길,문화,관광지,,,33.964085,126.295525,,,가족호텔,,,,추사의 편지· 차 등을 통해 추사의 인연을 떠올리는 길로 약 8km 정도의 구간이며 추사관에서 수월히 못· 제주옹기박물관· 곶자왈· 오설록 녹차밭으로 이어지는 코스다. 인연의 길 끝에 오설록에 다다르면 특히 차를 사랑했던 추사와 인연이 깊은 녹차밭이 아름답게 펼쳐진다는 추사는 제주에 최초로 차를 도입한 사람이기도 한데 그의 벗· 초의선사가 가져다준 차나무를 마당에 심고 직접 차를 만들어 마셨는데 이때 제주에 차가 전해졌다고 한다,064-728-2735,제주특별자치도청,2022-12-01
918,추사유배길-3코스 사색의길,문화,관광지,,,33.964085,126.295525,,,가족호텔,,,,추사 유배길 3코스는 대정향교를 시작으로 완당인보· 산방산· 안덕계곡으로 연결된다. 추사는 제자들과 함께 이 길을 통해 안덕계곡을 즐겨 찾았다고 한다. 맑은 물이 계곡 위로 흐르고 울창한 원시림이 우거져 절경을 자랑하는 안덕계곡은 추사가 무척 좋아했던 곳이다. 대정향교를 출발하여 넓게 펼쳐친 밭들 사이를 지나면 저 멀리 우뚝 선 산방산이 보인다. 한라산 백록담의 일부를 설문대할망이 뚝 떼다가 놓았다는 산방산은 추사가 유배 시절 자주 찾았다고 한다.,064-728-2735,제주특별자치도청,2022-12-01
919,추사적거지,문화,관광지,,,33.25022,126.27838,2500,,관광호텔+가족호텔,,543,,서귀포시 대정읍에 있는 '추사적거지'는 조선 헌종 6년에 권력 싸움에서 밀려나 제주도로 유배된 추사 김정희가 9년 동안 적거하던 곳이다. 2007년에 국가지정문화재 사적 제487호로 지정되었다. 김정희의 글씨와 그림의 복제품을 전시해 놓은 추사기념관은 김정희의 세한도를 모티브로 하여 지어졌다. 김정희가 머물러 살던 초가도 있는데· 이는 1948년 제주도 4·3사건 때 불타버리고 빈터만 남았다가 1984년에 복원된 것이다.,064-760-3406,제주특별자치도청,2022-12-01
920,추억애거리,기타,관광지,제주특별자치도 제주시 도공로 3-3,,33.505996,126.465768,,,,,,,제주특별자치도 올레길 17코스에 속해 있는 도두 추억애거리는 동심을 자극하는 벽화와 조형물들이 있다. 도두 추억에 거리에는 굴렁쇠 굴리기· 공기놀이· 고무줄놀이· 팽이치기· 딱지치기· 말타기 놀이를 하는 아이들의 모습이 나타나 있다. 다양한 조형물과 함께 사진을 찍을 수 있는 포토존이 많이 구성되어 있고 남녀노소 동심을 되찾게 하는 테마거리이다. 7080년대 감성을 담고 있는 도두 추억에 거리는 지금은 성인이 된 어른들의 인생의 황금기를 떠올리게 하는 곳이기도 하다.,064-710-2114,제주특별자치도청,2022-12-01
921,추자도,자연,관광지,,제주특별자치도 제주시 추자면 추자도,33.94744,126.322306,7050000,화장실,관관호텔+전통호텔+가족호텔,,,,제주도와 전라남도의 중간 지점에 위치하고· 제주시에 포함된 추자도는 상추자와 하추자로 이루어져 있으며· 부근에 4개의 유인도와 38개의 무인도가 있는 섬이다. 1·600명 가량의 인구가 살고 있는 유인도이다. 추자도는 예로부터 멸치잡이로 유명하며 벵에돔· 돌돔· 참돔· 전갱이 등의 고급 어종이 많이 잡혀 바다 낚시에 대한 인기가 상당히 높다. 근래에 추자올레코스가 생긴 후부터는 낚시꾼뿐만 아니라 일반 관광객도 많이 찾는 섬이 되었다.,064-728-1526,추자면사무소,2022-12-01
922,추자도등대,자연,관광지,제주특별자치도 제주시 추자면 영흥4길 43,제주특별자치도 제주시 추자면 영흥리 75,33.955172,126.296823,11047,공중화장실+주차장,가족호텔,,,3,추자도 등대는 제주특별자치도 해협과 부산· 목포 등 내륙을 오가는 여객선과 화물선 그리고 동중국해를 항해하는 선박들의 안전한 밤길을 인도하는 역할을 한다.,064-742-3780,추자항로표지관리소,2022-12-01
923,추자등대,자연,관광지,,제주특별자치도 제주시 추자면 영흥리 77-3,33.956789,126.297811,476,,가족호텔,,,,1970년대 말 부산과 목포로 오가는 배들과 동중국해로 오가는 배의 안전항해를 돕기 위해 1980년 점등하여 운영되는 등대로 이후 노후화로 철거하고 새로 지었다.,064-728-4291,추자면 산업수산과,2022-12-01
924,추자연도교,자연,관광지,,제주특별자치도 제주시 추자면 영흥리 97-3,33.952692,126.304051,123,공중화장실(수장공원)+공용주차장,가족호텔,,,5,추자 연도교는 상추자도와 하추자도를 잇는다. 1972년 완공하였으나· 골제를 실은 트럭이 통행하다가 다리가 무너지는 바람에 1995년 다시 공사를 진행하여 총길이 212m· 폭 8.6m로 완공된 다리이다.,064-728-4265,제주특별자치도청,2022-12-01
925,칠머리길,자연,관광지,제주특별자치도 제주시 칠머리길 1,제주특별자치도 제주시 건입동 956-16,33.517721,126.535758,1055,공용주차장(2곳),관광호텔,,,72,제주특별자치도 칠머리길은 제주시 건입동의 옛 골목길로· 제주항 연안여객선 터미널에서 사라봉으로 이어지는 제주특별자치도 올레길 18코스가 통과하는 곳에 있다. 이 길을 걷다 보면 칠머리당 터를 볼 수 있다. 칠머리당영등굿은 어부· 해녀들이 해신에게 무사 안녕과 풍년을 기원했던 의식으로 해마다 음력 2월 초하루에 영등신을 맞이하고 14일에는 영등신을 보내는 송별제를 지낸다. 칠머리길을 따라 걸으면 제주의 오래된 옛 골목을 걷게 되는데· 이 길을 걷다 보면 제주의 소박한 삶을 엿볼 수 있다.,064-728-1536,제주특별자치도청,2022-12-01
926,카멜리아힐,기타,관광지,제주특별자치도 서귀포시 안덕면 병악로 166,,33.2901143,126.3684044,,,,,,,카멜리아힐은 동양에서 가장 큰 동백 수목원으로 토종 동백부터 아기 동백· 유럽 동백 등 80여 개국 500여 품종의 수많은 동백꽃을 만날 수 있다. 수목원 안에 아기자기한 포토 스폿이 많아 연인과 가족 단위 관광객에게 특히 인기가 높다. 동백꽃이 피는 계절이면 흐드러지게 피어난 동백꽃을 배경으로 멋진 인생 사진을 남기기 위해 찾아드는 발걸음이 끊이지 않는다.,064-710-2114,제주특별자치도청,2022-12-01
927,카카오본사,기타,관광지,제주특별자치도 제주시 첨단로 242,,33.4500257,126.5733138,,,,,,,카카오본사는 제주특별자치도 바다가 내려다보이는 한라산 기슭에 있다. 이 건물은 제주의 땅 형상을 표현한 건축물로 독특한 건축미를 인정받았다. 제35회 한국건축가협회상 본상과 2012 한국건축문화대상 준공건축물 부문 민간부문 대상을 받았다. 최근에는 제주의 건축 기행 코스로도 많이 소개되고 있다. 가이드 투어는 카카오 본사 홈페이지에서 예약할 수 있으며 입장료는 무료이다. 프로그램 소요 시간은 약 60분가량이다. 외부 공간은 별도의 신청 없이 둘러볼 수 있다.,064-710-2114,제주특별자치도청,2022-12-01
928,캐니언파크,기타,관광지,제주특별자치도 제주시 삼무로 51,,33.490268,126.4924748,,,,,,,"""동물과 교감할 수 있는 국내최대 실내 동물원"" 제주특별자치도 최대규모를 자랑하는 실내동물원· 신비한 동물 친구들이 모여있는 캐니언파크 제주는 50여종 200여마리의 다양한 동물들과 교감하고 만져보면서 먹이주기 체험까지 할 수 있어 인기만점이다. 어른과 아이· 그리고 연인들도 함께 즐길 수 있는 실내 카약· 캐니언플레이· VR 존· 그리고 로비 파스타 등의 다양한 먹거리 등 다양한 프로그램과 함께 추억을 만들 수 있다.",064-710-2114,제주특별자치도청,2022-12-01
929,캐릭파크,기타,관광지,제주특별자치도 제주시 조천읍 선교로 266,,33.4793016,126.700604,,,,,,,캐릭파크는 거문오름 인근에 위치한 부지 1만여평· 실내 1천여평의 캐릭터 전시장으로 세계의 유명한 캐릭터를 관람하고· 첨단장비가 탑재된 기구를 통해 과학적 원리를 깨우치는 놀이를 체험할 수 있다. 전시장은 제1 전시관· 제2 전시관· 제3 전시관으로 나뉘어 있으며· 탑승로봇· 각종 스크린 게임· 캐릭터 애니메이션· 대형스크린 사격장· 공룡과 공룡알 부화 등 101개의 테마로 이루어져 있다. 어린이를 동반한 여행객들이 방문하기 좋다.,064-710-2114,제주특별자치도청,2022-12-01
930,캔디원,기타,관광지,제주특별자치도 제주시 조천읍 선교로 384,,33.4727191,126.7061921,,,,,,,국내 최대 수제 캔디 브랜드로 꼽히는 캔디원은 사탕이 생겨난 유래와 종류· 제작 과정 등을 알아보고 직접 만들어 보는 색다른 체험을 하는 곳이다. 사탕을 좋아하는 사람에게 캔디원은 참새 방앗간이나 다름없다. 캔디 만들기는 생각보다 시간이 오래 걸린다. 운이 좋으면 캔디 마스터들이 사탕을 만드는 모습도 볼 수 있다. 돌돌 말린 반죽덩이에서 작고 달콤한 사탕이 나오기까지 전 과정이 눈 앞에 펼쳐진다.,064-710-2114,제주특별자치도청,2022-12-01
931,코코몽 에코파크,기타,관광지,제주특별자치도 서귀포시 남원읍 태위로 536 제주코코몽에코파크,,33.274611,126.705871,,,,,,,코코몽에코파크는 아이가 자연의 소중함을 익혀 미래의 감성 리더심을 지닌 어른으로 성장하고· 자연을 보고· 먹고· 느끼면서 뛰는 아이들이 지구와 환경을 생각하는 예비 리더로 발돋움 시키고자 만들어진 곳이다.(친환경 테마 체험 공간)· (프리미엄 놀이기구)· (상상력을 자극 시키는 공간과 프로그램)· (예술 작품 체험)· (실내 외 키즈 테마 파크) 등으로 다양한 시설과 프로그램을 제공하고 있어 아이들과 여행하는 엄마 아빠들이 즐겨 찾는 관광지 중 한 곳이다.,064-710-2114,제주특별자치도청,2022-12-01
932,큰넓궤,문화,관광지,,제주특별자치도 서귀포시 안덕면 동광리 90 일대,33.31075,126.357635,,,휴양콘도미니엄,,,,동광리의 큰 넓은 궤와 도에서 궤는 동광목장 안에 있는 용암동굴로 1948년 11월 중순 이후 동광 주민들이 2개월가량 집단으로 은신 생활을 했던 곳이다. 동광리 주민들이 대거 이 굴로 숨어들게 된 것은 11월 15일 중산간마을에 대한 초토화작전이 수행된 이후였다. 그 후 동광 주민들은 마을 인근 여기저기에서 숨어 사는 생활을 할 수밖에 없었다. 당시 어린아이들이나 노인은 이 굴 속에서 살았다고 전해진다.,064-710-8452,제주특별자치도청,2022-12-01
933,큰노꼬메오름,자연,관광지,,제주특별자치도 제주시 애월읍 유수암리 산 138,33.388609,126.411236,393272,주차장+화장실(1동),관광호텔+가족호텔,,,40,노꼬메큰오름은 제주특별자치도 북서쪽 중산간에 자리 잡고 있으며 바로 옆에 노꼬메족은오름이 나란히 서 있다. 높고 뾰족한 오름이 노꼬메큰오름이고 그 옆의 낮은 오름이 노꼬메족은오름이다. 노꼬메큰오름은 해발 800m의 높이와 가파른 사면을 이루고 두 개의 봉우리를 품고 있는 큰 화산체다. 북쪽의 봉우리가 주봉으로 정상이고 화구 방향인 북서쪽에 소 구릉들이 흩어지어 있으며 원형 화구였던 것이 침식되어 북서쪽으로 벌어진 말굽형 화구를 이루었다.,064-740-6000,제주관광정보센터,2022-12-01
934,큰바리메오름,자연,관광지,제주특별자치도 제주시 애월읍 산록서로 15,제주특별자치도 제주시 애월읍 어음리 산3,33.376987,126.388,558712,주차장+화장실,가족호텔,,,44,바리미오름은 해발 763m이며 오름의 형상은 원형이다. 오름의 모양이 바리를 닮았다고 하여 지어진 이름이다. 바리는 제주도에서 여성들의 밥그릇으로 사용된 그릇이다. 정상부의 분화구(굼부리)는 둘레가 130m이고 깊이는 78m이며 전형적인 분화구의 모습을 잘 간직하고 있는 곳이다. 오름의 서쪽으로는 완만한 경사지로 목장이 들어서 있다. 나머지 경사면에는 나무들이 무성하게 자라나고 있다.,064-740-6000,제주관광정보센터,2022-12-01
935,큰사슴이오름(대록산),자연,관광지,,제주특별자치도 서귀포시 표선면 가시리 산68번지,33.399119,126.729574,522097,주차장+화장실(1동),관광호텔+가족호텔,,,200,큰사슴이오름은 소록산과 자락을 맞대어 있다. 형태는 전반적으로 가파르고 둥근 산체에 동서로 다소 퍼져있으며· 정상부의 동서 봉우리 사이에 둥그렇게 패어있는 원형 화구를 갖는 화산체이다. 화구 안사면에는 해송· 삼나무 등 잡목으로 숲을 이루면서 정상부로 양지바른 곳에는 진달래가 식생하고· 지형 지세가 마치 사슴과 비슷하다고 하여 큰 오름은 큰사슴이(대록산)· 작은 오름은 족은 사슴이(소록산)라 부른다.,064-740-6000,제주관광정보센터,2022-12-01
936,탐나라 공하국(제주남이섬),문화,관광지,,제주특별자치도 서귀포시 안덕면 동광리 90 일대,33.31075,126.357635,87000,주차장+화장실,관광호텔+가족호텔,,18913,40,제주특별자치도 서쪽 한림읍 금악리에 자리 잡은 탐나라공화국은 대한민국 안에 개국한 또 하나의 나라다. 정확하게는 가상국가형 테마파크이다. 초소 형국 가체(Micro nation)라고 한다. 이미 경기도에 남이섬 공화국을 만들었던 이곳 대통령(강우현 대표)은 ‘탐나라공화국은 여행자가 함께 가꾸는 나라’라고 말한다. 이름부터 낯선 탐나라공화국은 제주의 옛 이름 ‘탐라’를 의미한다. 여권도 있고 이곳에서만 사용하는 화폐도 있다.,064-710-8452,제주특별자치도청,2022-12-01
937,탐라국 입춘굿놀이,축제,관광지,,,33.513355,126.52145,1636,주차장,관광호텔+가족호텔,,356,20,탐라국입춘굿은 먼 옛날 탐라 시대부터 이어지는 역사를 계승한다는 점에서 의미가 있다. 1841년 이원조가 쓴 《탐라록》을 비롯해 여러 문헌에는 탐라국의 왕이 친경적전(親耕籍田· 왕이 몸소 농사를 지으며 농업을 장려하던 풍속)과 더불어 풍년을 기원하며 의식을 치렀다고 밝힌다. 축제를 주관하는 제주민예총이 탐라국입춘굿을 “명맥이 끊긴 전통사회의 입춘굿을 오늘에 맞게 부활시킨 새로운 축제”라고 소개할 만한 지난 역사가 있는 셈이다.,064-728-2714,제주특별자치도청,2022-12-01
938,탐라문화제,축제,관광지,,제주특별자치도 제주시 일도1동 1146-22,33.513214,126.5283,,,휴양콘도미니엄,,,,탐라문화제는 제주의 과거 명칭인 ‘탐라’ 문화의 원류를 찾아내 중흥시킨다는 목표 아래 제주특별자치도 민속과 역사· 문화유산· 예술을 제주도민들과 함께 세계에 선보이는 이름하여 ‘제주문화 종합선물세트’다. 탐라인의 얼을 전승하고 공감하고 향유하는 120만 제주도민의 축제로 어린이에서 어른· 도민에서 관광객· 아마추어 예술인에서 전문예술인까지 다양한 세대가 제주문화로 소통하는 축제의 장이다.,064-753-3287,제주특별자치도청,2022-12-01
939,탑동,기타,관광지,제주특별자치도 제주시 중앙로 2,제주특별자치도 제주시 삼도이동 1262,33.517901,126.52396,10132.9,화장실+주차장+관광안내소+ 전기차충전소,관광호텔,,,69,탑동 매립지의 중심에 위치한 해변 공연장은 광장· 방파제와 더불어 탑동의 3대 명물 중의 하나이다. 11만 2백 제곱미터의 면적에 연면적 1천 9백 55제곱미터의 건축물로 약 25억원의 예산을 들여 지상 3층으로 건축된 해변 공연장은 제주특별자치도 방사탑의 모양을 하고 있다. 제주특별자치도 방사탑은 돌무더기를 둥글게 쌓아 올린 모양으로서 마을의 경계나 허한 곳에 세워져 밖에서 침입하는 부정과 악을 막는다는 의미를 지니고 있다., 064-728-3246,제주특별자치도청,2022-12-01
940,탑동해변공연장,축제,관광지,제주특별자치도 제주시 중앙로 2,,33.518116,126.524185,,,,,,,아름다운 제주특별자치도 해변 풍광과 함께 시원한 바다 내음을 맡으며 다양한 무대 공연을 관람할 수 있는 야외공연장이다. 공연장의 구조를 갖춘 최초의 야외 공연장으로서 수준 높은 공연이 가능한 곳이다. 지상 3층의 공연장 건물과 노천 객석 2500여석 규모로 전국 유일의 바닷가에 인접한 공연장으로 국내 최초의 야외공연장이다. 주변에 조망할 수 있는 바다와 항구가 있고· 공연장 옆에는 광장이 있어서 다양한 여가 활동을 즐기는 제주특별자치도 시민을 만날 수 있다.,064-710-2114,제주특별자치도청,2022-12-01
941,태역장오리,자연,관광지,,제주특별자치도 제주시 봉개동 산 78-2,33.410843,126.603219,103519,,관광호텔+가족호텔,,,,살손장오리· 쌀손오름· 사손장올(沙孫長兀)· 쌀손장올 등 여러 별칭이 있다. 모두 오랜 옛날 무사들이 활 솜씨를 겨루었던 오름이라는 데에서 유래한 명칭이다. 이 오름에는 아득한 옛날 삼신인(三神人)이 활을 쏘며 사냥했다는 전설도 전해지고 있다. 높이 912.5m· 둘레 2092m· 총면적 29만 8849㎡ 규모의 기생 화산으로 전체가 울창한 나무숲으로 덮여 있다. 각각 북서쪽과 북동쪽으로 입구가 벌어진 2개의 말굽형 분화구가 있는 복합형 화산체이다.,064-740-6000,제주관광정보센터,2022-12-01
942,태웃개,자연,관광지,제주특별자치도 서귀포시 남원읍 태위로398번길 57,제주특별자치도 서귀포시 남원읍 위미리 69,33.269917,126.691781,1353,화장실,휴양콘도미니엄,,,,"남원읍 위미리에 있는 곳으로· 올레 5코스에 속해있다. 태웃개는 태우(떼 배)를 메어두는 곳""이라는 의미다. 현재는 용천수 풀장이 따로 마련되어 아이들의 물놀이 장소로 이용되기도 하며· 물이 맑아 스노쿨링 장소로도 좋은 곳이다.",064-764-2720,위미3리사무소,2022-12-01
943,태흥포구,자연,관광지,,제주특별자치도 서귀포시 남원읍 태흥리,33.286429,126.749754,28888.65,공용주차장+화장실,가족호텔,,500,25,제주올레 4코스 후반부에 있는 태흥포구는 탁 트인 바다 풍경을 자랑하는 곳으로 정자에 가만히 앉아 하늘이 분홍빛으로 물드는 일몰의 순간에 바닷가에 비친 태양의 아름다운 모습을 볼 수 있는 장소이다. 작은 규모의 포구이지만 500m에 달할 정도로 멀리 뻗어나간 방파제가 자리 잡고 있는 이곳은 바다를 따라 산책할 수 있는 해안산책로가 구성되어 있다. 혼자 온 여행객들은 마음속에 품고 있는 여러 가지 생각들을 정리할 수 있는 최고의 장소가 된다.,064-764-0183,태흥2리사무소,2022-12-01
944,터진목&성산면 4.3희생자 유령비,문화,관광지,,,33.450108,126.922455,,,관광호텔+가족호텔,,,,터진목은 특별중대에 끌려온 성산· 구좌면 관내 주민들이 감자 공장 창고에 수감되어 고문당하다 총살됐던 학살터였다. 실제 1940년대 초까지만 해도 성산리는 물 때에 따라 육지 길이 열리고 닫혔었다. 이후 주민과 행정 당국이 공사를 벌여 육지와 완전히 이어지게 됐는데· 지금도 이 일대를 '터진목'이라 한다. 성산면의 온평리· 난산리· 수산리· 고성리 등 4 3 당시 희생된 성산면 관내 주민 대부분이 이곳 터진목에서 희생됐다.,064-740-6000,제주특별자치도청,2022-12-01
945,테디베어뮤지엄 제주,기타,관광지,제주특별자치도 서귀포시 중문관광로110번길 31,,33.250242,126.411974,,,,,,,테디베어뮤지엄은 1902년에 탄생한 테디베어의 역사를 전시한 국내 최초이자 최대 규모의 박물관이다. 세계 각국에서 모아 온 진귀한 테디베어들이 전시되어 있을 뿐만 아니라· 테디베어 전시를 통해서 20세기 인류 역사를 소개하고 있다. 엘비스 프레슬리의 유명 히트 공연을 감상할 수도 있고· 세계적인 명화를 패러디한 베어 등 흥미롭고 다채로운 구성으로 아이에서 어른 할 것 없이 누구나 좋아하고 사랑하는 테디베어를 만날 수 있다.,064-710-2114,제주특별자치도청,2022-12-01
946,테디베어사파리 테지움,기타,관광지,제주특별자치도 제주시 애월읍 평화로 2159,,33.412225,126.393651,,,,,,,테디베어 사파리(테지움)는 정서적 안정과 심리치료에 탁월한 효과가 있는 귀엽고 앙증맞은 테디베어로 구성된 인형 박물관으로 정서적으로 메마르기 쉬운 환경에 놓여있는 현대인들에게 테디베어 특유의 포근함을 느끼게 해준다. 한국과 유럽· 미국을 비롯한 한국· 독일· 프랑스· 미국을 비롯한 세계 약 10개국· 100여명의 작가가 제작에 참여했으며· 사파리· 바닷속 이야기를 인형들로 재미있게 구성하여 아이들을 동반한 여행객들에게 꾸준히 사랑받고 있다.,064-710-2114,제주특별자치도청,2022-12-01
947,토끼섬,자연,관광지,,제주특별자치도 제주시 구좌읍 하도리,33.524492,126.902583,3174,주차공간+화장실(+별방진 왼쪽편 개방화장실),가족호텔,,,15,제주시 구좌읍 하도리 굴동포구에 이르면 약 50미터쯤 떨어진 곳에 표류하는 듯 떠 있는 작은 섬이 보인다. 그 섬이 바로 토끼섬으로 한여름 하얀 문주란꽃이 온 섬을 뒤덮을 때 그 모양이 토끼 같아서 붙여진 이름이다. 우리나라에서 유일하게 문주란이 자생하고 있다. 먼 옛날 멀리 아프리카 남단에서 파도를 타고 온 씨앗이 정착하여 뿌리를 내렸는지도 모른다는 토끼섬의 문주란은 천연기념물 19호로 지정되어 보호받고 있다.,064-783-3073,하도리사무소,2022-12-01
948,토산봉(망오름),자연,관광지,,제주특별자치도 서귀포시 표선면 토산리 산 13,33.321917,126.774259,160018,,관광호텔+가족호텔,,,,표선면 토산리 토산초등학교에서 북쪽 약 900 m 지점에 위치한 오름으로· 일주도로면 토산2리에서 토산1리를 잇는 도로가 오름서쪽을 통과하고 있다. 조선시대에 오름에 봉수대가 있어서 서쪽으로 자배봉수· 동쪽으로 달산봉수와 교신했었다고 한다. 토산봉이라는 이름은 오름의 형태가 토끼 형국이라 붙여진 이름이라고 하며· 조선시대에 봉수대가 있어서 토산망 혹은 망오름 등으로 불리고 있다고 한다.,064-787-3307,제주관광정보센터,2022-12-01
949,토이파크,기타,관광지,제주특별자치도 서귀포시 안덕면 동광로 267-7,,33.30898,126.340273,,,,,,,토이파크는 한 가정이 10년 이상 직접 하나하나 모으고 만들어온 장난감과 인형들을 전시한 공간이다. 아이템별로 이야기를 부여하고 작은 소품까지 세심하게 신경 써서 보는 즐거움을 선사한다. 프랑스 루브르 국립 박물관에 전시되었던 플레이 모빌을 전시하고 있으며 트랜스포머 전 종을 보유하고 있다. 토이파크는 장난감 마니아층은 물론 일반인들도 즐길 수 있으며· 아이들에게는 놀이와 꿈을 어른들에게는 어린 시절 추억을 돌아볼 수 있게 하는 곳이다.,064-710-2114,제주특별자치도청,2022-12-01
950,토종닭유통특구 교래삼다수마을,기타,관광지,,,33.427618,126.66658,,,,,,,삼다수 마을은 교래리 마을 전체를 새로운 관광지로 조성한다는 목표 아래 지역과 개발공사가 손잡고 탄생시킨 곳이다. 교래마을은 한라산 부근에 자리 잡은 중산간 마을로 예로부터 다리가 많아서 ‘도리’라고 불리던 곳이다. 300여 명이 사는 이곳은 동남쪽으로는 넓고 푸른 목장 지대와 오름이 펼쳐져 있고 서남쪽으로는 울창한 숲과 계곡이 아름다운 풍경을 이룬다. 천연기념물 산굼부리를 비롯해 제주돌문화공원· 소인국 미니 월드 등의 인기 관광지가 있다.,064-710-2114,제주특별자치도청,2022-12-01
951,톨칸이,자연,관광지,,제주특별자치도 제주시 우도면 연평리 1732-1,33.491737,126.954135,35000,주차장+화장실,휴양콘도미니엄,,,30,섬 속의 섬 우도의 동쪽 해안가에 안쪽이 움푹 들어간 모양이 소의 여물통과 닮았다고 해서 톨칸이라 불렸다. 광대코지와 함께 먹돌해안을 이루고 있다. 소의 섬이라 불리기는 우도에 있어· 여물통을 닮은 기암절벽과 해안가의 모습을 보고 이름이 지어졌는지도 모른다. 옛날 제주에서는 소의 여물통을 촐까니라 불렀고· 그 말이 전해지면서 변형되어 톨칸이라 부르게 된 곳이다. 차량으로 이동할 순 없어서 걸어 들어가야 하는 수고가 있지만 비경 속에서 조용하게 일출을 볼 장소로도 좋다.,064-728-1527,우도면사무소,2022-12-01
952,통오름,자연,관광지,, 제주특별자치도 서귀포시 성산읍 신산리 1754-1,33.392608,126.855925,215894,,관광호텔+가족호텔,,,,오름 전사면이 완만한 기복을 이루면서 둥글고 낮은 5개의 봉우리가 화구를 에워싸고 있다. 깊게 패어 있는 화구는 거의 원형 분화구의 형태를 띠고 있으나· 서쪽으로 좁은 골짜기를 이루며 용암 유출 수로가 형성되어 말굽형 화구를 이루고 있다. 산 모양이 물통· 밥통 같은 통처럼 움푹 팬 형태라고 하여 통오름이라 부른다고 한다. 일부 오름은 사유지로· 출입이 제한되거나 통제되어있는 곳도 있습니다.,064-740-6000,제주관광정보센터,2022-12-01
953,통일관,문화,관광지,,,33.50789,126.534509,870,주차장,휴양콘도미니엄,,189,30,제주시 탐라 자유회관 내에 소재해 있는 제주특별자치도 통일관은 1993년에 개관되어 지상 2층· 지하 1층 건물로 건립되었다. 남북한 문화 이질성 극복을 위한 노력· 통일 비용과 통일 편익· 한반도 통일에 대한 국제사회의 목소리를 소개해준다. 외부에는 반공 위령비를 포함하여 전투용 비행기· 장갑차 등이 전시되어 있다. 주변에는 자연사 박물관을 포함하여 삼성혈과 같은 관광지 등이 있다.,064-751-0191,제주특별자치도청,2022-12-01
954,파군봉(바굼지오름),자연,관광지,제주특별자치도 제주시 애월읍 상귀서길 95,제주특별자치도 제주시 애월읍 상귀리 687-1,33.478667,126.412682,27475,,관광호텔+가족호텔,,,,바구니를 덮어놓은 모양과 닮았다 하여 이름 지어졌다. 오름의 모양이 바구니와 닮았다고 해서 바구니의 제주도 사투리인 바굼지가 붙어 ‘바굼지 오름’이라고 불리기도 하고· 이 오름이 과거 삼별초를 격파시켰다고 하여 ‘파군봉’이라고도 한다. 바굼지 오름이라는 명칭은 애월에 위치한 오름 말고도 안덕면에 위치한 단산의 이름 역시 바굼지 오름이라고 부르기 때문에 잘 구분하여야 한다. 일부 오름은 사유지로· 출입이 제한되거나 통제되어있는 곳도 있습니다.,064-740-6000,제주관광정보센터,2022-12-01
955,파파빌레,자연,관광지,제주특별자치도 제주시 조천읍 남조로 2185,제주특별자치도 제주시 조천읍 와흘리 165-8,33.460612,126.660918,32377,주차장+화장실,휴양콘도미니엄,,200,100,도심 빌딩 숲에서 쌓인 스트레스를 수만 년 된 현무암 숲 음이온으로 확 날릴 수 있는 곳. 건강한 체험과 자연체험 위주로 파파빌레는 6시간 코스를 운영하고 있다. 일반인은 물론 평소에 고지혈증· 당뇨· 고혈압 등 약을 복용 중인 사람에게도 적극적으로 추천하는 치유 프로그램이다. 프로그램은 사업장 운영에 따라 변동될 수 있으므로 원활한 이용을 위해 사전 문의해주시기를 바랍니다.,064-783-5599,금지개영농,2022-12-01
956,판포오름(널개오름),자연,관광지,,제주특별자치도 제주시 한경면 판포리 935-1,33.478667,126.412682,192446,,관광호텔+가족호텔,,,,지명인 널개를 한자음으로 판포라고 하여 판포오름 또는 널개오름이라고 하는 이 곳은 표고 93.2m이며· 판포리에 자리 잡고 있다. 널게는 넓다는 뜻의 ‘너른’과 포구라는 뜻의 ‘개’가 합쳐져 생긴 말이다. 판포오름은 두 개의 산 채로 나뉘어 있는데· 주봉은 소가 누워있는 모양새를 가지고 있어 고지 오름이라고도 불리며· 부봉은 북오름이라 불린다. 일부 오름은 사유지로· 출입이 제한되거나 통제되어있는 곳도 있습니다.,064-740-6000,제주관광정보센터,2022-12-01
957,판포포구,자연,관광지,,제주특별자치도 제주시 한경면 판포리 2877-3,33.36529,126.199565,1760,주차장+화장실,휴양콘도미니엄,,,7,제주도 서쪽 끝자락에 위치한 판포포구는 모랫바닥이라 맑고 깨끗한 물색을 자랑하는 작은 포구다. 스노클링 장소로 유명해지면서 여름이면 맑은 스노클링을 하기 위한 관광객들로 성황이다. 물 때를 미리 알아보고 방문한다면· 서쪽의 다른 해수욕장에 비해 물이 깊고 입수 전에는 모래가 없어· 수영과 스노클링을 즐기기에 안성맞춤이다. 무늬오징어가 잡히는 포인트로도 유명해 낚시꾼들도 자주 찾는다.,064-728-3383,제주특별자치도청 해양수산과,2022-12-01
958,퍼시픽 리솜 요트투어 샹그릴라,기타,관광지,제주특별자치도 서귀포시 중문관광로 154-17,제주특별자치도 서귀포시 색달동 2950-5,33.2444327,126.4161942,,,,,,, 아름답게 물든 바다와 하늘 사이· 바다 한가운데서 보는 일출과 일몰은 형용할 수 없는 감동을 선사한다. 요트 위에서 짜릿한 손맛을 느끼고· 갓 잡은 생선회를 맛보며 주상 절리를 매우 가까이에서 볼 수 있고· 요트 물살을 따라 헤엄치는 야생 돌고래와 만날 수도 있다. 바다 수영· 스노클링· 프러포즈 등 별도의 특별한 요트 체험까지 가능하다.,064-710-2114,제주특별자치도청,2022-12-01
959,평대리불턱,문화,관광지,,,33.532413,126.84636,,,관광호텔,,,,평대리 도께동산 해녀불턱은 2~30명 정도의 사람들이 들어가 바람을 피할 수 있도록 얕은 돌담이 쌓인 넓은 공간으로· ‘불’을 피우는 나지막한 ‘턱’이라는 말 그대로 해녀들이 추운 겨울에 물질을 끝내고불을 지펴 몸을 녹이는 장소를 일컫는 제주방언이다. 평대 해수욕장에 있는 도께동산 아래쪽에 위치한 이곳은 불과 몇 년 전까지는 물질 후 쉴 수 있는 해녀들의 휴식 공간이었다. 1980년부터는 마을마다 현대식 탈의장이 있어 이용되지 않고 있다.,064-740-6000,제주특별자치도청,2022-12-01
960,평대리해변,자연,관광지,,제주특별자치도 제주시 구좌읍 평대리 1994-20,33.533695,126.8409,11630,주차장+화장실,관광호텔,,500,200,제주시 동북 쪽에 위치한 해변으로 월정리 해변과 이어져 있다. 구좌읍 월정리와 가까우며· 월정리 해변과 같이 뜨고 있는 맛집 카페가 많아 방문자가 점점 늘어나는 추세다. 근처 가 볼만한 인기 명소로는 명진전복· 톰톰카레· 대수길다방(제주바당캔들)· 평대스낵 등이 있다. 아기자기한 해변 카페· 맛집과는 대비적으로 바다 쪽으로는 천혜 자연이 펼쳐져 해안 드라이브를 즐길 수 있다.,064-728-7783,구좌읍사무소,2022-12-01
961,평대해변,자연,관광지,,제주특별자치도 제주시 구좌읍 평대리 1994-20,33.533465,126.840901,8654,공용주차장+화장실,펜션,,,,제주에는 개성이 다른 아름다운 해변들이 많다. 어디를 가도 크게 실망할 일은 없지만· 한적하고 예쁜 ‘우리만의 바다’를 찾는다면 바로· 평대해변이다. 동쪽의 명소인 월정리해변과 세화해변 사이에 자리하고 있으며· 제주올레 20코스가 지나는 곳이다. 아담한 해변은 아이들과 물놀이· 모래놀이를 하기에도 좋고· 한적한 해변은 나만 알고 싶은 제주특별자치도 바다로 손색이 없다.,064-728-7882,구좌읍사무소,2022-12-01
962,평수포구,자연,관광지,,,33.427571,126.263743,2287,,펜션,,,,비양도가 보이는 한림항을 출발점으로 시작되는 올레길 15코스를 따라가다 보면 한적하고 고요한 평수 포구가 자리하고 있다. 대부분 포구는 다양한 이름이 있는데 평수 포구 역시 여러 이름으로 불린다. 과거에는 평수 포구에서 솟아 올라오는 용천수를 식수나 생활용수로 활용하였는데 만조 때마다 흔적도 없이 잠겼다가 바닷물이 빠져나가면 다시 모습을 드러내는 모습에 조물 캐 포구· 한자로는 잠수로 라고도 부르며 돈지개포구라고도 부른다.,064-712-6988,제주특별자치도청,2022-12-01
963,평화통일 불사리탑,문화,관광지,제주특별자치도 제주시 조천읍 일주동로 884,,33.532516,126.63599,2420,주차장,펜션,,526,15,평화통일불사리탑은 반구형으로 건립한 불교사원으로 1998년 8월 15일 완공되었다. 탑의 높이는 33M로 3천을 의미하며 바닥의 면적은 360평으로 불법의 원융무애를 상징한다. 탑은 민족의 영산 백두의 천지에 정 방향으로 맞추어 건축했고 한라산과 백두산이 불사리탑을 축으로 서로 일직선상에 놓이도록 했다. 매년 8. 15일이 되면 전국의 불자들이 사격한 법화경을 봉안하는 법회를 개최하는 곳으로 유명하다.,064-782-9110,제주특별자치도청,2022-12-01
964,포도갤러리 in 포토호텔,예술,관광지,제주특별자치도 제주시 조천읍 일주동로 884,,33.532516,126.63599,,,펜션,,,,아름다운 제주를 작품 속에서 만나 볼 수 있는 갤러리 포도호텔은 세계적인 건축가 이타미 준이 설계한 작품으로 제주도에서 지정한 제주특별자치도 7대 건축물에 선정됐다. 가장 제주적이고 자연적인 건물로 평가받고 있다. 제주특별자치도 도내/외 작가들의 공간으로· 방문하는 모든 사람이 제주의 아름다움이라는 가치를 경험할 수 있도록 다양한 전시를 기획 중이다. 방문 가능 시간은 오전 10시부터 오후 5시 30분까지이며· 연중 무료입장으로 진행된다.,064-782-9110,제주특별자치도청,2022-12-01
965,포스트 사파리,기타,관광지,제주특별자치도 제주시 조천읍 선교로 474-1,,33.462815,126.70884,,,,,,,기린· 사슴· 사자· 얼룩말 등 동물원에서 볼 수 있는 동물들을 실물과 유사하게 움직이도록 재연한 포레스트 사파리. 실제 동물이 아니기에 가까이 다가가서 직접 만져볼 수 있고· 조형물이지만 가까이 다가가면 울음소리와 함께 세세한 움직임을 선보여 호기심을 자극한다. 실내에서는 카우보이 캠핑체험장과 젖소 목장을 체험할 수 있으며· 실제 카우보이 복장을 하고 사진을 찍을 수 있어 추억을 남기기에 좋다.,064-710-2114,제주특별자치도청,2022-12-01
966,포토갤러리 자연사랑미술관,예술,관광지,,제주특별자치도 서귀포시 표선면 가시리 1920-1,33.353701,126.77143,781,,펜션,,170,,가시초등학교를 활용해 만들어· 90평 규모의 큰 전시 공간이 특징이다. 사진가 서재철의 작품을 통해 제주의 사계절을 언제든 감상할 수 있다. 그 외에 제주만이 가지고 있는 독특한 것을 전시하는 공간· 다양한 모양의 화산탄을 직접 볼 수 있는 화산탄 갤러리· 가시초등학교의 옛 모습을 담은 사진 전시실· 사진과 책을 판매하는 공간과 쉼터로 구성되어있다.,064-787-3110,제주특별자치도청,2022-12-01
967,표선세화해안도로,자연,관광지,,제주특별자치도 서귀포시 표선면 표선리 40-69,33.323337,126.844972,5400,공용주차장+화장실,펜션,,,,표선세화 해안도로는 제주시의 구좌읍 세화부터 표선해수욕장까지 연결되는 총 12km의 해안도로로 곳곳의 아름다운 해안 풍경과 함께 제주특별자치도 바다를 가까이서 느낄 수 있다. 하도해수욕장 인근 해안에서는 전망대가 마련되어 있어 문주란 자생지로 유명한 '토끼섬'을 볼 수 있고· 종달리에서는 지미봉 오름과 맛조개잡이 어장을 만날 수 있다. 바다를 가로지르는 돌다리를 걸으면 불어오는 바닷바람 속에 절로 자연과 동화됨을 느낄 수 있다.,064-760-0505,제주특별자치도 서귀포시청,2022-12-01
968,표선오일장,시장,관광지,제주특별자치도 서귀포시 표선면 표선동서로 2031,제주특별자치도 서귀포시 표선면 표선리 10011,33.322186,126.830709,7917,관리사무소+주차장+공중화장실,펜션+리조트,1985-03-17,1721,50,매월 2일· 7일에 열리는 ‘표선오일시장’은 제주특별자치도 남쪽 사람들의 정겨움을 느낄 수 있는 작은 시장이다. 표선오일시장은 생활용품· 농산물을 판매하는 가장 큰 건물과 다양하고 신선한 제철 수산물을 판매하는 어시장· 그리고 순대국밥과 고기국수를 판매하는 작은 식당 총 3개의 건물로 나누어져 있다. 그중 어시장은 표선항을 끼고 있어· 질 좋은 수산물을 합리적인 가격에 얻을 수 있는 것이 큰 특징이 있다. 식당 건물에는 표선 주민들이 찾는 맛집이 많다., 064-760-4471,제주특별자치도청,2022-12-01
969,표선해수욕장,자연,관광지,,제주특별자치도 서귀포시 표선면 표선리,33.326932,126.83772,51173,화장실(1동),펜션,,11125,,총면적 25만제곱미터· 백사장 16만 제곱미터에 이르는 표선해수욕장은 백사장이 아름다운 해수욕장으로 유명하다. 표선해수욕장의 넓은 모래톱은 썰물 시엔 둥근 백사장처럼· 밀물 시엔 수심이 낮은 에메랄드빛 원형 호수처럼 보여 경관이 아름답다. 그뿐만 아니라 낮은 수심 때문에 아이들과 물놀이를 즐기기에도 좋은 해수욕장이다. 인근 관광지로는 100 m 거리의 제주민속촌과 차로 5분 거리의 제주허브동산이 있다.,064-760-4992,제주특별자치도 서귀포시청,2022-12-01
970,프랑스샤르망,기타,관광지,제주특별자치도 제주시 한림읍 명상로 37,,33.374598,126.281189,,,,,,,프랑스 등에서 20년동안 구매한 프랑스 엔틱 5000여점을 전시해 놓은 곳이다. 창고를 개조하여19세기 전후 프랑스의 미술품· 예술품· 골동품 등 다양한 프랑스 문화를 체험할 수 있다. 누구나 무료로 입장 할 수 있다.,064-710-2114,제주특별자치도청,2022-12-01
971,플레이네이쳐,기타,관광지,제주특별자치도 서귀포시 안덕면 일주서로 1836,,33.256807,126.321633,,,,,,,제주는 그 빼어난 자연경관 하나만으로도 충분히 아름답다. 그러나 이러한 대자연 속에서 예술과 인간이 만나 함께 어우러져 빚어내는 화음이야말로 더없이 소중한 경험이 아닐 수 없다. 플레이네이쳐는 모든 이의 삶에 활력을 더해주는 꿈의 공간이자 관광 제주의 문화적 요람이다. 13만 평의 너른 대지 위에 한국 조각계의 중추적 작가들이 빚어놓은 180여 점의 조각품들은 태고의 숨결이 이루어 놓은 신비의 자연 속에서 그 예술적 빛과 향기를 유감없이 발휘하고 있다. 또한 밤에는 자연과 조명· 조명이 만들어내는 환상적인 시간을 보낼 수 있습니다. 잘 디자인 된 정원 조명· 40m 길이의 초대형 순록 퍼레이드· 오카와 사슴이 낮과는 다른 세상으로 안내한다.,064-710-2114,제주특별자치도청,2022-12-01
972,플레이박스 VR,기타,관광지,제주특별자치도 제주시 은수길 69,,33.472158,126.488026,,,,,,,플레이박스VR은 제주도와 VR이 결합한 가상현실 체험파크로 99%싱크로율을 자랑하는 고퀄리티 VR을 체험할 수 있다. 10년동안 기술개발에 매진하여 몰이감이 높고 어지러운 증상을 느끼지 않는 VR기술을 구현하였으며· 11가지의 다양한 VR을 체험 할 수 있다.,064-710-2114,제주특별자치도청,2022-12-01
973,피큐어뮤지엄제주,기타,관광지,제주특별자치도 서귀포시 안덕면 한창로 243,,33.290378,126.353859,,,,,,,서귀포시 안덕면에 자리한 피규어뮤지엄은 국내외 유명한 캐릭터의 피규어를 한자리에서 볼수 있는 국내 최댁 규모의 피규어 박물관이다. 피규어 뮤지엄 제주에서는 마블사의 대표 히어로인 어벤저스 시리즈부터 디즈니사의 겨울왕국· 미니언즈와 핑크팬더· 베어브릭까지 다양한 피규어가 전시되어 있으며 손가락 크기부터 실물사이즈를 능가하는 대형 피규어까지 두루두루 갖추고 있어 남녀노소가 즐길거리가 다양하다. 실내는 자유롭게 촬영이 가능하지만· 포토존 외의 전시물은 만질 수 없으니 주의한다. 여유롭게 구경하면 1-2시간 정도 소요된다. 전시장 끝에는 키덜트와 피규어 마니아들의 취향을 저격할 기프트샵이 있어 기념품 구매를 할 수 있다.,064-710-2114,제주특별자치도청,2022-12-01
974,하고수동해변,자연,관광지,,제주특별자치도 제주시 우도면 연평리,33.514478,126.958625,32131,공용주차장,펜션,,,88,우도(牛島)의 동쪽 하고수동해변은 중앙에 노출된 암석 해안에 의해 둘로 분리된다. 해변의 총 길이는 약 400m 정도이며· 동쪽에서 약 100m되는 지점과 200m~300m 지점에는 현무암초가 노출되어 있고· 배후에는 사구층이 발달되어 있다. 연안류에 의해 운반되는 물질들이 집적되어 형성된 해변이다. 1970년대까지 후릿그물을 이용한 멸치잡이가 이루어졌다. 모래가 부드럽고 수심이 얕아 가족 단위 해수욕을 즐기기에 안성맞춤이다. 수심이 얕아 어린이를 동반한 가족 단위 피서객이 이용하기에 좋다. 해변 주변은 민박집과 식당들이 입지해 있으며 탈의장· 화장실 등 편의 시설이 있다. 70여세 해녀를 모티브로 한 해녀상이 중앙에 있어 눈길을 끈다. 여름 밤에는 고기잡이 선박들이 밝힌 불빛들이 찬란하다.,064-728-4352,우도면사무소,2022-12-01
975,하논마르,자연,관광지,,제주특별자치도 서귀포시 서홍동 1003,33.252874,126.545855,216000,,가족호텔+펜션,,,,5만년 기후변화 정보를 보관한 생태계 타임캡슐이라불리며 하논마르는 제주시 서귀포 호근동 일대에 360여 개의 한라산 오름 중의 하나로 서귀포시 서홍동과 호근동 일대 삼매봉 북쪽지점에 위치한다. 동서방향으로 약 1.8km· 남북방향으로 약 1.3km의 너비를 갖는 타원형 화산체로 분화구의 형태는 원형이며 해발 143.4m이며 높이 88m이다.,064-712-6988,제주특별자치도청,2022-12-01
976,하도리 철새도래지,자연,관광지,,제주특별자치도 제주시 구좌읍 하도리 53-2,33.509319,126.894679,142437,,펜션,,,,구좌읍 하도리에 있는 철새도래지로· 둑을 사이에 두고 바닷가와 연안습지가 발달해있다. 습지는 민물과 바닷물이 섞여 월동하는 철새의 먹이가 풍부하며· 습지 남쪽으로는 넓은 갈대 밭이 있어 철새들의 은신처 및 번식지를 제공한다. 매년 30종에 이르는 3·000~5·000여 마리의 철새가 날아오는데· 천연기념물인 저어새와 노랑부리저어서· 고니· 매 뿐만 아니라 오리류· 물떼새류· 도요새류· 기러기류· 논병아리류· 가마우지류· 아비류 등의 철새가 모여든다. 「제주특별자치도 및 국제자유도시 특별법」에 의한 특별보호구역으로 지정되어 도내 학생과 일반인에 철새 탐조를 제공하고 있다.,064-712-6988,제주특별자치도청,2022-12-01
977,하도해변,자연,관광지,,제주특별자치도 제주시 구좌읍 해맞이해안로,33.518937,126.901169,8809,공용주차장+화장실,펜션,,,,하도해변은 제주시에서 동쪽으로 향하는 해안도로 구좌읍 하도리에 위치한 해변이다. 수심이 낮아 아이들과 함께 온 가족 단위 피서객들로 가득하다. 찾는 관광객이 많지 않아 상대적으로 물이 깨끗하고 전망도 좋다. 바다낚시와 야영도 함께 즐길 수 있고· 야외 웨딩 촬영으로도 많이 방문한다. 파도도 높지 않아 서핑· 피싱카약· 스노클링· 페달보트 등 해양레저체험이 가능하며· 다양한 해양 생물들을 만날 수 있다.,064-728-3394,제주특별자치도청,2022-12-01
978,하멜기념비,문화,관광지,,제주특별자치도 서귀포시 안덕면 사계리 112-3,33.23286,126.314064,963,,펜션+리조트,,209,,태풍으로 난파 당하여 제주로 표류한 네덜란드 동인도 회사의 선원들이었다. 핸드릭 하멜을 포함한 64명의 선원을 태운 상선 스패로우 호크는 대만에서 일본 나카사키를 향해 항해 도중· 대만 해협에서 치명적인 태풍을 만나 그 당시 대정현이었던 모슬포 부근에 상륙한 것으로 전해진다. 이 하멜 기념비는 핸드릭 하멜의 공덕과 네덜란드와 한국간의 우호증진의 증표로 1980년 4월 1일 한국국제문화협회와 주한 네덜란드 대사관에 의해 산방굴사 바로 앞 해변가 언덕에 세워졌다.,064-760-6304,제주특별자치도청,2022-12-01
979,하멜상선전시관,문화유적,관광지,제주특별자치도 서귀포시 안덕면 사계남로216번길 24-30,제주특별자치도 서귀포시 안덕면 사계리 116-7,33.233318,126.313713,331,주차장+화장실,관광호텔+가족호텔,,72,94,네덜란드인 헨드릭 하멜[1630~1692]이 제주에 표류하였던 것을 기념하여 네덜란드 암스테르담에서 건조된 스페르웨르호를 모델로 재현하였으며· 내부에는 하멜 표류 관련 자료 등을 전시하고 있다.,064-794-2940,제주관광공사,2022-12-01
980,하예포구(예래포구),자연,관광지,,제주특별자치도 서귀포시 하예동,33.234894,126.375349,2186,공용주차장,가족호텔+펜션,,,,예래 포구는 올레 8코스 중간에 위치한 작은 포구로· 올레 8코스의 종점인 박수기정과 산방산의 경치· 포구와 바다를 한눈에 내려다볼 수 있는 동난드르 쉼터가 있다. 포구에서 바라보는 산방산과 형제섬 뿐만 아니라 해안 길을 따라가다 보면 보이는 시가 적힌 항아리 작품들이 정취를 더한다. 예래포구에도 다른 포구들처럼 등대가 우뚝 서 있는데· 이곳을 떠나 일본에서 살던 김진황씨가 물질을 하러 나온 사계리사람을 만나 결혼하고 자수성가하여 고향을 위해 등대를 세웠다고 한다.,064-712-6988,제주특별자치도청,2022-12-01
981,한국건강관리협회제주특별자치도부,의료,관광지,제주특별자치도 제주시 연북로 111,제주특별자치도 제주시 연동 1375,33.482124,126.493387,,주차장+화장실,,,,,감염병 예방 및 관리· 비전염성 만성질환의 조기 발견과 예방을 위한 효율적인 건강검진을 위하여 진료과목별 전문 의료진과 우수한 의료 인력· MRI· 128ch MDCT· HD급 내시경검사기 등 최첨단 의료장비를 갖추고 있으며· 고객중심의 의료 서비스를 제공하기 위해 검진 예약에서부터 검진 과정 그리고 검진 후 관리까지 완벽한 시스템을 구축하여 안전· 안심· 신속· 정확한 고품격 건강검진을 제공하고 있다.,064-740-0200,한국건강관리협회,2022-12-01
982,한국병원,의료,관광지,제주특별자치도 제주시 서광로 193,제주특별자치도 제주시 삼도일동 518,33.500205,126.517052,,주차장+화장실,,,,,1983년 2월 제주특별자치도 최초의 종합병원으로 설립된 이후 ‘앞서가는 진료· 정성이 깃든 간호· 친절한 응대를 통한 고객에게 기쁨을 드리는 병원’이라는 비전을 가지고 최고의 고객만족을 실현하는 병원을 만들고자 노력하고 있다. 각 분야별 전문의료진의 체계적인 협진진료로 ONE-STOP 의료서비스를 제공하고 있다.,064-750-0000,혜인의료재단,2022-12-01
983,한국야구명예전당(야구박물관),예술,관광지,,,33.26081,126.49815,3200,,펜션,,696,,서귀포 청소년수련관 1층에 위치하고 있는 한국 야구 명예의 전당은 100년이 넘은 역사의 국민 스포츠 야구를 서귀포에 다양한 야구 관련 시설을 설치함으로 야구의 메카로 자리매김하겠다는 서귀포시 의지에 감동해· 전 LG 프로야구 이광환 감독이 자신이 운영하고 있던 ‘야구의 집’ 물품을 대량으로 기증하면서 야구 박물관으로써의 모습을 갖추게 되었다. 박물관의 전시실에는 야구의 역사와 관련된 사진은 물론 글러브· 유니폼· 주요 경기에 나간 선수들 사진과 사인 볼 등야구의 열렬히 팬이라면 누구나 혹할만한 다양한 물품이 전시되어 있다.,064-760-6411,제주특별자치도청,2022-12-01
984,한남의 숙터,문화유적,관광지,,,33.249758,126.277841,154,,관광호텔+가족호텔,,,,보성초등학교를 따라 걸어가다 대정성벽을 지나면 오른편에 과수원이 나온다. 바로 1925년 4월 강문석이 설립한 현대교육기관인 한남의숙이 세워졌던 곳이다. 한남의숙은 대정지역의 대표적인 3대 의숙 중의 하나로 민족교육을 실시하다 일제의 탄압으로 1928년 폐교된다. 한남의숙을 세운 강문석은 추사의 두 번째 적거지 주인인 강도순의 증손자이다. 강도순과 형제들은 추사에게 많은 영향을 받았는데 강문석은 그런 집안의 영향으로 사회정세나 교육에 대해 일찍부터 눈을 떴다.,064-794-2940,제주관광공사,2022-12-01
985,한담해변,자연,관광지,,,33.461537,126.310505,9137,공용주차장+화장실,펜션,,,,제주특별자치도 북서부에 위치한 애월에서 곽지까지 해안을 따라 이어지는 산책로다. 제주도가 연안정비 사업의 일환으로 훌륭한 애월 앞바다의 장관을 좀 더 안락하고 친숙하게 접할 수 있도록 주변 환경과 조화를 이루는데 주안점을 두고 만들었다. 구불구불한 해안의 모양을 그대로 따라 구불구불하게 이어지는 산책로는 1.2km에 이른다. 바다는 손 뻗으면 닿을 만큼 가까이 있어 찰랑거리는 파도 소리가 해변 산책의 낭만을 더해준다. 2009년에 제주시가 숨은비경31로 선정한 이후· 많은 관광객인 찾으면서· 지금은 제주에서 핫플레이스로 떠오르는 카페나 식당도 많아졌다. 더 이상 숨은 비경이라는 수식어는 붙이기 힘들겠지만 식도락과 제주의 넓고 푸른 바다를 동시에 즐길 수 있는 매력적인 명소임은 분명하다.,064-728-3394,제주특별자치도청,2022-12-01
986,한대오름,자연,관광지,제주특별자치도 제주시 애월읍 화전길 201,제주특별자치도 제주시 애월읍 봉성리 52-5,33.356182,126.424508,52652,,관광호텔+가족호텔,,,,1100도로 삼형제 오름 서쪽 약 1.5km 지점에 위치해 있으며 탐라각휴게소를 지나 영실 입구에 채 못미쳐 우측으로 나 있는 표고밭길을 따라 4km 정도 들어가면 표고밭 관리사가 있다. 이곳에서 1km쯤 안으로 걸어 들어가면 평평한 습지와 함께 가로 누워 있는 한대오름에 이르게 된다. 이 오름은 전체적으로 경사를 갖고 있으며 비고가 낮은 오름으로 2개의 봉우리가 산정부에서 이어져있는 형태이다.,064-740-6000,제주관광정보센터,2022-12-01
987,한동환해장성,문화유적,관광지,제주특별자치도 제주시 구좌읍 해맞이해안로 858-1,제주특별자치도 제주시 구좌읍 행원리 106,33.552885,126.826744,290,,관광호텔+가족호텔,,,,제주시 구좌읍 한동리에 위치하고 있는 '한동환해장성'은 고려 원종 11년에 김통정 장군이 이끌던 삼별초군이 몽골에 끝까지 저항하려 축조되도록 지시된 약 120km의 환해장성의 흔적이 남아있는 곳이다. 처음의 의도와는 달리 점차 여몽연합군의 공격을 방어하는 용도로 바뀌어갔으며· 지속적인 정비가 이루어져 조선시대에도 제주도를 보호하는 역할을 하였다.,064-794-2940,제주관광공사,2022-12-01
988,한라산 청정고사리축제,축제,관광지,,,33.330063,126.67741,,,펜션,,,,제주특별자치도 고사리의 명성은 워낙 자자하지만 이 가운데서도 서귀포 남원지역의 고사리는 두툼하고 향이 좋아 최상품으로 꼽힌다. 매년 봄마다 서귀포시 남원읍 수망리에서 열리는 ‘한라산청정고사리축제’는 서귀포 중산간 넓은 들녘에 가득 펼쳐진 고사리를 꺾고 체험할 수 있어 제주도민과 관광객들에게 인기가 좋다. 고사리 풍습체험(고사리 삶고 말리기 시연)· 고사리 생태체험관· 고사리 음식만들기 체험· 고사리 사진 전시회 등 상설 프로그램과 황금고사리를 찾아라(고사리 꺾기 체험)· 생태 열쇠고리 만들기 체험· 승마체험· 동물농장체험· 오토캠핑장 운영· 고사리를 넣은 흑돈 소시지 만들기 체험 및 시식회· 고사리염색 체험 등 다양한 연령대가 즐길 수 있는 체험 프로그램이 마련되어 있다.,064-760-4182,제주특별자치도청,2022-12-01
989,한라산국립공원,자연,관광지,,,33.360669,126.532947,153100000,공용주차장+화장실(12동),가족호텔+관광호텔,,33282609,749,지리산· 북한의 금강산과 함께 한반도의 3대 영산에 속하는 한라산은 한반도의 최남단에 위치하고 있으며· 높이 해발 1·950m로 남한에서 가장 높다. 다양한 식생 분포를 이뤄 학술적 가치가 매우 높고 동식물의 보고로서· 1966년 10월 12일 천연기념물 제182호인 한라산천연보호구역으로 지정보호되고 있다. 1970년 3월 24일 국립공원으로 지정되었고· 2002년 12월에는 UNESCO 생물권 보전지역으로 지정되었다. 신생대 제4기의 젊은 화산섬인 한라산은 지금으로부터 2만 5천년 전까지 화산분화 활동을 하였으며· 한라산 주변에는 360여 개의 오름들이 분포되어 있어 특이한 경관을 창출하고 있다. 섬 중앙에 우뚝 솟은 한라산의 웅장한 자태는 자애로우면서도 강인한 기상을 가슴에 품고 있는 듯하다.,064-713-9950,한라산국립공원,2022-12-01
990,한라산둘레길,자연,관광지,,제주특별자치도 서귀포시 표선면 가시리 산 158-4,33.394642,126.684758,,,가족호텔+관공호텔,,,,나무와 풀· 바위와 오름· 그리고 하천과 목장을 끼고 있는 생태적 경관적 요소만 제주의 문화와 제주인들의 삶의 흔적이 고스란히 녹아있는 역사를 간직하고 있는 공간입니다. 또한 신화 속 수많은 신들이 머물고 오가는 ‘신들의 길’이기도 합니다. 아직은 미완의 길이기는 합니다만 한라산둘레길은 세상 어느 길보다 소중하고 신비스런 길입니다.,064-784-4280,제주특별자치도청,2022-12-01
991,한라산어리목코스,자연,관광지,,,33.392115,126.494571,,화장실(2동),펜션,,,,한라산 영실코스와 더불어 가장 인기있는 한라산 등반 코스 중 한 곳이다. 어리목계곡을 건너· 사제비동산· 만세동산을 거치고· 윗세오름에 이르는 코스가 어리목 코스다. 등반코스는 4.7㎞이며· 2~3시간 가량 소요된다. 한라산 어리목코스 코스 2/3지점 즈음 위치하는· 해발1500~1600m 만세 동산의 허리에 오르면 멀리 한라산 정상과 왼쪽으로 장구목· 오른쪽으로 윗세오름의 세 봉우리를 전망할 수 있다. 어리목광장에서는 겨울이면 눈꽃 축제가 열린다.,064-728-3394,제주특별자치도청,2022-12-01
992,한라산영실코스,자연,관광지,,,33.369826,126.555632,,화장실(2동),가족호텔+펜션,,,,영실 등산로는 길이 5.8km· 2시간 30분이 소요되는 코스로· 한라산 코스 중 가장 짧으면서도 가장 아름다운 구간으로 꼽힌다. 차로 등산로 앞· 1280m 고지까지 올라갈 수 있다. 백록담 밑에 남벽 분기점까지 가는 영실탐방로는 그나마 수월하게 오를 수 있어 초보자들에게도 추천하는 코스다.,064-747-9950,제주특별자치도청,2022-12-01
993,한라생태숲,자연,관광지,,,33.430886,126.595742,1960000,공용주차장+화장실(4동),가족호텔+관광호텔,,,150,한라생태숲은 훼손되어 방치되었던 야초지를 원래의 숲으로 복원 조성한 곳으로 산림트래킹과 함께 자연생태계의 다양한 모습을 즐길 수 있다. 한라산에 서식하는 동물 143과 500여종· 식물 130과 760여 종을 만날 수 있으며· 특히 난대성식물에서부터 한라산 고산 식물까지 모두 볼 수 있다. 연중 운영되는 숲체험프로그램은 사전 예약을 통해서 누구나 탐방서비스를 경험할 수 있으며· 절물휴양림으로 이어지는 숫모르숲길은 많은 이들에게 사랑받는 트래킹코스로 단연 으뜸이다. 또한 한라생태숲은 시험연구림으로서의 기능도 갖추고 있어 제주도의 온.난대 수종 및 한라산 고산대 희귀수종에 대한 유전자 보전 연구와 한라산의 훼손지 복구를 위한 식물 증식 및 내한성 적응 시험림의 역할도 수행하고 있다.,064-710-8688,제주특별자치도청,2022-12-01
994,한라수목원,자연,관광지,,,33.469891,126.493235,210000,공용주차장+화장실(4동),가족호텔+관광호텔,,,124,제주시 연동 1100도로변에 광이오름 기슭에 위치한 한라수목원은 제주의 자생수종과 아열대 식물 등 1·100여 종의 식물이 식재 전시되어 있는 수목원으로써 학생 및 전문인을 위한 교육과 연구의 장으로 역할을 하고 있다. 특히 5만 평에 달하는 삼림욕장은 1.7㎞의 산책코스로 거의 오름 정상까지 올라갔다 내려오는 코스로 만들어져 있다. 체력단련시설과 잘 조성된 산책코스는 아침 일찍 운동을 하려는 사람들이 많이 찾으며 시내에서 가까워 주말이면 가족 단위로 이곳을 찾는 사람들이 많다.,064-710-7575,제주특별자치도청,2022-12-01
995,한림공원,기타,관광지,제주특별자치도 제주시 한림읍 한림로 300,제주특별자치도 제주시 한림읍 협재리 2487,33.389495,126.2396825,14633,주차장+화장실,,,3181,,1971년에 문을 연 한림공원은 창업자 송봉규가 한림 일대의 광활한 벌판을 일구어 조성한 곳이다. 아열대 식물원· 분재원· 민속마을· 야자수길· 동굴· 조류사파리· 연못정원· 수석전시관· 야외 산책 오솔길 등 9개 테마로 이루어진 테마 파크다. 또한· 월 별 제주에서 볼 수 있는 다양한 꽃들을 만날 수 있는 장소이기도 하다. 장쩌민 전 중국 총리와 일본의 전 총리였던 나카소네 등 세계 유명 인사가 방문한 바 있다. 매년 1백만명 이상의 국내외 방문객들이 찾는 세계 유명 명소이다.,064-710-2114,제주특별자치도청,2022-12-01
996,한림공원 수선화축제,축제,관광지,제주특별자치도 제주시 한림읍 한림로 300,제주특별자치도 제주시 한림읍 협재리 2487,33.387994,126.239784,14633,주차장+화장실,가족호텔+펜션,,3181,,한림공원 수선화 정원에는 겨우내 피어난 50만 송이에 달하는 금잔옥대 수선화와 제주수선화가 생명의 약동을 알린다. 혹한의 겨울을 견디고 수줍게 피어난 수선화의 초연한 모습과 함께 은은한 향을 느낄 수 있다. 한림공원은 수선화를 1월의 꽃으로 선정하여 수선화 축제를 개최하고 있다.,064-796-0001,제주특별자치도청,2022-12-01
997,한림공원 튤립축제,축제,관광지,제주특별자치도 제주시 한림읍 한림로 300,제주특별자치도 제주시 한림읍 협재리 2487,33.387994,126.239784,14633,주차장+화장실,펜션,,3181,,제주특별자치도 봄 힐링 명소로 사랑받고 있는 한림공원이 4월 5일부터 튤립축제를 연다. 이번 축제 기간에는 다이너스티· 스트롱골드· 퍼플 플래그 등 9개 품종 5만여 송이의 튤립을 볼 수 있으며· 꽃으로 둘러싸인 아름다운 포토존에서 인생샷을 남길 수 있다. 특히· 올해 튤립 축제에서는 지역의 경력단절 여성을 지원하기 위해 ‘경력잇는여자들 협동조합’의 유명 강사들을 초청해 퍼스널컬러 진단· 조향 프로그램· 왁스 타블렛 만들기 등의 프로그램을 진행한다. 또한 인생샷을 완성하는 촬영용 토퍼 무료 대여· 100% 감귤원액주스를 증정하는 인스타그램 이벤트 등도 진행한다.,064-796-0001,제주특별자치도청,2022-12-01
998,한림공원국화축제,축제,관광지,제주특별자치도 제주시 한림읍 한림로 300,제주특별자치도 제주시 한림읍 협재리 2487,33.387994,126.239784,14633,주차장+화장실,펜션,,3181,,제주특별자치도 한림공원(산야초원 內 플라워가든)에서는 11월 6일(토)부터 28일(일)까지 한림공원 국화축제를 개최한다. 올해 창립50주년이 된 제주특별자치도 대표 관광지 한림공원이 봄부터 사랑과 정성을 다해 정성껏 가꾸어온 국화 수십만송이의 국화 작품이 어우러져 아름다운 국화 정원을 선보인다.,064-796-0001,제주특별자치도청,2022-12-01
999,한림공원매화축제,축제,관광지,제주특별자치도 제주시 한림읍 한림로 300,제주특별자치도 제주시 한림읍 협재리 2487,33.387994,126.239784,14633,주차장+화장실,관광호텔+가족호텔,,3181,,매화 · 수선화정원에는 버드나무처럼 늘어지는 80년생 능수매화가 장관을 이루며· 20년 이상 된 백매화· 홍매화· 겹백매화· 겹홍매화· 청매화 등이 만발하여 한림공원을 방문한 관광객들에게 제주의 봄소식을 전하고 있다. 한림공원 매화정원에서 고고한 매화의 기품과 수선화 향기와 함께 성큼 다가온 봄의 기운을 만끽해 보자.,064-796-0001,제주특별자치도청,2022-12-01
1000,한림오일장,시장,관광지,제주특별자치도 제주시 한림읍 한수풀로4길 10,제주특별자치도 제주시 한림읍 대림리 16984,33.420152,126.274234,12416,관리사무소+주차장+공중화장실,펜션,,2699,100,한림민속오일시장은 한림읍 주민들로 북적대는 곳이다. ’한림조끄뜨레시장‘ 이라는 재미있는 이름도 가지고 있다. 조끄뜨레는 제주어로 곁에· 가까이라는 의미로· 여러분 곁에 가까이 있는 시장이라는 의미이다. 규모는 작지만· 현지인에게 필요한 생필품· 농기구· 의류 등 없는 것이 없는 알짜배기 시장이다. 농어업이 발달한 지역인 만큼 탕! 탕! 쇠를 두드려 농기구를 만드는 대장간도 있고· 한림항 근처에 있어 갓 잡아 올린 수산물도 저렴한 가격에 구매할 수 있다., 064-796-8830,제주특별자치도청,2022-12-01
1001,한림항,자연,관광지,,,33.41244,126.255686,3093,공용주차장,펜션,,,100,제주특별자치도 서쪽에 위치한 한림항은 일제강점기 시절에 일본인들이 어업 기지로 이용하였던 과거가 있는 연안항이다. 현재는 서부 지역에서 가장 큰 항구로· 시멘트· 감귤 등의 화물을 실어 나르는 화물항의 역할을 하기도 한다. 추자도의 인근에서 잡은 조기는 전량 한림항으로 들어오는데 조기를 실은 배가 들어오는 시간이 되면· 수십 명의 어부들이 모여 ‘조기 털이‘를 하는 모습을 볼 수 있다. 밤새 잡힌 물고기들은 어판장으로 곧바로 옮겨져· 오전 6시 경에는 활기찬 경매 시장이 열린다. 다양한 종류의 생선들이 상인들의 낙찰을 기다리며 나무 박스에 겹겹이 쌓여 있는데· 치열한 경매 현장에 익숙하지 않은 일반인들이 저렴하게 생선을 구매하기 위해 찾는다면· 경매가 마무리될 즈음인 오전 7시 정도가 좋다. 상인들에게 가격을 물어보고 즉석에서 구매할 수 있다. 한림항에서는 비양도를 오가는 도항선을 운행하고 있어 비양도를 가고자 하는 사람들은 한림항에 내 도선 대합실을 이용하면 된다.,064-796-7522,제주특별자치도청,2022-12-01
1002,한림해안도로,자연,관광지,,제주특별자치도 제주시 한림읍 귀덕리,33.428125,126.270152,1480000,,펜션,,,,귀덕궤물동산에서 옹포사거리까지의 한림해안도로는 날씨에 상관없이 아름다운 풍경을 연출해낸다. 약 12km의 해안도로로· 다른 곳에 비해 많이 알려져 있지 않아 조용함과 여유로움을 느낄 수 있다. 특히 제주올레14코스의 종점이자 15코스의 시작점인 한림항을 지나면 ‘날아온 섬’이라는 뜻의 비양도가 보인다. 조금 더 가다보면 피서철에 인기가 좋은 협재해수욕장과 금능해수욕장을 만나게 된다. 에메랄드 빛 바다와 하얀 모래밭· 환상의 낙조· 비양도를 마주 보는 풍경은 차를 멈추고 감상에 빠져들게 한다. 비양도를 배경으로 한 일몰 사진과 여행 사진을 남기기 좋은 곳이다.,064-712-6988,제주특별자치도청,2022-12-01
1003,한모살(표선백사장),문화유적,관광지,,제주특별자치도 제주시 표선면 표선리,33.328748,126.836833,96309,주차장+화장실+샤워시설+개수대,관광호텔+가족호텔,,20937,85,이 곳은 '당캐'· '표선 백사장' 등으로도 불리며 넓은 모래사장이 펼쳐진 곳이다. 이 곳은 모래사장이 널리 펼쳐 있어서 특정한 곳에서만 총살집행이 이루어진 것이 아니라 한모살 이곳 저곳에서 총살이 집행됐다. 표선해수욕장 서쪽에 펼쳐진 모래사장인 한모살에 지금은 표선민속촌과 표선면도서관이 들어섰다. 당시 대규모 학살이 이루어진 곳은 도서관 입구의 공터로 남아 있다. 당시의 흔적은 찾아볼 수 없다.,064-756-4325,제주특별자치도 4.3연구소,2022-12-01
1004,함덕백사장&서우봉,자연,관광지,,,33.543746,126.668845,1725,,펜션,,,,서우봉은 함덕 대대 본부에 주둔한 군인들에 의해 많은 사람들이 희생된 곳이다. 특히 중산간마을에서 내려온 주민 중 도피자 가족들이나 중산간 마을 인근에 숨어 살던 피난민들이 토벌대에 발각되어 함덕 주둔 대대 본부를 거쳐 즉결 처형 당하는 희생이 많았다. 이 서우봉 절벽에서 1948년 12월 26일 총살이 있었다. 희생자의 대부분은 선흘리 주민들로써· 선흘리의 모든 집이 하루 아침에 불타버리자 오갈데 없어· 인근 굴 속에 은신했다가 토벌대에 붙잡혀 온 민간인들이었다.,064-712-6988,제주특별자치도청,2022-12-01
1005,함덕오일장,시장,관광지,제주특별자치도 제주시 조천읍 함덕16길 1513,제주특별자치도 제주시 조천읍 함덕리 9727 함덕민속오일시장,33.540309,126.667206,733,관리사무소+주차장+공중화장실,펜션+민박,,159,20,함덕오일시장은 약 40여 개의 점포에는 실생활에 꼭 필요한 의류· 농수산물· 철물· 먹거리 등을 판매하고 있다. 시장 입구 간판에 적혀 있는 것처럼 정과 인심을 느낄 수 있는 곳으로· 상인들의 인심에 빈손으로 갔다가 시장을 나설 때쯤이면 양손이 두둑해지는 곳이다., 064-783-8559,제주특별자치도청,2022-12-01
1006,함덕카페거리,기타,관광지,,,33.531407,126.666365,,,,,,,제주시 동쪽에 위치한 함덕서우봉해변은 수심이 얕아 가족단위 피서지로 안성맞춤인 곳이며· 패사층이 넓게 이루어져 있는 해변이다. 맑고 투명한 바닷물이 넘실거리는 이곳을 지나 서우봉 산책로 방향으로 걷다 보면 커피 향이 가득한 함덕 카페거리를 볼 수 있다.,064-710-2114,제주특별자치도청,2022-12-01
1007,함덕해수욕장,자연,관광지,,,33.5433,126.66969,32973,공용주차장+화장실,가족호텔+펜션,,7168,400,제주올레 19코스를 걷다 보면 에메랄드빛 보석을 품고 있는 함덕해수욕장을 만날 수 있다. 제주시 조천읍 함덕리에 자리한 함덕해수욕장은 해수욕장 바로 옆에 우뚝선 오름(서우봉) 덕분에 ‘함덕서우봉해변’이라고도 불린다. 제주공항에서 불과 20km 떨어졌지만· 이곳에 도착하는 순간 다른 나라에 온 것 같은 기분이 든다. 입구부터 환영해주는 키 큰 야자수들· 하얀 모래와 대조를 이루는 에메랄드빛 바다· 모래와 미역마저 투명하게 비춰주는 맑은 물과 하얀 파도가 그러하다.,064-728-3989,제주특별자치도청,2022-12-01
1008,항파두리항목유적지,문화유적,관광지,제주특별자치도 제주시 애월읍 항파두리로 50,제주특별자치도 제주시 애월읍 상귀리 1012,33.451946,126.410416,1135476,주차장+화장실+무료 WIFI+음료대,관광호텔+가족호텔,,246843,129,제주항파두리 항몽 유적은 13세기 말엽(1271~1273)원나라 침략에 맞서 끝까지 항거한 고려무인의 정서가 서린 삼별초군의 마지막 보루였던 곳이다. 삼별초군은 남하하여 진도의 용장성을 근거지로 항전하였으나· 원나라 세력에 의해 원종 12년(1271) 진도가 함락되고 배중손 장군이 전사하게 되자 김통정 장군이 잔여부대를 이끌고 탐라(제주)에 들어와· 그들은 이 곳 항파두리에 토성을 쌓고 계속 항전하면서 기세를 올렸으나·결국 원종 14년(1273)1만2천여 명에 달하는 여ㆍ몽연합군의 총공격을 받아 항파두성이 함락되고 삼별초 군사들은 전원 순의하였다.,064-710-6721, 세계유산문화재부,2022-12-01
1009,해거름전망대,기타,관광지,제주특별자치도 제주시 한경면 일주서로 4641,,33.371867,126.207446,,,,,,,해거름은 ‘해’와 ‘거르다’가 합쳐진 말로써 어떤 일을 새로 시작하기보다는 마무리를 지어야 하는 때를 가리킨다. 해거름 전망대는 시간에 관계없이 아름다운 경치를 자랑하지만 이름처럼 해가 져가는 때의 전망이 특히 아름답다. 낮은 언덕 위에 걸터앉은 듯한 건물에 오르면 눈앞에 펼쳐진 바다를 한눈에 담을 수 있는 전망대를 만날 수 있다. 전망대 앞에는 공원처럼 농구장· 족구장· 아이들이 뛰어 놀기 좋은 놀이터도 있어 친구· 연인· 가족 등 누구와 이곳을 찾든 상관없이 즐거운 시간을 보낼 수 있다.,064-710-2114,제주특별자치도청,2022-12-01
1010,해녀박물관,기타,관광지,제주특별자치도 제주시 구좌읍 해녀박물관길 26,,33.52305,126.862848,,,,,,,구좌읍 세화리 백사장이 보이는 어촌 마을에 위치한 제주특별자치도 해녀 박물관. 기원 전부터의 역사를 가진 제주의 해녀 문화를 중심으로 해양· 어촌· 민속· 어업 등에 관한 자료를 전시하고 있다. 박물관 안팎의 전시물들은 모두 해녀들이 기부한 것이다. 전시관 안에는 실제 해녀의 집도 기부 받아 옮겨와 있으며· 음식 문화와 양육· 반어반농· 영등굿 문화 등이 자세히 전시되어 있다. 약 7분 여의 영상은 꼭 볼만하다.,064-710-2114,제주특별자치도청,2022-12-01
1011,해녀의부엌,예술,관광지,,,33.387994,126.239784,425,,가족호텔+펜션,,92,,해녀의 부엌은 해녀 이야기와 부엌이야기로 나누어진다. 해녀이야기는 150분 공연으로 부페식으로 운영하며 해녀가 직접 출연 하는 공연이다. 공연시간은 20분이며 제주음식으로 구성되어있고 해녀와 이야기를 나누는 토크쇼 형식으로 진행된다. 부엌이야기는 100분으로 운영되며 1인 한상차림으로 나온다. 해녀이야기와 다르게 배우가 이끌어가는 공연이며 공연시간은 60분이고 해녀이야기와 동일하게 제주음식으로 구성된다. 부엌이야기는 한편의 기승전결 극을 보며 음식을 먹는 음식 중심 공연이다.,064-796-0001,제주특별자치도청,2022-12-01
1012,해맞이해안도로,자연,관광지,,,33.387994,126.239784,,,관광호텔+가족호텔,,,,제주특별자치도 여행에서 빠질 수 없는 것이 해안도로를 달리는 것이다. 김녕에서 종달리까지 이어지는 ‘해맞이해안도로’는 이미 여러 사람들에게 많은 사랑을 받고 있는 드라이브 코스이다. 김녕-월정리-세화-하도-종달리-성산일출봉까지 연결되어 있는 해맞이해안도로는 해안도로 자체로도 아름답지만 중간 중간에 들를 수 있는 유명 관광지도 많다. 올레길 21코스에 포함되기도 한 해맞이해안도로는 낮에는 푸른 바다와 맑은 하늘의 제주를 느낄 수 있는 매력적인 곳이다.  그래서 드라이브를 하는 사람들이 길가에 차를 세워두고 제주특별자치도 바다의 풍경을 한눈에 담아 가려고 사진을 많이 찍는다.,064-796-0001,제주특별자치도청,2022-12-01
1013,해비치올레길,자연,관광지,,,33.387994,126.239784,,,휴양콘도미니엄,,,,해비치호텔 앞 공터에서 시작하여 도로를 따라 가마리개까지 이어지는 바당올레. 해양수산연구원 내의 화장실을 이용할 수 있다. 눈부신 백사장에서 시작되는 아름다운 해안 올레다. 해녀 탈의장을 지나 바다의 앞부분이 가느다랗다고 하여 이름 붙인 '가는개' 를 건너면 어촌마을 세화2리로 접어든다. 세화2리의 옛 이름· 가마리의 해녀 올레는 ‘세계 최초의 전문직 여성’으로 불리는 제주특별자치도 해녀들이 바닷가로 오르내리던 길이다. 이어지는 바다 숲길은 제주올레에 의해 35년 만에 복원되었다. 이 길을 만들 때 해병대 장병들이 도와주어서 '해병대길'이라고도 불린다.,064-796-0001,제주특별자치도청,2022-12-01
1014,행원육상양식단지,자연,관광지,,,33.559573,126.816267,60,주차장+화장실,관광호텔,,13,50,월정리 해수욕장 주변 일몰을 보기 좋은 곳. 구좌읍의 행원육상양식단지는 바다와 오름· 풍차와 어우러진 노을을 감상할 수 있고· 산책로가 조성되어 일몰을 기다리며 잠시 걷기에도 좋다.,064-740-6000,제주특별자치도청,2022-12-01
1015,허브동산 미디어 파사드,기타,관광지,제주특별자치도 서귀포시 표선면 돈오름로 170,,33.32985,126.814854,,,,,,,야간 개장을 맞이하여 LED등과 미디어 시설 등을 이용하여 한껏 제주의 밤을 빛낸 제주특별자치도 허브동산 미디어 파사드,064-710-2114,제주특별자치도청,2022-12-01
1016,헌마공신김만일기념관,문화유적,관광지,제주특별자치도 서귀포시 남원읍 서성로 919,제주특별자치도 서귀포시 남원읍 한남리 992,33.336699,126.69205,4453,주차장+화장실+수유대+전기자동차 충전소,관광호텔+가족호텔,,968,24,서귀포시 남원읍 서성로 919에 위치한 헌마공신 김만일기념관은 2021년 8월 문을 열었다. 이곳은 임진왜란 당시 전쟁에 사용할 말을 헌납하면서 국난극복에 기여한 김만일(1550~1632)을 기리기 위해 지어진 기념관이다.,064-805-9801,의귀리마을회,2022-12-01
1017,헬로키티아일랜드,기타,관광지,제주특별자치도 서귀포시 안덕면 한창로 340,,33.290378,126.353859,,,,,,,헬로키티 박물관에서는 40년의 역사를 가진 캐릭터 헬로키티의 역사와 이야기를 만날 수 있다. 어린이 뿐만 아니라 어른들도 창의적인 경험을 통해 예술적 감수성을 일깨울 수 있는 테마 박물관이다. 방문객들은 특별프로그램을 통해 헬로우 키티의 독특한 문화를 체험하고 최첨단 3D극장을 관람 할 수도 있다. 한편 2층에 마련된 헬로키티 카페는 향긋한 커피와 키티가 그려진 달콤한 디저트를 맛볼 수 있는 휴식 공간이다.,064-710-2114,제주특별자치도청,2022-12-01
1018,현사포구,자연,관광지,,제주특별자치도 제주시 이호1동,33.50021,126.45968,1500,화장실,펜션,,326,,현사포구는 이호해수욕장 옆에 위치하여 배가 몇 없어도 꽉 차 보이는 조그마한 포구다. 멀리 이호해수욕장의 빨간 말과 하얀 말 등대가 보이고·바닷가 방파제 벽에는 물고기· 산호· 오징어 등의 바다와 관련된 그림이 그려져 있어 사진 찍기에 제격이다.,064-740-6000,제주특별자치도청,2022-12-01
1019,현의합장묘역,문화유적,관광지,제주특별자치도 서귀포시 남원읍 중산간동로 6242-56,제주특별자치도 서귀포시 남원읍 수망리 893,33.327767,126.703311,5722,,관광호텔+가족호텔,,1244,,‘의로운 영혼들이 함께 묻혀 있는 묘’라는 의미의 ‘현의합장묘(顯義合葬墓)’는 남제주군 남원읍 의귀리 의귀초등학교에서 동쪽으로 약 400m 떨어진 길가에 자리잡고 있다. 이 마을은 일제 강점기 때 남원면사무소가 있고· 5일장이 열릴 정도로 부촌의 하나였으나 중산간 지역에 위치한 탓에 4·3 때 참혹한 피해를 입게 되었다. ‘현의합장묘’에는 1948년 음력 12월 12일· 14일 양일에 학살된 의귀· 수망리 주민들과 표선면 가시리 등지 주민 50～60명의 시신이 무더기로 안치돼 있다.,064-756-4325,제주특별자치도 4.3연구소,2022-12-01
1020,협자연대,문화유적,관광지,,제주특별자치도 서귀포시 성산읍 고성리 57-1,33.42636,126.932237,80,,관광호텔+가족호텔,,17,,수산진에 소속된 협자연대는 해안 절벽과 푸른바다· 선돌바위같은 주변경관이 뛰어난 곳에 자리잡고 있습니다. 이 연대는 옛 모습이 잘 남아 있으며· 연대 위에는 화덕자리도 남아 있습니다. 북쪽으로는 오소포 연대· 성산포 연대와 교신하였고 서쪽으로는 말등포 연대와 교신하였습니다.,064-710-6798,제주특별자치도 서귀포시,2022-12-01
1021,협재굴(한림공원),자연,관광지,,,33.389495,126.239683,14633,주차장+화장실,펜션,,3181,,협재굴은 황금굴· 소천굴· 쌍용굴(쌍룡굴)· 만장굴과 더불어 제주도의 대표적인 용암동굴이다. 동굴의 길이는 약 200m· 너비 10m· 높이는 5m 정도의 규모이며· 250십만년 전 한라산 일대의 화산이 폭발하면서 생성되었다. 용암동굴이자 석회동굴의 특징이 복합된 2차원적인 동굴이라는 점이 특이하며· 그 일대가 모래와 조개껍질이 섞여있는 패사층으로 되어 있다. 동굴 내부에는 천장에서 뻗어 나온 석종과 마치 바닥으로부터 솟구쳐 나온 듯이 보이는 석순 등이 신비로운 광경을 연출하며· 석종과 석순이 만나 하나의 기둥을 이루는 종유석이 기괴하면서 아름답다. 동굴 벽면에는 석회분이 덮여있어 마치 하나의 거대한 벽화가 새겨져 있는 듯 웅장한 모습을 보이고 있다. 협재굴은 천연기념물 제236호로 지정되어 있고· 페루의 돌소금동굴· 유고의 해중석회동굴과 더불어 세계 3대 불가사의 동굴로 꼽힐 만큼 유명한 곳이다. 동굴 내부의 온도는 연중 내내 17~18℃를 유지하여 한여름의 이색적인 피서지로 각광을 받고 있고· 한 겨울에는 따뜻한 온도로 추위를 피할 수 있어 모든 계절 관광에 적합하다. 협재굴을 빠져 나오면 바로 옆에 쌍용굴(쌍룡굴)이 자리하고 있어 두 동굴을 함께 돌아볼 수 있다.,064-796-0001,제주특별자치도청,2022-12-01
1022,협재포구,자연,관광지,,제주특별자치도 제주시 한림읍 협재리,33.39929,126.24321,1787,,펜션,,388,,제주올레 14코스에 위치한 협재포구는 에메랄드빛 바다가 펼쳐지는 곳으로· 포구 옆에는 넓은 모래사장의 해수욕장이 있다. 협재 해수욕장은 편의 시설도 잘 갖추어져 있고 소나무 숲 속의 야영장도 넓게 조성되어 있어 사계절 내내 관광객들로 북적인다. 오른쪽으로 돌담길을 지나면 어촌계 건물이 나오고· 바다 쪽으로 긴 방파제가 시작된다. 협재포구는 좋은 낚시 포인트로 많은 사람들이 낚시를 하러 일부러 찾아오거나· 주변에 숙박하는 분들이 체험 삼아 낚시를 즐기기도 한다. 작은 등대가 있는 방파제 끝으로 나가면 건너편에는 비양도가 떠있어 풍광이 더욱 아름답다. 겨울에는 방수· 방한이 되는 재킷을 입고 제트스키를 탈 수 있고· 여름에는 스노클링· 바나나보트· 플라이피시 등을 체험할 수 있어 단순히 경치를 구경만 하는 것이 아니라 제주도를 온몸으로 느낄 수 있다.,064-740-6000,제주특별자치도청,2022-12-01
1023,협재해수욕장,자연,관광지,,,33.393845,126.239716,115005,주차장,펜션+리조트,,25001,,제주도 서쪽에 가볼만한 해수욕장을 꼽으라 하면 단연 1·2위로 꼽아 추천하는 곳이 협재해수욕장이다. 제주시 한림읍에 자리하며· 제주올레 14코스의 일부다. 금능해수욕장과 이웃하고 있는 쌍둥이해수욕장이기도 하다. 투명한 물에 에메랄드빛 물감을 서서히 풀어놓은 듯한 바다빛은 보는 것만으로도 힐링이 된다. 썰물 때면 조개껍질이 많이 섞인 은모래빛 백사장이 끝없이 이어진다.,064-728-3981,제주특별자치도청,2022-12-01
1024,형제섬,자연,관광지,,제주특별자치도 서귀포시 안덕면 사계리 산 44,33.209785,126.31431,46494,,펜션,,10107,,형제섬은 산방산 바로 앞에서 내려다 보이는 무인도로· 사계리 포구에서 남쪽으로 1·5km 떨어진 지점에 위치하며· 크고 작은 섬이 마치 형제처럼 마주하며 떠 있다. 낮고 넓은 섬을 본섬· 높은 섬은 옷섬이라 부른다. 본섬에는 작은 모래사장이 있으며 옷섬에 있는 주상절리층은 일품이다. 바다에 잠겨있다가 썰물 때면 모습을 드러내는 새끼섬과 암초들이 있어서 보는 방향에 따라 섬의 갯수가 3~8개로 그 모양도 계속 변하는 느낌을 준다. 이 때문에 일출.일몰시 최고의 사진촬영 장소가 된다. 이곳은 낚시 포인트로도 유명한데 형제섬의 수중 아치는 다이버들에게 잘 알려져 있으며 해송· 연산호· 군락과 함께 자리돔· 줄도화돔 떼들의 유영이 만들어 내는 비경을 즐길 수 있다.,064-740-6000,제주특별자치도청,2022-12-01
1025,형제해안도로,자연,관광지,,제주특별자치도 서귀포시 대정읍 상모리 1649-1,33.201103,126.265537,,,펜션,,,,형제해안도로는 대정읍 상모리 송악산에서 안덕면 사계리를 연결하는 도로이다. 형제해안도로는 사계리와 상모리의 해안과 형제섬· 그리고 국토의 최남단인 마라도의 모습도 확인할 수 있어 푸른 바다와 어우러진 다양한 풍경을 즐길 수 있고· ‘한국의 아름다운 길 100선’에 선정될 만큼 아름다운 경치를 자랑한다. 주변 명소로는 사계해변· 형제섬· 발자국 화석 산지 등이 있고· 마라도 잠수함 선착장· 사계리해안 체육공원· 환태평양 평화 소공원 등의 시설이 있어 다양한 볼거리도 제공한다.,064-740-6000,제주특별자치도청,2022-12-01
1026,형제해안도로전망대,자연,관광지,,제주특별자치도 서귀포시 대정읍 상모리 1649-1,33.201103,126.265537,,,가족호텔+펜션,,,,송악산과 사계 해변을 지나 산방산· 용머리 해안으로 이어지는 형제 해안로는 한국의 아름다운 길 100선에도 선정된 해안길이다. 산방산에서 송악산까지 30분 정도 이어지는 해안길은 평지라서 편하게 걸을 수 있다. 또한 전망대 주변의 넓은 잔디 광장이 마음 시원한 쉼터가 되어준다.,064-740-6000,제주특별자치도청,2022-12-01
1027,혼인지,문화유적,관광지,제주특별자치도 서귀포시 성산읍 혼인지로 39-22,제주특별자치도 서귀포시 성산읍 온평리 1693,33.41507,126.89409,800,주차장+화장실(2동),관광호텔+가족호텔,,174,50,넓은 연못인 혼인지에서 삼신이 혼례를 올림으로써 자손이 늘어나고 농사가 시작되었다는 전설이 있다. 이 때문에 ‘열온 또는 열운’이라는 옛 이름을 가진 온평리는 혼인지 마을로 불리게 되었으며· 탐라국의 건국 신화가 전해지는 삼성혈과도 관련되어 있어 함께 들린다면 더욱 흥미롭게 제주도를 느낄 수 있다. 제주특별자치도 올레 2코스에서 이어지는 혼인지는 탐라국 건국신화 ‘삼신인’의 신화가 있는 곳으로· 넓은 연못인 혼인지에서 3신이 혼례를 올림으로써 자손이 늘어나고 농사가 시작되었다는 전설이 있다. 때문에 ‘열온 또는 열운’이라는 옛 이름을 가진 온평리는 혼인지 마을로 불리게 되었으며· 탐라국의 건국 신화가 전해지는 삼성혈과도 관련되어 있어 함께 들린다면 더욱 흥미롭게 제주도를 느낄 수 있다.  ,064-710-6798,제주특별자치도 서귀포시,2022-12-01
1028,혼인지축제,축제,관광지,,제주특별자치도 서귀포시 대정읍 상모리 1649-1,33.201103,126.265537,,,펜션,,,,제주특별자치도 혼인지는 성산일출봉· 섭지코지와 표선해수욕장 중간 온평리에 위치해 있어 동쪽으로 여행하면서 잠시 들려 산책도 하고 이쁜 수국과 사진 찍으면 좋다.,064-740-6000,제주특별자치도청,2022-12-01
1029,홍조단괴해빈해수욕장(산호해수욕장),기타,관광지,,,33.506491,126.953361,,,,,,,2004년 4월 9일 천연기념물로 지정되었다. 단괴는 퇴적암 속에서 어떤 특정 성분이 농집하여 주위보다 단단해진 덩어리를 말하고· 홍조단괴는 홍조식물이 핵을 중심으로 자라면서 조류(潮流)나 파도로 인해 구르고 뒤집히기를 반복함으로써 생기는 동심원 꼴의 돌덩이를 일컫는다. 우도의 홍조단괴는 물 속에서 광합성을 통해 성장하는 홍조식물이 단괴에 달라붙어 붉은 색을 띤다. 세계 여러 지역에서 흔히 발견되는 암초 주변의 홍조단괴와 달리 홍조단괴가 해빈의 퇴적물을 이루는 독특한 모양을 하고 있다. 해빈의 길이는 약 300m· 너비는 약 15m이며· 우도의 다른 지역에 분포하는 검은색 현무암과는 아주 대조적인 모습을 보여준다.,064-710-2114,제주특별자치도청,2022-12-01
1030,화북비석거리,문화유적,관광지,,제주특별자치도 제주시 화북1동 4008,33.415196,126.893789,,,관광호텔+가족호텔,,0,,예전 육지에서 제주로 들어오는 첫 관문인 화북포구에는 제주목사나 판관· 조방장 등의 지방관리들이 부임하거나 떠나며· 자신의 공적을 기념하고자 많은 비를 세웠는데 현재도 13개의 비석이 이곳에 남아 있다. 비석거리 앞 해안가에는 삼별초의 입도를 막기위해 해안선 3백리에 걸쳐 쌓은 환해장성이 있고 화북포구에는 해상안전을 기원하기 위해 만들어진 지방기념물 22호로 지정된 해신사가 있다. 비석거리에 서면 제주에 부임했던 조선시대 관리들의 발자국이 바다로 이어진 듯 한데 비석 하나하나마다 수백 년 세월에도 잊혀지지 않는 당시 사람들의 마음이 숨쉬고 있는 듯한 인상을 준다.,064-794-2940,제주관광공사,2022-12-01
1031,화북환해장성,문화유적,관광지,,제주특별자치도 제주시 화북동,33.509932,126.480611,,,관광호텔+가족호텔,,0,,화북환해장성은 고려 원종 11년에 삼별초가 섬으로 들어오는 것을 막기 위하여 해안선 300여 리에 걸쳐 쌓은 환해장성의 흔적이 남아있는 곳이다. 삼별초가 제주를 점령하는 것을 저지하려는 목적에서 축조되었지만· 이후에는 오히려 여몽연합군의 공격을 방어하는 용도로 바뀌며 계속해서 축조되었다.,064-794-2940,제주관광공사,2022-12-01
1032,화순곶자왈생태탐방숲길,자연,관광지,,,33.264614,126.33123,19484,,펜션,,4236,,곶자왈은 화산활동으로 생긴 바윗덩어리들이 쪼개져 만들어진 요철 지형의 숲으로· 제주도에만 존재한다. 독특한 지형이 구간마다 다른 기후대를 형성하여· 같은 숲 안에 다양한 기후 대의 식물이 공존하는 특이한 생태계를 보인다. 그중 하 나인 화순곶자왈도 하나의 숲에서 북방한계식물과 남방한계식물을 동시에 관찰할 수 곳이다. 총 9km에 걸쳐 분포하나· 기본 코스의 경우 보통 걸음으로 30~40분이며 한 바퀴를 다 둘러볼 수 있다. 세계적으로 희귀한 동식물 50여종이 서식하고 있다.,064-794-9008,제주특별자치도청,2022-12-01
1033,화순금모래해수욕장,자연,관광지,,제주특별자치도 서귀포시 안덕면 화순리 776-8,33.239594,126.33577,21531,주차장,관광호텔+가족호텔,,4681,,화순금모래해수욕장은 옆으로는 소금막 해변 백사장이 넓게 펼쳐져 있고 뒤로는 산방산이 서있으며· 앞으로는 가파도· 마라도· 형제섬 등이 한눈에 펼쳐져· 마치 동양의 산수화를 연상케 할만큼 아름다운 해변이다. 해수욕장의 모래는 검은 빛으로 부드럽고 고운편이며 여름이면 바로 옆에 야외수영장이 설치되어 해수욕과 담수욕을 동시에 즐길 수 있다. 야외수영장은 일년 내내 낮은 온도를 유지하는 용천수를 사용해 물이 무척 시원하며 슬라이딩 미끄럼틀 등의 기구를 설치해 아이들과 함께 물놀이 할 수 있다.,064-760-4372,제주특별자치도청,2022-12-01
1034,화순금모래해수욕장담수수영장,자연,관광지,,제주특별자치도 서귀포시 안덕면 화순리 776-8,33.239594,126.33577,,,가족호텔+펜션,,,,풍부한 용천수를 이용해 조성한 화순금모래해수욕장 담수수영장은 물이 차가울 뿐만 아니라 산방산과 용머리가 바라 보이는 위치에 자리 잡고 있다. 여름 시즌만 한시적으로 운영된다. 용천수를 활용한 풀장이어서 물이 차갑지만· 소금끼 없는 깨끗한 물에서 바다를 바라보며 물놀이를 즐길 수 있어 인기가 좋다. 풀장을 나와 바로 앞엔 화순금해수욕장이 있다.,064-760-4372,제주특별자치도청,2022-12-01
1035,화순리 유채꽃길,자연,관광지,,제주특별자치도 서귀포시 안덕면 화순리 1230-4,33.25176,126.33404,,,민박+펜션,,,,왕복 2차선의 비교적 조그마한 아스팔트 도로로· 대도로를 벗어나 마을과 마을을 이어주는 한적한 도로이기 때문에 차량들이 통행이 그리 많지 않아서 조용한 드라이브가 가능하다. 서귀포시 안덕면 화순리에 있는 곶자왈 지대를 가로지르고 있고· 도로 중간 지점에는 곶자왈 탐방로도 조성되어 있다.,064-740-6000,제주특별자치도청,2022-12-01
1036,화조원,기타,관광지,제주특별자치도 제주시 애월읍 애원로 804,,33.44313,126.338599,,,,,,,화조원은 바라보기만 하던 다양한 새들과· 다양한 소형 동물들을 직접 체험할 수 있는 공간이다. 체험 프로그램에는 제주특별자치도 유일의 매사냥 체험과 물새 먹이주기· 잉어 먹이주기· 토끼 먹이주기 등의 체험을 할 수 있다. 화조원 내에 올빼미 카페가 있어 음료를 마시며 올빼미를 가까이서 체험하고 기념품을 구매할 수 있다.,064-710-2114,제주특별자치도청,2022-12-01
1037,환상숲 곶자왈공원,자연,관광지,제주특별자치도 제주시 한경면 녹차분재로 594-1,,33.322342,126.26323,1975,주차장,리조트+호스텔+펜션+민박,,429,,곶자왈은 토속 제주어다. ‘곶’은 숲을 뜻하며· ‘자왈’은 나무나 덩굴이 얽히고 설킨 것을 말한다. 제주특별자치도 곳곳에는 이처럼 천연 그대로 우거진 곶자왈이 많다. 그 중 환상숲곶자왈은 한 가족의 사연이 있는 곳. 환상숲 안 쪽에 세워진 안내판에서 이런 글귀를 볼 수 있다. “마흔 일곱· 오른쪽 몸이 마비되었습니다. 사람 만나기 싫어서 들어 온 숲· 가장 낮아지고 약해졌을 때· 돌 틈에 뿌리 내리고 잘려도 또 자라는 나무를 만났습니다· 살아야 한다는 일념에 넘어지고 깨지며 왼손 만으로 길을 내기 시작했습니다. (생략)” 젊은 시절 닥친 뇌경색을 이겨내고 자랑스런 아버지로 살아 온 이 곳 대표의 이야기다. 정말 그 말처럼 공원 안을 산책하는 내내 신기하고 기괴한 형태의 풀과 나무들이 눈을 사로잡는다. 온통 엉겅퀴를 휘감은 나뭇가지· 여인이 엎드린 형상의 나무는 절반이 땅 속에 걸쳐 자랐고· 나이가 얼마나 오래 되었을지 모를 만큼 거대한 고목은 공룡의 발처럼 땅 위로 솟아 있다. 짧은 시간이지만 이 곳을 호흡하며 걷는 것만으로도 기운을 얻는 기분이다.,064-772-2488,제주특별자치도청,2022-12-01
1038,황금굴(한림공원),자연,관광지,,,33.387994,126.239784,14633,주차장+화장실,리조트+펜션+게스트하우스+민박,1908-09-15,3181,,황금굴은 협재굴· 소천굴· 쌍용굴(쌍룡굴)과 함께 제주도 용암동굴지대(천연기념물 236)를 이루는 곳이다. 내부 길이 약 180m이며 터널은 동서 양쪽으로 뻗어 있으며· 동쪽 터널은 약 50m 안쪽에서 패사로 매몰되었고· 서쪽 굴은 높이 2~3m· 너비 7~15m· 길이 100m 가량으로 그 끝이 패사로 매몰되어 있으나· 주향(走向)으로 보아 쌍룡굴과 연결되는 듯하다. 천장면에는 무수히 많은 수근(樹根) 종유관이 밀집해 달려 있으며· 그 주위에는 현무암이 검게 나타나 있어 이색적이다. 천장에서 낙하한 석회분 용해수가 바닥의 패사와 함께 응고되어 잉크병같이 오목오목한 구멍이 패여 있고· 그 표면도 석회 피복이 되어 있다. 동굴벽이나 바닥에는 용암석순· 동굴포도· 콩알돌 등이 발달해 있어 종유동굴을 방불케 한다. 완벽하리만큼 원형 보존이 잘 되어 있고 용암굴로서는 희귀한 동굴이라 비공개 영구보존 동굴로 지정 보호되고 있다.,064-796-0001,제주특별자치도청,2022-12-01
1039,황우럭만화천국사회적협동조합,기타,관광지,제주특별자치도 제주시 한림읍 내동남길 7-3,,33.414267,126.266673,,,,,,,"황우럭만화천국사회적협동조합은 ""한림읍을 만화천국으로 만들자""는 비전을 가지고 황우럭 만화카페와 만화전시관· 만화 교실등을 운영하고 있으며· 지역주민들의 일상이 즐겁고 활력이 넘치는 삶이 되도록 힘쓰고 있다.",064-710-2114,제주특별자치도청,2022-12-01
1040,황우지해안,자연,관광지,,제주특별자치도 서귀포시 서홍동 766-1,33.241566,126.54981,8621,,펜션+호텔,,1874,,황우지해안은 제주도의 대표적인 관광 명소인 외돌개에서 도보로 5분이면 닿는 거리에 있다. 평소에도 수많은 관광객이 들락거리지만 검은 현무암이 요새처럼 둘러 쳐진 황우지해안은 마음먹고 찾지 않는 이상 쉽게 눈에 띄지 않는다. 올레 7코스 시작점 표식 사이로 난 길을 따라 내려가면 황우지해안 전적비가 서 있는 바닷가 절벽에 닿는다.,064-760-4601,제주특별자치도청,2022-12-01
1041,황우지해안 열두굴,자연,관광지,,제주특별자치도 서귀포시 서홍동 764-1,33.23915,126.54786,8621,,게스트하우스+펜션,,1874,,제2차 세계대전 시 일본군이 미군의 공격을 대비해 어뢰정을 숨기기 위해 만들어 놓은 12개의 인공굴이다.,064-733-1534,제주특별자치도청,2022-12-01
1042,효명사,자연,관광지,,제주특별자치도 서귀포시 남원읍 516로 815-41,33.342037,126.588421,460,,펜션+민박+여관,,100,,한라산 중턱에 위치한 소박한 사찰,064-733-4950,제주특별자치도청,2022-12-01
1043,후포해변,자연,관광지,,,33.962368,126.289403,,,호텔+펜션+게스트하우스+민박,,,,탈의실과 편의시설을 갖춘 작은 휴양지,064-740-6000,제주특별자치도청,2022-12-01
1044,훈데르트바서파크,기타,관광지,제주특별자치도 제주시 우도면 우도해안길 32-12,,33.507434,126.954269,,,,,,,훈데르트바서파크는 오스트리아 3대 화가이자 환경 운동가· 건축 치료사 ‘훈데르트바서' 의 예술과 건축 철학이 담긴 테마파크다.,064-710-2114,제주특별자치도청,2022-12-01
1045,휴애리 매화축제,축제,관광지,,,33.308964,126.633806,52942,주차장,게스트하우스+관광호텔,,11509,50,매화 꽃 향기와 함께 봄의 시작을 알리는 제주특별자치도 대표 봄 축제,064-732-2114,제주특별자치도청,2022-12-01
1046,휴애리 자연생활공원,생태공원,관광지,제주특별자치도 서귀포시 남원읍 신례동로 256,제주특별자치도 제주시 우도면 연평리 24731,33.308757,126.633794,46000,공용주차장+현금결제+카드결제+화장실+무료 WIFI+편의점+음료대+유도 및 안내시설+경보 및 피난시설+임산부 휴게시설,호텔+펜션+게스트하우스,,10000,,자연속 동·식물들과 교감이 있는 체험형 자연생활공원,064-762-2190,㈜휴에리,2022-12-01
1047,흙불은오름,자연,관광지,,제주특별자치도 제주시 아라일동 산 67-18,33.379673,126.560142,721090,,관광호텔+가족호텔,,,,제주특별자치도 힐링여행의 명소· 붉은오름,064-740-6000,제주관광정보센터,2022-12-01
