주차장관리번호,주차장명,주차장구분,주차장유형,주소,주차구획수,급지구분,부제시행구분,운영요일,평일운영시작시각,평일운영종료시각,토요일운영시작시각,토요일운영종료시각,공휴일운영시작시각,공휴일운영종료시각,요금정보,주차기본시간,주차기본요금,추가단위시간,추가단위요금,관리기관명,위도,경도
405-1-000001,시청 앞 공영주차장,공영,노상,"제주특별자치도 제주시 이도2동 1176-1,2",24,1,미시행,평일,9:00,18:00,0:00,0:00,0:00,0:00,유료,30,1000,15,500,제주특별자치도 제주시청,33.4909191,126.5341622
405-1-000002,동문재래노상 공영주차장,공영,노상,제주특별자치도 제주시 일도1동 1491-1,91,1,미시행,평일+토요일+공휴일,9:00,18:00,9:00,18:00,9:00,18:00,유료,30,1000,15,500,제주특별자치도 제주시청,33.5130207,126.5272881
405-1-000003,도청 서측 공영주차장,공영,노상,제주특별자치도 제주시 연동 312,29,1,미시행,평일,9:00,18:00,0:00,0:00,0:00,0:00,유료,30,1000,15,500,제주특별자치도 제주시청,33.4880329,126.4978317
405-1-000004,노형오거리 공영주차장,공영,노상,제주특별자치도 제주시 노형동 1297-5,102,1,미시행,평일,9:00,18:00,0:00,0:00,0:00,0:00,유료,30,1000,15,500,제주특별자치도 제주시청,33.487537,126.4787914
405-1-000005,산지로 공영주차장,공영,노상,제주특별자치도 제주시 산지로 7,16,1,미시행,평일,9:00,18:00,0:00,0:00,0:00,0:00,유료,30,1000,15,500,제주특별자치도 제주시청,33.5158954,126.5304318
405-1-000006,원노형10길 공영주차장,공영,노상,제주특별자치도 제주시 노형동 952,13,1,미시행,평일,9:00,18:00,0:00,0:00,0:00,0:00,유료,30,1000,15,500,제주특별자치도 제주시청,33.4841959,126.4855208
405-1-000007,원노형푸른 제2 공영주차장,공영,노상,제주특별자치도 제주시 노형동 767,92,1,미시행,평일,9:00,18:00,0:00,0:00,0:00,0:00,유료,30,1000,15,500,제주특별자치도 제주시청,33.4802917,126.4847413
405-2-000008,동문공설 공영주차장,공영,노외,제주특별자치도 제주시 일도1동 1103,253,1,미시행,평일+토요일+공휴일,9:00,22:00,9:00,22:00,9:00,22:00,유료,30,1000,15,500,제주특별자치도 제주시청,33.5130207,126.5272881
405-2-000009,노형 제2 공영주차장,공영,노외,제주특별자치도 제주시 노형동 1290-3,140,1,미시행,평일,9:00,18:00,0:00,0:00,0:00,0:00,유료,30,1000,15,500,제주특별자치도 제주시청,33.487313,126.4798306
405-2-000010,동문재래 공영주차장,공영,노외,제주특별자치도 제주시 이도1동 1330-5,124,1,미시행,평일+토요일+공휴일,9:00,22:00,9:00,22:00,9:00,22:00,유료,30,1000,15,500,제주특별자치도 제주시청,33.5060359,126.5275776
405-2-000011,법원 북측 공영주차장,공영,노외,제주특별자치도 제주시 이도2동 1066,91,1,미시행,평일,9:00,18:00,0:00,0:00,0:00,0:00,유료,30,1000,15,500,제주특별자치도 제주시청,33.4909191,126.5341622
405-2-000012,신제주 공영주차장,공영,노외,제주특별자치도 제주시 연동 272-31,491,1,미시행,평일+토요일+공휴일,12:00,22:00,12:00,22:00,12:00,22:00,유료,30,1000,15,500,제주특별자치도 제주시청,33.4890539,126.4914878
405-2-000013,인제 공영주차장,공영,노외,제주특별자치도 제주시 일도2동 409-11,124,1,미시행,평일,12:00,21:00,0:00,0:00,0:00,0:00,유료,30,1000,15,500,제주특별자치도 제주시청,33.5061057,126.541256
405-2-000014,칠성골 공영주차장,공영,노외,제주특별자치도 제주시 삼도2동 1192-8,73,1,미시행,평일+토요일+공휴일,12:00,21:00,12:00,21:00,12:00,21:00,유료,30,1000,15,500,제주특별자치도 제주시청,33.5120406,126.5215055
405-2-000015,이도2동 공영주차장,공영,노외,제주특별자치도 제주시 이도2동 1052-2,150,1,미시행,평일,9:00,18:00,0:00,0:00,0:00,0:00,유료,30,1000,15,500,제주특별자치도 제주시청,33.4909191,126.5341622
405-2-000016,북수구 공영주차장,공영,노외,제주특별자치도 제주시 일도1동 1225 외 24필지,49,1,미시행,평일+토요일+공휴일,9:00,22:00,9:00,22:00,9:00,22:00,유료,30,1000,15,500,제주특별자치도 제주시청,33.5130207,126.5272881
405-2-000017,산짓물 공영주차장,공영,노외,제주특별자치도 제주시 건입동 1328 외 30필지,71,1,미시행,평일+토요일+공휴일,9:00,22:00,9:00,22:00,9:00,22:00,유료,30,1000,15,500,제주특별자치도 제주시청,33.5159832,126.5289551
405-2-000018,노형 정존 공영주차장,공영,노외,제주특별자치도 제주시 노형동 2612-2,161,1,미시행,평일,9:00,18:00,0:00,0:00,0:00,0:00,유료,30,1000,15,500,제주특별자치도 제주시청,33.4854921,126.4747803
405-2-000019,도남 공영주차장,공영,노외,제주특별자치도 제주시 도남동 574-3,123,1,미시행,평일,9:00,18:00,0:00,0:00,0:00,0:00,유료,30,1000,15,500,제주특별자치도 제주시청,33.4904339,126.5200974
405-2-000020,외도동 제1 공영주차장,공영,노외,제주특별자치도 제주시 외도1동 559-1,193,1,미시행,평일,9:00,18:00,0:00,0:00,0:00,0:00,유료,30,1000,15,500,제주특별자치도 제주시청,33.4867397,126.4317617
405-2-000021,한림 상두거리 공영주차장,공영,노외,제주특별자치도 제주시 한림리 1198-3·4,124,1,미시행,평일,9:00,18:00,0:00,0:00,0:00,0:00,유료,30,1000,15,500,제주특별자치도 제주시청,33.4124656,126.2653043
405-2-000022,중앙로상점가 공영주차장,공영,노외,제주특별자치도 제주시 이도1동 1492-1,67,1,미시행,평일,9:00,18:00,0:00,0:00,0:00,0:00,유료,30,1000,15,500,제주특별자치도 제주시청,33.5060359,126.5275776
405-2-000023,아란길 공영주차장,공영,노외,제주특별자치도 제주시 아라1동 6093-4,54,1,미시행,평일,9:00,18:00,0:00,0:00,0:00,0:00,유료,30,1000,15,500,제주특별자치도 제주시청,33.4736777,126.5447736
405-2-000024,연화로 공영주차장,공영,노외,제주특별자치도 제주시 연동 1519-2,98,1,미시행,평일,9:00,18:00,0:00,0:00,0:00,0:00,유료,30,1000,15,500,제주특별자치도 제주시청,33.4776633,126.4892887
405-2-000025,노형 제5 공영주차장,공영,노외,제주특별자치도 제주시 노형동 3793,136,1,미시행,평일,9:00,18:00,0:00,0:00,0:00,0:00,유료,30,1000,15,500,제주특별자치도 제주시청,33.4833003,126.476851
405-2-000026,정든로 공영주차장,공영,노외,제주특별자치도 제주시 이도2동 429-7,62,1,미시행,평일,9:00,18:00,0:00,0:00,0:00,0:00,유료,30,1000,15,500,제주특별자치도 제주시청,33.4909191,126.5341622
405-2-000027,동광 공영주차장,공영,노외,제주특별자치도 제주시 일도2동 82-8,71,1,미시행,평일,9:00,18:00,0:00,0:00,0:00,0:00,유료,30,1000,15,500,제주특별자치도 제주시청,33.5061057,126.541256
405-2-000028,화북일동 공영주차장,공영,노외,제주특별자치도 제주시 화북1동 2130-6,100,1,미시행,평일,9:00,18:00,0:00,0:00,0:00,0:00,유료,30,1000,15,500,제주특별자치도 제주시청,33.5141133,126.5631438
405-2-000029,동광 제2 공영주차장,공영,노외,제주특별자치도 제주시 일도2동 112,90,1,미시행,평일,9:00,18:00,0:00,0:00,0:00,0:00,유료,30,1000,15,500,제주특별자치도 제주시청,33.5061057,126.541256
405-2-000030,노형 제3 공영주차장,공영,노외,제주특별자치도 제주시 노형동 1043-1,123,1,미시행,평일,9:00,18:00,0:00,0:00,0:00,0:00,유료,30,1000,15,500,제주특별자치도 제주시청,33.4896065,126.4765084
405-2-000031,고산동산 공영주차장,공영,노외,제주특별자치도 제주시 이도이동 1012-10,50,1,미시행,평일,9:00,18:00,0:00,0:00,0:00,0:00,유료,30,1000,15,500,제주특별자치도 제주시청,33.4956652,126.5314225
405-2-000032,공항입구 공영주차장,공영,노외,제주특별자치도 제주시 용담2동 1611-2,208,1,미시행,평일+토요일+공휴일,0:00,23:59,0:00,23:59,0:00,23:59,유료,30,1000,15,500,제주특별자치도 제주시청,33.5084457,126.4990864
405-2-000033,광양초 서측 공영주차장,공영,노외,제주특별자치도 제주시 이도1동 1257-4,46,1,미시행,평일,9:00,18:00,0:00,0:00,0:00,0:00,유료,30,1000,15,500,제주특별자치도 제주시청,33.5060359,126.5275776
405-2-000034,성신로 공영주차장,공영,노외,제주특별자치도 제주시 연동 2322-7,60,1,미시행,평일,9:00,18:00,0:00,0:00,0:00,0:00,유료,30,1000,15,500,제주특별자치도 제주시청,33.4910517,126.486035
405-2-000035,용두암 공영주차장,공영,노외,제주특별자치도 제주시 용담2동 483,62,1,미시행,평일+토요일+공휴일,9:00,18:00,9:00,18:00,9:00,18:00,유료,30,1000,15,500,제주특별자치도 제주시청,33.5084457,126.4990864
405-2-000036,탑동 제1 공영주차장,공영,노외,제주특별자치도 제주시 삼도이동 1263,66,1,미시행,평일,9:00,18:00,0:00,0:00,0:00,0:00,유료,30,1000,15,500,제주특별자치도 제주시청,33.5172685,126.5241739
405-2-000037,탑동 제2 공영주차장,공영,노외,제주특별자치도 제주시 삼도이동 1257,74,1,미시행,평일+토요일+공휴일,0:00,23:59,0:00,23:59,0:00,23:59,무료,0,0,0,0,제주특별자치도 제주시청,33.5183167,126.5198367
405-2-000038,관덕정 서측 공영주차장,공영,노외,제주특별자치도 제주시 삼도이동 1024,37,1,미시행,평일,9:00,18:00,0:00,0:00,0:00,0:00,유료,30,1000,15,500,제주특별자치도 제주시청,33.5134871,126.5206769
405-2-000039,노형 제1 공영주차장,공영,노외,제주특별자치도 제주시 노형동 1282-1,64,1,미시행,평일,9:00,18:00,0:00,0:00,0:00,0:00,유료,30,1000,15,500,제주특별자치도 제주시청,33.4863798,126.4777258
405-2-000040,노형 제4 공영주차장,공영,노외,제주특별자치도 제주시 노형동 2580-1,46,1,미시행,평일,9:00,18:00,0:00,0:00,0:00,0:00,유료,30,1000,15,500,제주특별자치도 제주시청,33.4889702,126.4750284
405-2-000041,성내 공영주차장,공영,노외,제주특별자치도 제주시 삼도2동 839,35,1,미시행,평일,9:00,18:00,0:00,0:00,0:00,0:00,유료,30,1000,15,500,제주특별자치도 제주시청,33.5120406,126.5215055
405-2-000042,모로왓 제1 공영주차장,공영,노외,"제주특별자치도 제주시 일도2동 488-1,2",120,1,미시행,평일,9:00,18:00,0:00,0:00,0:00,0:00,유료,30,1000,15,500,제주특별자치도 제주시청,33.5061057,126.541256
405-2-000043,모로왓 제2 공영주차장,공영,노외,"제주특별자치도 제주시 일도2동 510,511",133,1,미시행,평일,9:00,18:00,0:00,0:00,0:00,0:00,유료,30,1000,15,500,제주특별자치도 제주시청,33.5061057,126.541256
405-2-000044,웅전 공영주차장,공영,노외,"제주특별자치도 제주시 노형동 2517-1,2",80,1,미시행,평일,9:00,18:00,0:00,0:00,0:00,0:00,유료,30,1000,15,500,제주특별자치도 제주시청,33.4825025,126.4718951
405-2-000045,종남 공영주차장,공영,노외,"제주특별자치도 제주시 노형동 2512-1,2",62,1,미시행,평일,9:00,18:00,0:00,0:00,0:00,0:00,유료,30,1000,15,500,제주특별자치도 제주시청,33.484161,126.4714398
405-2-000046,수덕 공영주차장,공영,노외,제주특별자치도 제주시 노형동 2534-3,48,1,미시행,평일,9:00,18:00,0:00,0:00,0:00,0:00,유료,30,1000,15,500,제주특별자치도 제주시청,33.4836312,126.4742853
405-2-000047,서가름 공영주차장,공영,노외,제주특별자치도 제주시 노형동 2575-1,40,1,미시행,평일,9:00,18:00,0:00,0:00,0:00,0:00,유료,30,1000,15,500,제주특별자치도 제주시청,33.4906197,126.4731589
405-2-000048,초남 공영주차장,공영,노외,제주특별자치도 제주시 노형동 3782,57,1,미시행,평일,9:00,18:00,0:00,0:00,0:00,0:00,유료,30,1000,15,500,제주특별자치도 제주시청,33.4841613,126.4786503
405-2-000049,원노형 푸른 제3 공영주차장,공영,노외,"제주특별자치도 제주시 노형동 740-2,3",44,1,미시행,평일,9:00,18:00,0:00,0:00,0:00,0:00,유료,30,1000,15,500,제주특별자치도 제주시청,33.4791824,126.4817166
405-2-000050,원노형 푸른 제4 공영주차장,공영,노외,제주특별자치도 제주시 노형동 751,30,1,미시행,평일,9:00,18:00,0:00,0:00,0:00,0:00,유료,30,1000,15,500,제주특별자치도 제주시청,33.4778516,126.4797122
405-2-000051,원노형 푸른 제5 공영주차장,공영,노외,제주특별자치도 제주시 노형동 736,41,1,미시행,평일,9:00,18:00,0:00,0:00,0:00,0:00,유료,30,1000,15,500,제주특별자치도 제주시청,33.4788671,126.4798782
405-2-000052,연동 국기로 제1 공영주차장,공영,노외,제주특별자치도 제주시 연동 1517,30,1,미시행,평일,9:00,18:00,0:00,0:00,0:00,0:00,유료,30,1000,15,500,제주특별자치도 제주시청,33.4783637,126.4903445
405-2-000053,연동 국기로 제2 공영주차장,공영,노외,제주특별자치도 제주시 연동 1499,26,1,미시행,평일,9:00,18:00,0:00,0:00,0:00,0:00,유료,30,1000,15,500,제주특별자치도 제주시청,33.4786639,126.4905851
405-2-000054,신성로 10길 공영주차장,공영,노외,제주특별자치도 제주시 도남동 87-8,166,1,미시행,평일,9:00,18:00,0:00,0:00,0:00,0:00,유료,30,1000,15,500,제주특별자치도 제주시청,33.4958226,126.5295655
405-2-000055,이도2동 중앙 공영주차장,공영,노외,제주특별자치도 제주시 이도2동 1982-15·17,33,1,미시행,평일,9:00,18:00,0:00,0:00,0:00,0:00,유료,30,1000,15,500,제주특별자치도 제주시청,33.4909191,126.5341622
405-2-000056,연동 도령북길 공영주차장,공영,노외,제주특별자치도 제주시 연동 2305-7,26,1,미시행,평일,9:00,18:00,0:00,0:00,0:00,0:00,유료,30,1000,15,500,제주특별자치도 제주시청,33.4933753,126.4872617
405-2-000057,오복1길 공영주차장,공영,노외,제주특별자치도 제주시 이도2동 1035-4,36,1,미시행,평일,9:00,18:00,0:00,0:00,0:00,0:00,유료,30,1000,15,500,제주특별자치도 제주시청,33.4909191,126.5341622
405-2-000058,도남로 15길 공영주차장,공영,노외,제주특별자치도 제주시 도남로 65-3,35,1,미시행,평일,9:00,18:00,0:00,0:00,0:00,0:00,유료,30,1000,15,500,제주특별자치도 제주시청,33.4945035,126.5279156
405-2-000059,아라 신설로4길 제1 공영주차장,공영,노외,제주특별자치도 제주시 아라2동 3002-1,20,1,미시행,평일,9:00,18:00,0:00,0:00,0:00,0:00,유료,30,1000,15,500,제주특별자치도 제주시청,33.4935595,126.542469
405-2-000060,아라 신설로4길 제2 공영주차장,공영,노외,제주특별자치도 제주시 아라2동 3002-9,19,1,미시행,평일,9:00,18:00,0:00,0:00,0:00,0:00,유료,30,1000,15,500,제주특별자치도 제주시청,33.4926974,126.5432948
405-2-000061,도련 공영주차장,공영,노외,제주특별자치도 제주시 도련1동 1642,60,1,미시행,평일,9:00,18:00,0:00,0:00,0:00,0:00,유료,30,1000,15,500,제주특별자치도 제주시청,33.5076737,126.5881116
405-2-000062,남광북1길 공영주차장,공영,노외,제주특별자치도 제주시 이도2동 1063-12,19,1,미시행,평일,9:00,18:00,0:00,0:00,0:00,0:00,유료,30,1000,15,500,제주특별자치도 제주시청,33.4909191,126.5341622
405-2-000063,아라동 주민센터 공영주차장,공영,노외,제주특별자치도 제주시 아라1동 6103-6,25,1,미시행,평일,9:00,18:00,0:00,0:00,0:00,0:00,유료,30,1000,15,500,제주특별자치도 제주시청,33.4763041,126.5449296
405-2-000064,도남동 664-6 공영주차장,공영,노외,제주특별자치도 제주시 도남동 664-6,32,1,미시행,평일,9:00,18:00,0:00,0:00,0:00,0:00,유료,30,1000,15,500,제주특별자치도 제주시청,33.490485,126.5270966
405-2-000065,아라1동 6111 공영주차장,공영,노외,제주특별자치도 제주시 아라1동 6111,42,1,미시행,평일,9:00,18:00,0:00,0:00,0:00,0:00,유료,30,1000,15,500,제주특별자치도 제주시청,33.4764413,126.5486985
405-2-000066,삼도1동 560-2 공영주차장,공영,노외,제주특별자치도 제주시 삼도1동 560-2,31,1,미시행,평일,9:00,18:00,0:00,0:00,0:00,0:00,유료,30,1000,15,500,제주특별자치도 제주시청,33.5030958,126.5198099
405-2-000067,이도1동 1696-9 공영주차장,공영,노외,제주특별자치도 제주시 이도1동 1696-9,12,1,미시행,평일,9:00,18:00,0:00,0:00,0:00,0:00,유료,30,1000,15,500,제주특별자치도 제주시청,33.5060359,126.5275776
405-2-000068,용담로18길 공영주차장,공영,노외,제주특별자치도 제주시 용담1동 244-10,7,1,미시행,평일,9:00,18:00,0:00,0:00,0:00,0:00,유료,30,1000,15,500,제주특별자치도 제주시청,33.5081637,126.5150147
405-2-000069,용화마을 공영주차장,공영,노외,제주특별자치도 제주시 용담2동 655-2,28,1,미시행,평일,9:00,18:00,0:00,0:00,0:00,0:00,유료,30,1000,15,500,제주특별자치도 제주시청,33.5084457,126.4990864
405-2-000070,이도2동 1999-1 공영주차장,공영,노외,제주특별자치도 제주시 이도2동 1999-1,34,1,미시행,평일,9:00,18:00,0:00,0:00,0:00,0:00,유료,30,1000,15,500,제주특별자치도 제주시청,33.4909191,126.5341622
405-2-000071,이도2동 2008-1 공영주차장,공영,노외,제주특별자치도 제주시 이도2동 2008-1,30,1,미시행,평일,9:00,18:00,0:00,0:00,0:00,0:00,유료,30,1000,15,500,제주특별자치도 제주시청,33.4909191,126.5341622
405-2-000072,이도2동 2017-1 공영주차장,공영,노외,제주특별자치도 제주시 이도2동 2017-1,29,1,미시행,평일,9:00,18:00,0:00,0:00,0:00,0:00,유료,30,1000,15,500,제주특별자치도 제주시청,33.4909191,126.5341622
405-2-000073,삼도1동 500-14 공영주차장,공영,노외,제주특별자치도 제주시 삼도1동 500-14,26,1,미시행,평일,9:00,18:00,0:00,0:00,0:00,0:00,유료,30,1000,15,500,제주특별자치도 제주시청,33.5030958,126.5198099
405-2-000074,연동 1458-2 공영주차장,공영,노외,제주특별자치도 제주시 연동 1458-2,17,1,미시행,평일,9:00,18:00,0:00,0:00,0:00,0:00,유료,30,1000,15,500,제주특별자치도 제주시청,33.4811719,126.4907788
405-2-000075,노형동 3812-3 공영주차장,공영,노외,제주특별자치도 제주시 노형동 3812-3,47,1,미시행,평일,9:00,18:00,0:00,0:00,0:00,0:00,유료,30,1000,15,500,제주특별자치도 제주시청,33.4788467,126.4762021
405-2-000076,노형동 2589-1 공영주차장,공영,노외,제주특별자치도 제주시 노형동 2589-1,26,1,미시행,평일,9:00,18:00,0:00,0:00,0:00,0:00,유료,30,1000,15,500,제주특별자치도 제주시청,33.4835652,126.4701044
405-2-000077,노형동 1047-1 공영주차장,공영,노외,제주특별자치도 제주시 노형동 1047-1,32,1,미시행,평일+토요일+공휴일,9:00,22:00,9:00,22:00,9:00,22:00,유료,30,1000,15,500,제주특별자치도 제주시청,33.4914574,126.4795842
405-2-000078,사평 제1 공영주차장,공영,노외,제주특별자치도 제주시 오라2동 1326,18,1,미시행,평일,9:00,18:00,0:00,0:00,0:00,0:00,유료,30,1000,15,500,제주특별자치도 제주시청,33.4915982,126.5119414
405-2-000079,거로 공영주차장,공영,노외,제주특별자치도 제주시 화북2동 3491-2,20,1,미시행,평일,9:00,18:00,0:00,0:00,0:00,0:00,유료,30,1000,15,500,제주특별자치도 제주시청,33.5100923,126.5626642
405-2-000080,노형동 947 남측 공영주차장,공영,노외,제주특별자치도 제주시 노형동 947,42,1,미시행,평일,9:00,18:00,0:00,0:00,0:00,0:00,유료,30,1000,15,500,제주특별자치도 제주시청,33.4859158,126.4859869
405-2-000081,노형동 947 북측 공영주차장,공영,노외,제주특별자치도 제주시 노형동 947,28,1,미시행,평일,9:00,18:00,0:00,0:00,0:00,0:00,유료,30,1000,15,500,제주특별자치도 제주시청,33.4859158,126.4859869
405-2-000082,노형동 1293-2 공영주차장,공영,노외,제주특별자치도 제주시 노형동 1293-2,22,1,미시행,평일,9:00,18:00,0:00,0:00,0:00,0:00,유료,30,1000,15,500,제주특별자치도 제주시청,33.488692,126.4823889
405-2-000083,외도1동 440-7 공영주차장,공영,노외,제주특별자치도 제주시 외도1동 440-7,37,1,미시행,평일,9:00,18:00,0:00,0:00,0:00,0:00,유료,30,1000,15,500,제주특별자치도 제주시청,33.4906039,126.428533
405-2-000084,외도1동 448-3 공영주차장,공영,노외,제주특별자치도 제주시 외도1동 448-3,44,1,미시행,평일,9:00,18:00,0:00,0:00,0:00,0:00,유료,30,1000,15,500,제주특별자치도 제주시청,33.4917532,126.4322426
405-2-000085,노형동 2595-7 공영주차장,공영,노외,제주특별자치도 제주시 노형동 2595-7,25,1,미시행,평일,9:00,18:00,0:00,0:00,0:00,0:00,유료,30,1000,15,500,제주특별자치도 제주시청,33.481813,126.4720226
405-2-000086,도두1동 2630 공영주차장,공영,노외,제주특별자치도 제주시 도두1동 2630,23,1,미시행,평일,9:00,18:00,0:00,0:00,0:00,0:00,유료,30,1000,15,500,제주특별자치도 제주시청,33.5060688,126.4654295
405-2-000087,병문천 공영주차장,공영,노외,제주특별자치도 제주시 삼도2동 1227-7,58,1,미시행,평일+토요일,9:00,19:00,9:00,19:00,0:00,0:00,유료,30,1000,15,500,제주특별자치도 제주시청,33.5120406,126.5215055
405-2-000088,칠성상가1 공영주차장,공영,노외,제주특별자치도 제주시 일도1동 1476-1,19,1,미시행,평일+토요일+공휴일,10:00,21:00,10:00,21:00,10:00,21:00,유료,30,1000,15,500,제주특별자치도 제주시청,33.5130207,126.5272881
405-2-000089,칠성상가2 공영주차장,공영,노외,제주특별자치도 제주시 일도1동 1401-13,14,1,미시행,평일+토요일+공휴일,10:00,21:00,10:00,21:00,10:00,21:00,유료,30,1000,15,500,제주특별자치도 제주시청,33.5130207,126.5272881
405-2-000090,동문수산시장 공영주차장,공영,노외,제주특별자치도 제주시 이도1동 1348-1,20,1,미시행,평일,9:00,18:00,0:00,0:00,0:00,0:00,유료,30,1000,15,500,제주특별자치도 제주시청,33.5060359,126.5275776
405-2-000091,월랑마을 제1 공영주차장,공영,노외,제주특별자치도 제주시 노형동 1289-4,28,1,미시행,평일,9:00,18:00,0:00,0:00,0:00,0:00,유료,30,1000,15,500,제주특별자치도 제주시청,33.4867679,126.4789663
405-2-000092,월랑마을 제2 공영주차장,공영,노외,제주특별자치도 제주시 노형동 1280-4,17,1,미시행,평일,9:00,18:00,0:00,0:00,0:00,0:00,유료,30,1000,15,500,제주특별자치도 제주시청,33.4869677,126.4786646
405-2-000093,노형로 공영주차장,공영,노외,제주특별자치도 제주시 노형동 3780,41,1,미시행,평일,9:00,18:00,0:00,0:00,0:00,0:00,유료,30,1000,15,500,제주특별자치도 제주시청,33.4849514,126.4782104
405-2-000094,노형동 3792 공영주차장,공영,노외,제주특별자치도 제주시 노형동 3792,14,1,미시행,평일,9:00,18:00,0:00,0:00,0:00,0:00,유료,30,1000,15,500,제주특별자치도 제주시청,33.4830152,126.4778572
405-2-000095,일도2동 1032-4 공영주차장,공영,노외,"제주특별자치도 제주시 일도2동 1032-4,5",21,1,미시행,평일,9:00,18:00,0:00,0:00,0:00,0:00,유료,30,1000,15,500,제주특별자치도 제주시청,33.5061057,126.541256
405-2-000096,노형동 726-3 공영주차장,공영,노외,제주특별자치도 제주시 노형동 726-3,19,1,미시행,평일,9:00,18:00,0:00,0:00,0:00,0:00,유료,30,1000,15,500,제주특별자치도 제주시청,33.4815897,126.4868756
405-2-000097,오라1동2440-12 공영주차장,공영,노외,제주특별자치도 제주시 오라1동 2440-12,14,1,미시행,평일,9:00,18:00,0:00,0:00,0:00,0:00,유료,30,1000,15,500,제주특별자치도 제주시청,33.4995944,126.5135557
405-2-000098,도남동748-15 공영주차장,공영,노외,제주특별자치도 제주시 도남동 748-15,10,1,미시행,평일,9:00,18:00,0:00,0:00,0:00,0:00,유료,30,1000,15,500,제주특별자치도 제주시청,33.4895449,126.5286024
405-2-000099,삼양1동1547-10 공영주차장,공영,노외,제주특별자치도 제주시 삼양1동 1547-10,19,1,미시행,평일,9:00,18:00,0:00,0:00,0:00,0:00,유료,30,1000,15,500,제주특별자치도 제주시청,33.5293477,126.5911145
405-2-000100,무근성 공영주차장,공영,노외,제주특별자치도 제주시 삼도2동 1159-9,40,1,미시행,평일,9:00,18:00,0:00,0:00,0:00,0:00,유료,30,1000,15,500,제주특별자치도 제주시청,33.5120406,126.5215055
405-2-000101,일도2동 152-41 공영주차장,공영,노외,제주특별자치도 제주시 일도2동 152-41,18,1,미시행,평일,9:00,18:00,0:00,0:00,0:00,0:00,유료,30,1000,15,500,제주특별자치도 제주시청,33.5061057,126.541256
405-2-000102,한림읍 공영주차장,공영,노외,제주특별자치도 제주시 한림읍 금능리 1428,13,1,미시행,평일+토요일+공휴일,0:00,23:59,0:00,23:59,0:00,23:59,무료,0,0,0,0,제주특별자치도 제주시청,33.3888985,126.2318892
405-2-000103,한림읍 공영주차장,공영,노외,제주특별자치도 제주시 한림읍 금능리 1537,23,1,미시행,평일+토요일+공휴일,0:00,23:59,0:00,23:59,0:00,23:59,무료,0,0,0,0,제주특별자치도 제주시청,33.3888815,126.2262901
405-2-000104,한림읍 공영주차장,공영,노외,제주특별자치도 제주시 한림읍 금능리 2016,85,1,미시행,평일+토요일+공휴일,0:00,23:59,0:00,23:59,0:00,23:59,무료,0,0,0,0,제주특별자치도 제주시청,33.3910236,126.2378621
405-2-000105,한림읍 공영주차장,공영,노외,제주특별자치도 제주시 한림읍 대림리 1717-2,207,1,미시행,평일+토요일+공휴일,0:00,23:59,0:00,23:59,0:00,23:59,무료,0,0,0,0,제주특별자치도 제주시청,33.4205169,126.2733986
405-2-000106,한림읍 공영주차장,공영,노외,제주특별자치도 제주시 한림읍 대림리 1820-32,4,1,미시행,평일+토요일+공휴일,0:00,23:59,0:00,23:59,0:00,23:59,무료,0,0,0,0,제주특별자치도 제주시청,33.4172086,126.2643171
405-2-000107,한림읍 공영주차장,공영,노외,제주특별자치도 제주시 한림읍 수원리 31-3,6,1,미시행,평일+토요일+공휴일,0:00,23:59,0:00,23:59,0:00,23:59,무료,0,0,0,0,제주특별자치도 제주시청,33.4260918,126.2694524
405-2-000108,한림읍 공영주차장,공영,노외,제주특별자치도 제주시 한림읍 수원리 572-2,8,1,미시행,평일+토요일+공휴일,0:00,23:59,0:00,23:59,0:00,23:59,무료,0,0,0,0,제주특별자치도 제주시청,33.4277063,126.2680684
405-2-000109,한림읍 공영주차장,공영,노외,제주특별자치도 제주시 한림읍 옹포리 125,36,1,미시행,평일+토요일+공휴일,0:00,23:59,0:00,23:59,0:00,23:59,무료,0,0,0,0,제주특별자치도 제주시청,33.4034903,126.2545262
405-2-000110,한림읍 공영주차장,공영,노외,제주특별자치도 제주시 한림읍 옹포리 239-1,21,1,미시행,평일+토요일+공휴일,0:00,23:59,0:00,23:59,0:00,23:59,무료,0,0,0,0,제주특별자치도 제주시청,33.4049901,126.2561885
405-2-000111,한림읍 공영주차장,공영,노외,제주특별자치도 제주시 한림읍 옹포리 295-11,29,1,미시행,평일+토요일+공휴일,0:00,23:59,0:00,23:59,0:00,23:59,무료,0,0,0,0,제주특별자치도 제주시청,33.4057919,126.257747
405-2-000112,한림읍 공영주차장,공영,노외,제주특별자치도 제주시 한림읍 옹포리 495-2,7,1,미시행,평일+토요일+공휴일,0:00,23:59,0:00,23:59,0:00,23:59,무료,0,0,0,0,제주특별자치도 제주시청,33.4047517,126.2516433
405-2-000113,한림읍 공영주차장,공영,노외,제주특별자치도 제주시 한림읍 옹포리 569,10,1,미시행,평일+토요일+공휴일,0:00,23:59,0:00,23:59,0:00,23:59,무료,0,0,0,0,제주특별자치도 제주시청,33.4036137,126.25168
405-2-000114,한림읍 공영주차장,공영,노외,제주특별자치도 제주시 한림읍 한림리 1011,12,1,미시행,평일+토요일+공휴일,0:00,23:59,0:00,23:59,0:00,23:59,무료,0,0,0,0,제주특별자치도 제주시청,33.4147762,126.2695329
405-2-000115,한림읍 공영주차장,공영,노외,제주특별자치도 제주시 한림읍 한림리 1028-1,12,1,미시행,평일+토요일+공휴일,0:00,23:59,0:00,23:59,0:00,23:59,무료,0,0,0,0,제주특별자치도 제주시청,33.4143088,126.2676123
405-2-000116,한림읍 공영주차장,공영,노외,"제주특별자치도 제주시 한림읍 한림리 1051-1, 1051-3",9,1,미시행,평일+토요일+공휴일,0:00,23:59,0:00,23:59,0:00,23:59,무료,0,0,0,0,제주특별자치도 제주시청,33.4139961,126.2662374
405-2-000117,한림읍 공영주차장,공영,노외,제주특별자치도 제주시 한림읍 한림리 1074-1,17,1,미시행,평일+토요일+공휴일,0:00,23:59,0:00,23:59,0:00,23:59,무료,0,0,0,0,제주특별자치도 제주시청,33.4144906,126.2650106
405-2-000118,한림읍 공영주차장,공영,노외,제주특별자치도 제주시 한림읍 한림리 1140-2,5,1,미시행,평일+토요일+공휴일,0:00,23:59,0:00,23:59,0:00,23:59,무료,0,0,0,0,제주특별자치도 제주시청,33.413456,126.2665402
405-2-000119,한림읍 공영주차장,공영,노외,제주특별자치도 제주시 한림읍 한림리 1194-2,14,1,미시행,평일+토요일+공휴일,0:00,23:59,0:00,23:59,0:00,23:59,무료,0,0,0,0,제주특별자치도 제주시청,33.4125162,126.2657031
405-2-000120,한림읍 공영주차장,공영,노외,제주특별자치도 제주시 한림읍 한림리 1197-4,7,1,미시행,평일+토요일+공휴일,0:00,23:59,0:00,23:59,0:00,23:59,무료,0,0,0,0,제주특별자치도 제주시청,33.4119745,126.2654623
405-2-000121,한림읍 공영주차장,공영,노외,제주특별자치도 제주시 한림읍 한림리 1213-2,4,1,미시행,평일+토요일+공휴일,0:00,23:59,0:00,23:59,0:00,23:59,무료,0,0,0,0,제주특별자치도 제주시청,33.414385,126.2645606
405-2-000122,한림읍 공영주차장,공영,노외,제주특별자치도 제주시 한림읍 한림리 1281-9,17,1,미시행,평일+토요일+공휴일,0:00,23:59,0:00,23:59,0:00,23:59,무료,0,0,0,0,제주특별자치도 제주시청,33.4162027,126.2659568
405-2-000123,한림읍 공영주차장,공영,노외,"제주특별자치도 제주시 한림읍 한림리 1304-10, 1304-11, 1287-7",31,1,미시행,평일+토요일+공휴일,0:00,23:59,0:00,23:59,0:00,23:59,무료,0,0,0,0,제주특별자치도 제주시청,33.4157222,126.2656507
405-2-000124,한림읍 공영주차장,공영,노외,제주특별자치도 제주시 한림읍 한림리 1314-160,12,1,미시행,평일+토요일+공휴일,0:00,23:59,0:00,23:59,0:00,23:59,무료,0,0,0,0,제주특별자치도 제주시청,33.4169706,126.263638
405-2-000125,한림읍 공영주차장,공영,노외,제주특별자치도 제주시 한림읍 한림리 1314-163,8,1,미시행,평일+토요일+공휴일,0:00,23:59,0:00,23:59,0:00,23:59,무료,0,0,0,0,제주특별자치도 제주시청,33.4169431,126.2638379
405-2-000126,한림읍 공영주차장,공영,노외,제주특별자치도 제주시 한림읍 한림리 1314-41,18,1,미시행,평일+토요일+공휴일,0:00,23:59,0:00,23:59,0:00,23:59,무료,0,0,0,0,제주특별자치도 제주시청,33.417256,126.2631632
405-2-000127,한림읍 공영주차장,공영,노외,제주특별자치도 제주시 한림읍 한림리 1328-63,6,1,미시행,평일+토요일+공휴일,0:00,23:59,0:00,23:59,0:00,23:59,무료,0,0,0,0,제주특별자치도 제주시청,33.4159619,126.2625303
405-2-000128,한림읍 공영주차장,공영,노외,"제주특별자치도 제주시 한림읍 한림리 1333-24, 1333-37",11,1,미시행,평일+토요일+공휴일,0:00,23:59,0:00,23:59,0:00,23:59,무료,0,0,0,0,제주특별자치도 제주시청,33.4143809,126.2618869
405-2-000129,한림읍 공영주차장,공영,노외,제주특별자치도 제주시 한림읍 한림리 1368-1,6,1,미시행,평일+토요일+공휴일,0:00,23:59,0:00,23:59,0:00,23:59,무료,0,0,0,0,제주특별자치도 제주시청,33.413955,126.2623476
405-2-000130,한림읍 공영주차장,공영,노외,"제주특별자치도 제주시 한림읍 한림리 1368-3,1368-7,1333-9,1333-12",30,1,미시행,평일+토요일+공휴일,0:00,23:59,0:00,23:59,0:00,23:59,무료,0,0,0,0,제주특별자치도 제주시청,33.4139034,126.2621378
405-2-000131,한림읍 공영주차장,공영,노외,제주특별자치도 제주시 한림읍 한림리 1371-36,2,1,미시행,평일+토요일+공휴일,0:00,23:59,0:00,23:59,0:00,23:59,무료,0,0,0,0,제주특별자치도 제주시청,33.4134291,126.2611397
405-2-000132,한림읍 공영주차장,공영,노외,"제주특별자치도 제주시 한림읍 한림리 1389-2,4,7, 1446-10",31,1,미시행,평일+토요일+공휴일,0:00,23:59,0:00,23:59,0:00,23:59,무료,0,0,0,0,제주특별자치도 제주시청,33.4130056,126.2622998
405-2-000133,한림읍 공영주차장,공영,노외,"제주특별자치도 제주시 한림읍 한림리 1397,1397-1,1438-1",10,1,미시행,평일+토요일+공휴일,0:00,23:59,0:00,23:59,0:00,23:59,무료,0,0,0,0,제주특별자치도 제주시청,33.4133849,126.262833
405-2-000134,한림읍 공영주차장,공영,노외,제주특별자치도 제주시 한림읍 한림리 551-8,6,1,미시행,평일+토요일+공휴일,0:00,23:59,0:00,23:59,0:00,23:59,무료,0,0,0,0,제주특별자치도 제주시청,33.4148785,126.2706096
405-2-000135,한림읍 공영주차장,공영,노외,제주특별자치도 제주시 한림읍 한림리 905-12,7,1,미시행,평일+토요일+공휴일,0:00,23:59,0:00,23:59,0:00,23:59,무료,0,0,0,0,제주특별자치도 제주시청,33.4117513,126.2682332
405-2-000136,한림읍 공영주차장,공영,노외,제주특별자치도 제주시 한림읍 한림리 905-35,17,1,미시행,평일+토요일+공휴일,0:00,23:59,0:00,23:59,0:00,23:59,무료,0,0,0,0,제주특별자치도 제주시청,33.4112991,126.2686991
405-2-000137,한림읍 공영주차장,공영,노외,제주특별자치도 제주시 한림읍 한림리 905-5,10,1,미시행,평일+토요일+공휴일,0:00,23:59,0:00,23:59,0:00,23:59,무료,0,0,0,0,제주특별자치도 제주시청,33.4110005,126.2674246
405-2-000138,한림읍 공영주차장,공영,노외,제주특별자치도 제주시 한림읍 한수리 920-12,15,1,미시행,평일+토요일+공휴일,0:00,23:59,0:00,23:59,0:00,23:59,무료,0,0,0,0,제주특별자치도 제주시청,33.4227244,126.2633495
405-2-000139,한림읍 공영주차장,공영,노외,"제주특별자치도 제주시 한림읍 한림리 1022-2, 1023-3",33,1,미시행,평일+토요일+공휴일,0:00,23:59,0:00,23:59,0:00,23:59,무료,0,0,0,0,제주특별자치도 제주시청,33.4148101,126.2679646
405-2-000140,한림읍 공영주차장,공영,노외,"제주특별자치도 제주시 한림읍 협재리 1467-1, 1468-1",25,1,미시행,평일+토요일+공휴일,0:00,23:59,0:00,23:59,0:00,23:59,무료,0,0,0,0,제주특별자치도 제주시청,33.3979975,126.2448495
405-2-000141,한림읍 공영주차장,공영,노외,"제주특별자치도 제주시 한림읍 협재리 1603, 1604, 1909, 1910-1",37,1,미시행,평일+토요일+공휴일,0:00,23:59,0:00,23:59,0:00,23:59,무료,0,0,0,0,제주특별자치도 제주시청,33.396747,126.2450075
405-2-000142,한림읍 공영주차장,공영,노외,제주특별자치도 제주시 한림읍 협재리 1666-1,7,1,미시행,평일+토요일+공휴일,0:00,23:59,0:00,23:59,0:00,23:59,무료,0,0,0,0,제주특별자치도 제주시청,33.3977309,126.2433861
405-2-000143,한림읍 공영주차장,공영,노외,제주특별자치도 제주시 한림읍 협재리 1689-2,8,1,미시행,평일+토요일+공휴일,0:00,23:59,0:00,23:59,0:00,23:59,무료,0,0,0,0,제주특별자치도 제주시청,33.3976062,126.2430706
405-2-000144,한림읍 공영주차장,공영,노외,제주특별자치도 제주시 한림읍 협재리 2514,44,1,미시행,평일+토요일+공휴일,0:00,23:59,0:00,23:59,0:00,23:59,무료,0,0,0,0,제주특별자치도 제주시청,33.393053,126.2406967
405-2-000145,한림읍 공영주차장,공영,노외,제주특별자치도 제주시 한림읍 협재리 2514-20,10,1,미시행,평일+토요일+공휴일,0:00,23:59,0:00,23:59,0:00,23:59,무료,0,0,0,0,제주특별자치도 제주시청,33.3929249,126.2408974
405-2-000146,한림읍 공영주차장,공영,노외,제주특별자치도 제주시 한림읍 협재리 2516,15,1,미시행,평일+토요일+공휴일,0:00,23:59,0:00,23:59,0:00,23:59,무료,0,0,0,0,제주특별자치도 제주시청,33.3928699,126.2407648
405-2-000147,한림읍 공영주차장,공영,노외,제주특별자치도 제주시 한림읍 협재리 2517-1,5,1,미시행,평일+토요일+공휴일,0:00,23:59,0:00,23:59,0:00,23:59,무료,0,0,0,0,제주특별자치도 제주시청,33.3928172,126.2412699
405-2-000148,한림읍 공영주차장,공영,노외,제주특별자치도 제주시 한림읍 협재리 2872,17,1,미시행,평일+토요일+공휴일,0:00,23:59,0:00,23:59,0:00,23:59,무료,0,0,0,0,제주특별자치도 제주시청,33.3851364,126.2505703
405-2-000149,한림읍 공영주차장,공영,노외,제주특별자치도 제주시 한림읍 금등리 612-1,18,1,미시행,평일+토요일+공휴일,0:00,23:59,0:00,23:59,0:00,23:59,무료,0,0,0,0,제주특별자치도 제주시청,33.3606042,126.195797
405-2-000150,한림읍 공영주차장,공영,노외,제주특별자치도 제주시 한림읍 수원리 27-6,9,1,미시행,평일+토요일+공휴일,0:00,23:59,0:00,23:59,0:00,23:59,무료,0,0,0,0,제주특별자치도 제주시청,33.4272733,126.2703045
405-2-000151,한림읍 공영주차장,공영,노외,제주특별자치도 제주시 한림읍 옹포리 353-1,13,1,미시행,평일+토요일+공휴일,0:00,23:59,0:00,23:59,0:00,23:59,무료,0,0,0,0,제주특별자치도 제주시청,33.4055041,126.2550968
405-2-000152,한림읍 공영주차장,공영,노외,제주특별자치도 제주시 한림읍 수원리 497-1,7,1,미시행,평일+토요일+공휴일,0:00,23:59,0:00,23:59,0:00,23:59,무료,0,0,0,0,제주특별자치도 제주시청,33.4281239,126.2674157
405-2-000153,애월읍 공영주차장,공영,노외,제주특별자치도 제주시 애월읍 고내리 461-1,15,1,미시행,평일+토요일+공휴일,0:00,23:59,0:00,23:59,0:00,23:59,무료,0,0,0,0,제주특별자치도 제주시청,33.4701489,126.3409489
405-2-000154,애월읍 공영주차장,공영,노외,제주특별자치도 제주시 애월읍 고내리 834-4,11,1,미시행,평일+토요일+공휴일,0:00,23:59,0:00,23:59,0:00,23:59,무료,0,0,0,0,제주특별자치도 제주시청,33.4630412,126.3341981
405-2-000155,애월읍 공영주차장,공영,노외,제주특별자치도 제주시 애월읍 곽지리 1587-1,70,1,미시행,평일+토요일+공휴일,0:00,23:59,0:00,23:59,0:00,23:59,무료,0,0,0,0,제주특별자치도 제주시청,33.4484468,126.3055816
405-2-000156,애월읍 공영주차장,공영,노외,제주특별자치도 제주시 애월읍 구엄리 1130-1,6,1,미시행,평일+토요일+공휴일,0:00,23:59,0:00,23:59,0:00,23:59,무료,0,0,0,0,제주특별자치도 제주시청,33.4784741,126.375859
405-2-000157,애월읍 공영주차장,공영,노외,제주특별자치도 제주시 애월읍 구엄리 1136,22,1,미시행,평일+토요일+공휴일,0:00,23:59,0:00,23:59,0:00,23:59,무료,0,0,0,0,제주특별자치도 제주시청,33.4808297,126.3763846
405-2-000158,애월읍 공영주차장,공영,노외,제주특별자치도 제주시 애월읍 금성리 286-1,13,1,미시행,평일+토요일+공휴일,0:00,23:59,0:00,23:59,0:00,23:59,무료,0,0,0,0,제주특별자치도 제주시청,33.4396539,126.3023553
405-2-000159,애월읍 공영주차장,공영,노외,제주특별자치도 제주시 애월읍 금성리 554-2,22,1,미시행,평일+토요일+공휴일,0:00,23:59,0:00,23:59,0:00,23:59,무료,0,0,0,0,제주특별자치도 제주시청,33.4457646,126.3006316
405-2-000160,애월읍 공영주차장,공영,노외,제주특별자치도 제주시 애월읍 .금성리 599-4,12,1,미시행,평일+토요일+공휴일,0:00,23:59,0:00,23:59,0:00,23:59,무료,0,0,0,0,제주특별자치도 제주시청,33.4447696,126.3003942
405-2-000161,애월읍 공영주차장,공영,노외,"제주특별자치도 제주시 애월읍 납읍리 1576-19,20,1",9,1,미시행,평일+토요일+공휴일,0:00,23:59,0:00,23:59,0:00,23:59,무료,0,0,0,0,제주특별자치도 제주시청,33.4385628,126.3302627
405-2-000162,애월읍 공영주차장,공영,노외,"제주특별자치도 제주시 애월읍 상귀리 1008-1, 1006",50,1,미시행,평일+토요일+공휴일,0:00,23:59,0:00,23:59,0:00,23:59,무료,0,0,0,0,제주특별자치도 제주시청,33.4524543,126.4089652
405-2-000163,애월읍 공영주차장,공영,노외,제주특별자치도 제주시 애월읍 신엄리 1020,11,1,미시행,평일+토요일+공휴일,0:00,23:59,0:00,23:59,0:00,23:59,무료,0,0,0,0,제주특별자치도 제주시청,33.4743639,126.3661808
405-2-000164,애월읍 공영주차장,공영,노외,제주특별자치도 제주시 애월읍 신엄리 1282,30,1,미시행,평일+토요일+공휴일,0:00,23:59,0:00,23:59,0:00,23:59,무료,0,0,0,0,제주특별자치도 제주시청,33.4721808,126.367039
405-2-000165,애월읍 공영주차장,공영,노외,제주특별자치도 제주시 애월읍 신엄리 1284-1,15,1,미시행,평일+토요일+공휴일,0:00,23:59,0:00,23:59,0:00,23:59,무료,0,0,0,0,제주특별자치도 제주시청,33.4719661,126.3667812
405-2-000166,애월읍 공영주차장,공영,노외,제주특별자치도 제주시 애월읍 신엄리 1386-3,9,1,미시행,평일+토요일+공휴일,0:00,23:59,0:00,23:59,0:00,23:59,무료,0,0,0,0,제주특별자치도 제주시청,33.4687551,126.3683449
405-2-000167,애월읍 공영주차장,공영,노외,"제주특별자치도 제주시 애월읍 신엄리 1729-1, 1728-1",12,1,미시행,평일+토요일+공휴일,0:00,23:59,0:00,23:59,0:00,23:59,무료,0,0,0,0,제주특별자치도 제주시청,33.461968,126.3685329
405-2-000168,애월읍 공영주차장,공영,노외,제주특별자치도 제주시 애월읍 신엄리 1796-1,15,1,미시행,평일+토요일+공휴일,0:00,23:59,0:00,23:59,0:00,23:59,무료,0,0,0,0,제주특별자치도 제주시청,33.4559466,126.3697861
405-2-000169,애월읍 공영주차장,공영,노외,제주특별자치도 제주시 애월읍 신엄리 2564,7,1,미시행,평일+토요일+공휴일,0:00,23:59,0:00,23:59,0:00,23:59,무료,0,0,0,0,제주특별자치도 제주시청,33.4734422,126.3650434
405-2-000170,애월읍 공영주차장,공영,노외,제주특별자치도 제주시 애월읍 신엄리 2665-1,5,1,미시행,평일+토요일+공휴일,0:00,23:59,0:00,23:59,0:00,23:59,무료,0,0,0,0,제주특별자치도 제주시청,33.4746437,126.3652323
405-2-000171,애월읍 공영주차장,공영,노외,제주특별자치도 제주시 애월읍 애월리 1506,6,1,미시행,평일+토요일+공휴일,0:00,23:59,0:00,23:59,0:00,23:59,무료,0,0,0,0,제주특별자치도 제주시청,33.463015,126.3179188
405-2-000172,애월읍 공영주차장,공영,노외,제주특별자치도 제주시 애월읍 애월리 1544-2,9,1,미시행,평일+토요일+공휴일,0:00,23:59,0:00,23:59,0:00,23:59,무료,0,0,0,0,제주특별자치도 제주시청,33.4643937,126.3188406
405-2-000173,애월읍 공영주차장,공영,노외,제주특별자치도 제주시 애월읍 애월리 1680-1,11,1,미시행,평일+토요일+공휴일,0:00,23:59,0:00,23:59,0:00,23:59,무료,0,0,0,0,제주특별자치도 제주시청,33.4654751,126.3195336
405-2-000174,애월읍 공영주차장,공영,노외,제주특별자치도 제주시 애월읍 애월리 1710-1,9,1,미시행,평일+토요일+공휴일,0:00,23:59,0:00,23:59,0:00,23:59,무료,0,0,0,0,제주특별자치도 제주시청,33.4651826,126.3200105
405-2-000175,애월읍 공영주차장,공영,노외,제주특별자치도 제주시 애월읍 애월리 2060-2,13,1,미시행,평일+토요일+공휴일,0:00,23:59,0:00,23:59,0:00,23:59,무료,0,0,0,0,제주특별자치도 제주시청,33.4651469,126.3165092
405-2-000176,애월읍 공영주차장,공영,노외,제주특별자치도 제주시 애월읍 애월리 2109-1,20,1,미시행,평일+토요일+공휴일,0:00,23:59,0:00,23:59,0:00,23:59,무료,0,0,0,0,제주특별자치도 제주시청,33.464088,126.3170822
405-2-000177,애월읍 공영주차장,공영,노외,"제주특별자치도 제주시 애월읍 애월리 354-1, 애월리 353-3",17,1,미시행,평일+토요일+공휴일,0:00,23:59,0:00,23:59,0:00,23:59,무료,0,0,0,0,제주특별자치도 제주시청,33.4632217,126.3291975
405-2-000178,애월읍 공영주차장,공영,노외,제주특별자치도 제주시 애월읍 유수암리 1843-3,8,1,미시행,평일+토요일+공휴일,0:00,23:59,0:00,23:59,0:00,23:59,무료,0,0,0,0,제주특별자치도 제주시청,33.4398809,126.4029177
405-2-000179,애월읍 공영주차장,공영,노외,제주특별자치도 제주시 애월읍 유수암리 648,20,1,미시행,평일+토요일+공휴일,0:00,23:59,0:00,23:59,0:00,23:59,무료,0,0,0,0,제주특별자치도 제주시청,33.4416689,126.4066631
405-2-000180,애월읍 공영주차장,공영,노외,제주특별자치도 제주시 애월읍 장전리 453-2,15,1,미시행,평일+토요일+공휴일,0:00,23:59,0:00,23:59,0:00,23:59,무료,0,0,0,0,제주특별자치도 제주시청,33.4507824,126.3884785
405-2-000181,애월읍 공영주차장,공영,노외,제주특별자치도 제주시 애월읍 하귀1리 118-1,11,1,미시행,평일+토요일+공휴일,0:00,23:59,0:00,23:59,0:00,23:59,무료,0,0,0,0,제주특별자치도 제주시청,33.4858808,126.4144073
405-2-000182,애월읍 공영주차장,공영,노외,제주특별자치도 제주시 애월읍 하귀1리 118-2,35,1,미시행,평일+토요일+공휴일,0:00,23:59,0:00,23:59,0:00,23:59,무료,0,0,0,0,제주특별자치도 제주시청,33.4859907,126.4146214
405-2-000183,애월읍 공영주차장,공영,노외,제주특별자치도 제주시 애월읍 하귀1리 123-10,16,1,미시행,평일+토요일+공휴일,0:00,23:59,0:00,23:59,0:00,23:59,무료,0,0,0,0,제주특별자치도 제주시청,33.4862966,126.4159117
405-2-000184,애월읍 공영주차장,공영,노외,제주특별자치도 제주시 애월읍 하귀1리 130-7,15,1,미시행,평일+토요일+공휴일,0:00,23:59,0:00,23:59,0:00,23:59,무료,0,0,0,0,제주특별자치도 제주시청,33.4848501,126.4150511
405-2-000185,애월읍 공영주차장,공영,노외,제주특별자치도 제주시 애월읍 하귀1리 130-9,14,1,미시행,평일+토요일+공휴일,0:00,23:59,0:00,23:59,0:00,23:59,무료,0,0,0,0,제주특별자치도 제주시청,33.4845338,126.4152442
405-2-000186,애월읍 공영주차장,공영,노외,제주특별자치도 제주시 애월읍 하귀1리 137-7,24,1,미시행,평일+토요일+공휴일,0:00,23:59,0:00,23:59,0:00,23:59,무료,0,0,0,0,제주특별자치도 제주시청,33.4847937,126.4156747
405-2-000187,애월읍 공영주차장,공영,노외,제주특별자치도 제주시 애월읍 하귀1리 138-6,16,1,미시행,평일+토요일+공휴일,0:00,23:59,0:00,23:59,0:00,23:59,무료,0,0,0,0,제주특별자치도 제주시청,33.4851724,126.4162025
405-2-000188,애월읍 공영주차장,공영,노외,제주특별자치도 제주시 애월읍 하귀1리 138-7,18,1,미시행,평일+토요일+공휴일,0:00,23:59,0:00,23:59,0:00,23:59,무료,0,0,0,0,제주특별자치도 제주시청,33.4850117,126.4162998
405-2-000189,애월읍 공영주차장,공영,노외,제주특별자치도 제주시 애월읍 하귀1리 139-3,18,1,미시행,평일+토요일+공휴일,0:00,23:59,0:00,23:59,0:00,23:59,무료,0,0,0,0,제주특별자치도 제주시청,33.485956,126.4164266
405-2-000190,애월읍 공영주차장,공영,노외,제주특별자치도 제주시 애월읍 하귀1리 144-1,10,1,미시행,평일+토요일+공휴일,0:00,23:59,0:00,23:59,0:00,23:59,무료,0,0,0,0,제주특별자치도 제주시청,33.4863446,126.4172259
405-2-000191,애월읍 공영주차장,공영,노외,제주특별자치도 제주시 애월읍 하귀1리 146-1,11,1,미시행,평일+토요일+공휴일,0:00,23:59,0:00,23:59,0:00,23:59,무료,0,0,0,0,제주특별자치도 제주시청,33.4868675,126.4184348
405-2-000192,애월읍 공영주차장,공영,노외,제주특별자치도 제주시 애월읍 하귀1리 146-11,13,1,미시행,평일+토요일+공휴일,0:00,23:59,0:00,23:59,0:00,23:59,무료,0,0,0,0,제주특별자치도 제주시청,33.4866625,126.4192644
405-2-000193,애월읍 공영주차장,공영,노외,제주특별자치도 제주시 애월읍 하귀1리 146-4,14,1,미시행,평일+토요일+공휴일,0:00,23:59,0:00,23:59,0:00,23:59,무료,0,0,0,0,제주특별자치도 제주시청,33.486849,126.4190819
405-2-000194,애월읍 공영주차장,공영,노외,제주특별자치도 제주시 애월읍 하귀1리 146-5,14,1,미시행,평일+토요일+공휴일,0:00,23:59,0:00,23:59,0:00,23:59,무료,0,0,0,0,제주특별자치도 제주시청,33.4868254,126.4192902
405-2-000195,애월읍 공영주차장,공영,노외,"제주특별자치도 제주시 애월읍 하귀1리 148-3, 148-4",30,1,미시행,평일+토요일+공휴일,0:00,23:59,0:00,23:59,0:00,23:59,무료,0,0,0,0,제주특별자치도 제주시청,33.4862311,126.419043
405-2-000196,애월읍 공영주차장,공영,노외,제주특별자치도 제주시 애월읍 하귀1리 149-3,6,1,미시행,평일+토요일+공휴일,0:00,23:59,0:00,23:59,0:00,23:59,무료,0,0,0,0,제주특별자치도 제주시청,33.4860223,126.4193042
405-2-000197,애월읍 공영주차장,공영,노외,제주특별자치도 제주시 애월읍 하귀1리 149-5,6,1,미시행,평일+토요일+공휴일,0:00,23:59,0:00,23:59,0:00,23:59,무료,0,0,0,0,제주특별자치도 제주시청,33.4862254,126.4197436
405-2-000198,애월읍 공영주차장,공영,노외,제주특별자치도 제주시 애월읍 하귀1리 150-12,16,1,미시행,평일+토요일+공휴일,0:00,23:59,0:00,23:59,0:00,23:59,무료,0,0,0,0,제주특별자치도 제주시청,33.4852911,126.4181493
405-2-000199,애월읍 공영주차장,공영,노외,제주특별자치도 제주시 애월읍 하귀1리 150-3,20,1,미시행,평일+토요일+공휴일,0:00,23:59,0:00,23:59,0:00,23:59,무료,0,0,0,0,제주특별자치도 제주시청,33.4854661,126.418084
405-2-000200,애월읍 공영주차장,공영,노외,제주특별자치도 제주시 애월읍 하귀1리 153-1,14,1,미시행,평일+토요일+공휴일,0:00,23:59,0:00,23:59,0:00,23:59,무료,0,0,0,0,제주특별자치도 제주시청,33.4851283,126.417273
405-2-000201,애월읍 공영주차장,공영,노외,제주특별자치도 제주시 애월읍 하귀1리 153-3,15,1,미시행,평일+토요일+공휴일,0:00,23:59,0:00,23:59,0:00,23:59,무료,0,0,0,0,제주특별자치도 제주시청,33.4850409,126.4175648
405-2-000202,애월읍 공영주차장,공영,노외,제주특별자치도 제주시 애월읍 하귀1리 153-4,13,1,미시행,평일+토요일+공휴일,0:00,23:59,0:00,23:59,0:00,23:59,무료,0,0,0,0,제주특별자치도 제주시청,33.484884,126.4176729
405-2-000203,애월읍 공영주차장,공영,노외,제주특별자치도 제주시 애월읍 하귀1리 153-9,20,1,미시행,평일+토요일+공휴일,0:00,23:59,0:00,23:59,0:00,23:59,무료,0,0,0,0,제주특별자치도 제주시청,33.4849549,126.4173925
405-2-000204,애월읍 공영주차장,공영,노외,제주특별자치도 제주시 애월읍 하귀1리 154-3,16,1,미시행,평일+토요일+공휴일,0:00,23:59,0:00,23:59,0:00,23:59,무료,0,0,0,0,제주특별자치도 제주시청,33.4849925,126.4170526
405-2-000205,애월읍 공영주차장,공영,노외,제주특별자치도 제주시 애월읍 하귀1리 155-10,9,1,미시행,평일+토요일+공휴일,0:00,23:59,0:00,23:59,0:00,23:59,무료,0,0,0,0,제주특별자치도 제주시청,33.4845214,126.4168781
405-2-000206,애월읍 공영주차장,공영,노외,제주특별자치도 제주시 애월읍 하귀1리 155-4,12,1,미시행,평일+토요일+공휴일,0:00,23:59,0:00,23:59,0:00,23:59,무료,0,0,0,0,제주특별자치도 제주시청,33.4843463,126.4177641
405-2-000207,애월읍 공영주차장,공영,노외,제주특별자치도 제주시 애월읍 하귀1리 156-5,9,1,미시행,평일+토요일+공휴일,0:00,23:59,0:00,23:59,0:00,23:59,무료,0,0,0,0,제주특별자치도 제주시청,33.4843561,126.4167076
405-2-000208,애월읍 공영주차장,공영,노외,제주특별자치도 제주시 애월읍 하귀1리 158-2,15,1,미시행,평일+토요일+공휴일,0:00,23:59,0:00,23:59,0:00,23:59,무료,0,0,0,0,제주특별자치도 제주시청,33.4842469,126.4154202
405-2-000209,애월읍 공영주차장,공영,노외,제주특별자치도 제주시 애월읍 하귀1리 160-4,6,1,미시행,평일+토요일+공휴일,0:00,23:59,0:00,23:59,0:00,23:59,무료,0,0,0,0,제주특별자치도 제주시청,33.4831121,126.4151577
405-2-000210,애월읍 공영주차장,공영,노외,제주특별자치도 제주시 애월읍 하귀1리 162-1,7,1,미시행,평일+토요일+공휴일,0:00,23:59,0:00,23:59,0:00,23:59,무료,0,0,0,0,제주특별자치도 제주시청,33.4825922,126.4147424
405-2-000211,애월읍 공영주차장,공영,노외,제주특별자치도 제주시 애월읍 하귀1리 165-4,25,1,미시행,평일+토요일+공휴일,0:00,23:59,0:00,23:59,0:00,23:59,무료,0,0,0,0,제주특별자치도 제주시청,33.4810371,126.4143231
405-2-000212,애월읍 공영주차장,공영,노외,제주특별자치도 제주시 애월읍 하귀1리 176-3,16,1,미시행,평일+토요일+공휴일,0:00,23:59,0:00,23:59,0:00,23:59,무료,0,0,0,0,제주특별자치도 제주시청,33.4858495,126.4138959
405-2-000213,애월읍 공영주차장,공영,노외,제주특별자치도 제주시 애월읍 하귀1리 189-1,23,1,미시행,평일+토요일+공휴일,0:00,23:59,0:00,23:59,0:00,23:59,무료,0,0,0,0,제주특별자치도 제주시청,33.4853753,126.4127287
405-2-000214,애월읍 공영주차장,공영,노외,제주특별자치도 제주시 애월읍 하귀1리 192-8,16,1,미시행,평일+토요일+공휴일,0:00,23:59,0:00,23:59,0:00,23:59,무료,0,0,0,0,제주특별자치도 제주시청,33.4836445,126.4123296
405-2-000215,애월읍 공영주차장,공영,노외,제주특별자치도 제주시 애월읍 하귀1리 195-17,16,1,미시행,평일+토요일+공휴일,0:00,23:59,0:00,23:59,0:00,23:59,무료,0,0,0,0,제주특별자치도 제주시청,33.4844769,126.4132871
405-2-000216,애월읍 공영주차장,공영,노외,제주특별자치도 제주시 애월읍 하귀1리 195-2,15,1,미시행,평일+토요일+공휴일,0:00,23:59,0:00,23:59,0:00,23:59,무료,0,0,0,0,제주특별자치도 제주시청,33.4850544,126.4131781
405-2-000217,애월읍 공영주차장,공영,노외,제주특별자치도 제주시 애월읍 하귀1리 196-10,12,1,미시행,평일+토요일+공휴일,0:00,23:59,0:00,23:59,0:00,23:59,무료,0,0,0,0,제주특별자치도 제주시청,33.4844067,126.4121621
405-2-000218,애월읍 공영주차장,공영,노외,제주특별자치도 제주시 애월읍 하귀1리 196-9,14,1,미시행,평일+토요일+공휴일,0:00,23:59,0:00,23:59,0:00,23:59,무료,0,0,0,0,제주특별자치도 제주시청,33.4844792,126.4123309
405-2-000219,애월읍 공영주차장,공영,노외,제주특별자치도 제주시 애월읍 하귀1리 197-7,12,1,미시행,평일+토요일+공휴일,0:00,23:59,0:00,23:59,0:00,23:59,무료,0,0,0,0,제주특별자치도 제주시청,33.4836458,126.4126556
405-2-000220,애월읍 공영주차장,공영,노외,제주특별자치도 제주시 애월읍 하귀1리 200-3,9,1,미시행,평일+토요일+공휴일,0:00,23:59,0:00,23:59,0:00,23:59,무료,0,0,0,0,제주특별자치도 제주시청,33.4837137,126.4141683
405-2-000221,애월읍 공영주차장,공영,노외,제주특별자치도 제주시 애월읍 하귀1리 214-17,12,1,미시행,평일+토요일+공휴일,0:00,23:59,0:00,23:59,0:00,23:59,무료,0,0,0,0,제주특별자치도 제주시청,33.4819226,126.4125186
405-2-000222,애월읍 공영주차장,공영,노외,제주특별자치도 제주시 애월읍 하귀1리 214-24,17,1,미시행,평일+토요일+공휴일,0:00,23:59,0:00,23:59,0:00,23:59,무료,0,0,0,0,제주특별자치도 제주시청,33.4816211,126.4128172
405-2-000223,애월읍 공영주차장,공영,노외,제주특별자치도 제주시 애월읍 하귀1리 218-3,16,1,미시행,평일+토요일+공휴일,0:00,23:59,0:00,23:59,0:00,23:59,무료,0,0,0,0,제주특별자치도 제주시청,33.4804503,126.4138426
405-2-000224,애월읍 공영주차장,공영,노외,"제주특별자치도 제주시 애월읍 하귀1리 220-2,3",27,1,미시행,평일+토요일+공휴일,0:00,23:59,0:00,23:59,0:00,23:59,무료,0,0,0,0,제주특별자치도 제주시청,33.4812975,126.4135366
405-2-000225,애월읍 공영주차장,공영,노외,제주특별자치도 제주시 애월읍 하귀1리 235-4,11,1,미시행,평일+토요일+공휴일,0:00,23:59,0:00,23:59,0:00,23:59,무료,0,0,0,0,제주특별자치도 제주시청,33.4819355,126.41331
405-2-000226,애월읍 공영주차장,공영,노외,제주특별자치도 제주시 애월읍 하귀1리 238-4,18,1,미시행,평일+토요일+공휴일,0:00,23:59,0:00,23:59,0:00,23:59,무료,0,0,0,0,제주특별자치도 제주시청,33.4813007,126.4138268
405-2-000227,애월읍 공영주차장,공영,노외,제주특별자치도 제주시 애월읍 하귀1리 549-16,25,1,미시행,평일+토요일+공휴일,0:00,23:59,0:00,23:59,0:00,23:59,무료,0,0,0,0,제주특별자치도 제주시청,33.4847426,126.4107794
405-2-000228,애월읍 공영주차장,공영,노외,제주특별자치도 제주시 애월읍 하귀2리 1315-1,16,1,미시행,평일+토요일+공휴일,0:00,23:59,0:00,23:59,0:00,23:59,무료,0,0,0,0,제주특별자치도 제주시청,33.4798572,126.4063916
405-2-000229,애월읍 공영주차장,공영,노외,제주특별자치도 제주시 애월읍 하귀2리 1752-1,25,1,미시행,평일+토요일+공휴일,0:00,23:59,0:00,23:59,0:00,23:59,무료,0,0,0,0,제주특별자치도 제주시청,33.4808829,126.4011314
405-2-000230,애월읍 공영주차장,공영,노외,제주특별자치도 제주시 애월읍 하귀2리 1781-3,4,1,미시행,평일+토요일+공휴일,0:00,23:59,0:00,23:59,0:00,23:59,무료,0,0,0,0,제주특별자치도 제주시청,33.4814698,126.4015533
405-2-000231,애월읍 공영주차장,공영,노외,제주특별자치도 제주시 애월읍 하귀2리 1782-1,4,1,미시행,평일+토요일+공휴일,0:00,23:59,0:00,23:59,0:00,23:59,무료,0,0,0,0,제주특별자치도 제주시청,33.481453,126.4014233
405-2-000232,애월읍 공영주차장,공영,노외,제주특별자치도 제주시 애월읍 하귀2리 1892-1,17,1,미시행,평일+토요일+공휴일,0:00,23:59,0:00,23:59,0:00,23:59,무료,0,0,0,0,제주특별자치도 제주시청,33.4794044,126.403276
405-2-000233,애월읍 공영주차장,공영,노외,"제주특별자치도 제주시 애월읍 하귀2리 2975-1, 2975-3",10,1,미시행,평일+토요일+공휴일,0:00,23:59,0:00,23:59,0:00,23:59,무료,0,0,0,0,제주특별자치도 제주시청,33.4772624,126.3927836
405-2-000234,애월읍 공영주차장,공영,노외,"제주특별자치도 제주시 애월읍 하귀2리 1752-5, 6",24,1,미시행,평일+토요일+공휴일,0:00,23:59,0:00,23:59,0:00,23:59,무료,0,0,0,0,제주특별자치도 제주시청,33.4805226,126.4009751
405-2-000235,애월읍 공영주차장,공영,노외,제주특별자치도 제주시 애월읍 곽지리 1953-3,29,1,미시행,평일+토요일+공휴일,0:00,23:59,0:00,23:59,0:00,23:59,무료,0,0,0,0,제주특별자치도 제주시청,33.4456169,126.3084746
405-2-000236,애월읍 공영주차장,공영,노외,"제주특별자치도 제주시 애월읍 소길리 774, 772-15, 772-14",27,1,미시행,평일+토요일+공휴일,0:00,23:59,0:00,23:59,0:00,23:59,무료,0,0,0,0,제주특별자치도 제주시청,33.4369461,126.3783541
405-2-000237,애월읍 공영주차장,공영,노외,제주특별자치도 제주시 애월읍 신엄리 3009-4,45,1,미시행,평일+토요일+공휴일,0:00,23:59,0:00,23:59,0:00,23:59,무료,0,0,0,0,제주특별자치도 제주시청,33.4700039,126.3593079
405-2-000238,애월읍 공영주차장,공영,노외,제주특별자치도 제주시 애월읍 신엄리 786-1,19,1,미시행,평일+토요일+공휴일,0:00,23:59,0:00,23:59,0:00,23:59,무료,0,0,0,0,제주특별자치도 제주시청,33.4740045,126.3731239
405-2-000239,애월읍 공영주차장,공영,노외,"제주특별자치도 제주시 애월읍 하귀1리 144-8, 144-9, 144-10",26,1,미시행,평일+토요일+공휴일,0:00,23:59,0:00,23:59,0:00,23:59,무료,0,0,0,0,제주특별자치도 제주시청,33.4861227,126.418065
405-2-000240,구좌읍 공영주차장,공영,노외,제주특별자치도 제주시 구좌읍 김녕리 1230,8,1,미시행,평일+토요일+공휴일,0:00,23:59,0:00,23:59,0:00,23:59,무료,0,0,0,0,제주특별자치도 제주시청,33.5572859,126.7544177
405-2-000241,구좌읍 공영주차장,공영,노외,제주특별자치도 제주시 구좌읍 김녕리 1407-1,8,1,미시행,평일+토요일+공휴일,0:00,23:59,0:00,23:59,0:00,23:59,무료,0,0,0,0,제주특별자치도 제주시청,33.5568052,126.7498847
405-2-000242,구좌읍 공영주차장,공영,노외,"제주특별자치도 제주시 구좌읍 김녕리 1425, 1412",16,1,미시행,평일+토요일+공휴일,0:00,23:59,0:00,23:59,0:00,23:59,무료,0,0,0,0,제주특별자치도 제주시청,33.5573291,126.750533
405-2-000243,구좌읍 공영주차장,공영,노외,제주특별자치도 제주시 구좌읍 김녕리 1542-1,10,1,미시행,평일+토요일+공휴일,0:00,23:59,0:00,23:59,0:00,23:59,무료,0,0,0,0,제주특별자치도 제주시청,33.5561217,126.751126
405-2-000244,구좌읍 공영주차장,공영,노외,"제주특별자치도 제주시 구좌읍 김녕리 1578-1, 2",25,1,미시행,평일+토요일+공휴일,0:00,23:59,0:00,23:59,0:00,23:59,무료,0,0,0,0,제주특별자치도 제주시청,33.5565466,126.7498559
405-2-000245,구좌읍 공영주차장,공영,노외,제주특별자치도 제주시 구좌읍 김녕리 1589-1,12,1,미시행,평일+토요일+공휴일,0:00,23:59,0:00,23:59,0:00,23:59,무료,0,0,0,0,제주특별자치도 제주시청,33.556407,126.7491122
405-2-000246,구좌읍 공영주차장,공영,노외,제주특별자치도 제주시 구좌읍 김녕리 2222,18,1,미시행,평일+토요일+공휴일,0:00,23:59,0:00,23:59,0:00,23:59,무료,0,0,0,0,제주특별자치도 제주시청,33.5547443,126.7484244
405-2-000247,구좌읍 공영주차장,공영,노외,제주특별자치도 제주시 구좌읍 김녕리 2229,16,1,미시행,평일+토요일+공휴일,0:00,23:59,0:00,23:59,0:00,23:59,무료,0,0,0,0,제주특별자치도 제주시청,33.5543919,126.7485464
405-2-000248,구좌읍 공영주차장,공영,노외,제주특별자치도 제주시 구좌읍 김녕리 3650,14,1,미시행,평일+토요일+공휴일,0:00,23:59,0:00,23:59,0:00,23:59,무료,0,0,0,0,제주특별자치도 제주시청,33.5552288,126.746284
405-2-000249,구좌읍 공영주차장,공영,노외,제주특별자치도 제주시 구좌읍 김녕리 3872,9,1,미시행,평일+토요일+공휴일,0:00,23:59,0:00,23:59,0:00,23:59,무료,0,0,0,0,제주특별자치도 제주시청,33.5564894,126.7467568
405-2-000250,구좌읍 공영주차장,공영,노외,제주특별자치도 제주시 구좌읍 김녕리 3891,14,1,미시행,평일+토요일+공휴일,0:00,23:59,0:00,23:59,0:00,23:59,무료,0,0,0,0,제주특별자치도 제주시청,33.5559538,126.7471165
405-2-000251,구좌읍 공영주차장,공영,노외,"제주특별자치도 제주시 구좌읍 김녕리 4018, 4020",25,1,미시행,평일+토요일+공휴일,0:00,23:59,0:00,23:59,0:00,23:59,무료,0,0,0,0,제주특별자치도 제주시청,33.5581247,126.7466524
405-2-000252,구좌읍 공영주차장,공영,노외,"제주특별자치도 제주시 구좌읍 김녕리 492-1, 493-3",76,1,미시행,평일+토요일+공휴일,0:00,23:59,0:00,23:59,0:00,23:59,무료,0,0,0,0,제주특별자치도 제주시청,33.5584247,126.7626844
405-2-000253,구좌읍 공영주차장,공영,노외,제주특별자치도 제주시 구좌읍 동복리 1543-2,31,1,미시행,평일+토요일+공휴일,0:00,23:59,0:00,23:59,0:00,23:59,무료,0,0,0,0,제주특별자치도 제주시청,33.5535213,126.7134104
405-2-000254,구좌읍 공영주차장,공영,노외,제주특별자치도 제주시 구좌읍 동복리 1572-1,9,1,미시행,평일+토요일+공휴일,0:00,23:59,0:00,23:59,0:00,23:59,무료,0,0,0,0,제주특별자치도 제주시청,33.5534613,126.7144636
405-2-000255,구좌읍 공영주차장,공영,노외,제주특별자치도 제주시 구좌읍 세화리 1415-1,21,1,미시행,평일+토요일+공휴일,0:00,23:59,0:00,23:59,0:00,23:59,무료,0,0,0,0,제주특별자치도 제주시청,33.5227958,126.857138
405-2-000256,구좌읍 공영주차장,공영,노외,"제주특별자치도 제주시 구좌읍 세화리 1452-12, 1454-8",12,1,미시행,평일+토요일+공휴일,0:00,23:59,0:00,23:59,0:00,23:59,무료,0,0,0,0,제주특별자치도 제주시청,33.5237578,126.8557814
405-2-000257,구좌읍 공영주차장,공영,노외,제주특별자치도 제주시 구좌읍 세화리 1491-2,44,1,미시행,평일+토요일+공휴일,0:00,23:59,0:00,23:59,0:00,23:59,무료,0,0,0,0,제주특별자치도 제주시청,33.524306,126.8567404
405-2-000258,구좌읍 공영주차장,공영,노외,"제주특별자치도 제주시 구좌읍 세화리 1500-5, 1500-45",15,1,미시행,평일+토요일+공휴일,0:00,23:59,0:00,23:59,0:00,23:59,무료,0,0,0,0,제주특별자치도 제주시청,33.5259977,126.8573818
405-2-000259,구좌읍 공영주차장,공영,노외,제주특별자치도 제주시 구좌읍 세화리 1507-1,93,1,미시행,평일+토요일+공휴일,0:00,23:59,0:00,23:59,0:00,23:59,무료,0,0,0,0,제주특별자치도 제주시청,33.5246901,126.8561378
405-2-000260,구좌읍 공영주차장,공영,노외,제주특별자치도 제주시 구좌읍 세화리 1515-2,24,1,미시행,평일+토요일+공휴일,0:00,23:59,0:00,23:59,0:00,23:59,무료,0,0,0,0,제주특별자치도 제주시청,33.5244475,126.8547105
405-2-000261,구좌읍 공영주차장,공영,노외,제주특별자치도 제주시 구좌읍 세화리 1536-2,9,1,미시행,평일+토요일+공휴일,0:00,23:59,0:00,23:59,0:00,23:59,무료,0,0,0,0,제주특별자치도 제주시청,33.5232352,126.8545593
405-2-000262,구좌읍 공영주차장,공영,노외,제주특별자치도 제주시 구좌읍 세화리 3641-1,20,1,미시행,평일+토요일+공휴일,0:00,23:59,0:00,23:59,0:00,23:59,무료,0,0,0,0,제주특별자치도 제주시청,33.5269137,126.8562776
405-2-000263,구좌읍 공영주차장,공영,노외,제주특별자치도 제주시 구좌읍 세화리 3644-4,6,1,미시행,평일+토요일+공휴일,0:00,23:59,0:00,23:59,0:00,23:59,무료,0,0,0,0,제주특별자치도 제주시청,33.5263942,126.8562045
405-2-000264,구좌읍 공영주차장,공영,노외,제주특별자치도 제주시 구좌읍 월정리 1400-5,20,1,미시행,평일+토요일+공휴일,0:00,23:59,0:00,23:59,0:00,23:59,무료,0,0,0,0,제주특별자치도 제주시청,33.5641494,126.7829441
405-2-000265,구좌읍 공영주차장,공영,노외,"제주특별자치도 제주시 구좌읍 월정리 481, 480",11,1,미시행,평일+토요일+공휴일,0:00,23:59,0:00,23:59,0:00,23:59,무료,0,0,0,0,제주특별자치도 제주시청,33.5545933,126.7935548
405-2-000266,구좌읍 공영주차장,공영,노외,제주특별자치도 제주시 구좌읍 월정리 555-2,9,1,미시행,평일+토요일+공휴일,0:00,23:59,0:00,23:59,0:00,23:59,무료,0,0,0,0,제주특별자치도 제주시청,33.5570994,126.7944194
405-2-000267,구좌읍 공영주차장,공영,노외,"제주특별자치도 제주시 구좌읍 월정리 555-4, 555-6",34,1,미시행,평일+토요일+공휴일,0:00,23:59,0:00,23:59,0:00,23:59,무료,0,0,0,0,제주특별자치도 제주시청,33.5573255,126.7944115
405-2-000268,구좌읍 공영주차장,공영,노외,제주특별자치도 제주시 구좌읍 평대리 3164-1,196,1,미시행,평일+토요일+공휴일,0:00,23:59,0:00,23:59,0:00,23:59,무료,0,0,0,0,제주특별자치도 제주시청,33.4912326,126.810174
405-2-000269,구좌읍 공영주차장,공영,노외,"제주특별자치도 제주시 구좌읍 평대리 3351, 3351-1",66,1,미시행,평일+토요일+공휴일,0:00,23:59,0:00,23:59,0:00,23:59,무료,0,0,0,0,제주특별자치도 제주시청,33.5249479,126.8530939
405-2-000270,구좌읍 공영주차장,공영,노외,제주특별자치도 제주시 구좌읍 하도리 3204-1,124,1,미시행,평일+토요일+공휴일,0:00,23:59,0:00,23:59,0:00,23:59,무료,0,0,0,0,제주특별자치도 제주시청,33.5226733,126.8643163
405-2-000271,구좌읍 공영주차장,공영,노외,"제주특별자치도 제주시 구좌읍 하도리 46, 46-6",113,1,미시행,평일+토요일+공휴일,0:00,23:59,0:00,23:59,0:00,23:59,무료,0,0,0,0,제주특별자치도 제주시청,33.5141583,126.8988923
405-2-000272,구좌읍 공영주차장,공영,노외,제주특별자치도 제주시 구좌읍 한동리 1184,16,1,미시행,평일+토요일+공휴일,0:00,23:59,0:00,23:59,0:00,23:59,무료,0,0,0,0,제주특별자치도 제주시청,33.5372075,126.8289258
405-2-000273,구좌읍 공영주차장,공영,노외,제주특별자치도 제주시 구좌읍 한동리 4849-7,214,1,미시행,평일+토요일+공휴일,0:00,23:59,0:00,23:59,0:00,23:59,무료,0,0,0,0,제주특별자치도 제주시청,33.5420005,126.8152584
405-2-000274,구좌읍 공영주차장,공영,노외,제주특별자치도 제주시 구좌읍 행원리 1537-32,17,1,미시행,평일+토요일+공휴일,0:00,23:59,0:00,23:59,0:00,23:59,무료,0,0,0,0,제주특별자치도 제주시청,33.5551157,126.8000543
405-2-000275,구좌읍 공영주차장,공영,노외,제주특별자치도 제주시 구좌읍 행원리 655-1,18,1,미시행,평일+토요일+공휴일,0:00,23:59,0:00,23:59,0:00,23:59,무료,0,0,0,0,제주특별자치도 제주시청,33.5553179,126.8098957
405-2-000276,조천읍 공영주차장,공영,노외,제주특별자치도 제주시 조천읍 북촌리 1285-1,6,1,미시행,평일+토요일+공휴일,0:00,23:59,0:00,23:59,0:00,23:59,무료,0,0,0,0,제주특별자치도 제주시청,33.5496842,126.6929612
405-2-000277,조천읍 공영주차장,공영,노외,제주특별자치도 제주시 조천읍 북촌리 491,10,1,미시행,평일+토요일+공휴일,0:00,23:59,0:00,23:59,0:00,23:59,무료,0,0,0,0,제주특별자치도 제주시청,33.5499915,126.6947778
405-2-000278,조천읍 공영주차장,공영,노외,제주특별자치도 제주시 조천읍 북촌리 497,5,1,미시행,평일+토요일+공휴일,0:00,23:59,0:00,23:59,0:00,23:59,무료,0,0,0,0,제주특별자치도 제주시청,33.5501026,126.6954529
405-2-000279,조천읍 공영주차장,공영,노외,제주특별자치도 제주시 조천읍 북촌리 498-1,13,1,미시행,평일+토요일+공휴일,0:00,23:59,0:00,23:59,0:00,23:59,무료,0,0,0,0,제주특별자치도 제주시청,33.5499855,126.6954979
405-2-000280,조천읍 공영주차장,공영,노외,제주특별자치도 제주시 조천읍 북촌리 572-2,6,1,미시행,평일+토요일+공휴일,0:00,23:59,0:00,23:59,0:00,23:59,무료,0,0,0,0,제주특별자치도 제주시청,33.5496701,126.6949589
405-2-000281,조천읍 공영주차장,공영,노외,제주특별자치도 제주시 조천읍 신촌리 2001,15,1,미시행,평일+토요일+공휴일,0:00,23:59,0:00,23:59,0:00,23:59,무료,0,0,0,0,제주특별자치도 제주시청,33.537194,126.621647
405-2-000282,조천읍 공영주차장,공영,노외,제주특별자치도 제주시 조천읍 신촌리 2347-1,7,1,미시행,평일+토요일+공휴일,0:00,23:59,0:00,23:59,0:00,23:59,무료,0,0,0,0,제주특별자치도 제주시청,33.5363506,126.6162154
405-2-000283,조천읍 공영주차장,공영,노외,제주특별자치도 제주시 조천읍 신촌리 2391-1,7,1,미시행,평일+토요일+공휴일,0:00,23:59,0:00,23:59,0:00,23:59,무료,0,0,0,0,제주특별자치도 제주시청,33.5369409,126.6155157
405-2-000284,조천읍 공영주차장,공영,노외,제주특별자치도 제주시 조천읍 신촌리 2404-1,7,1,미시행,평일+토요일+공휴일,0:00,23:59,0:00,23:59,0:00,23:59,무료,0,0,0,0,제주특별자치도 제주시청,33.5377524,126.6137764
405-2-000285,조천읍 공영주차장,공영,노외,제주특별자치도 제주시 조천읍 신촌리 2415-1,16,1,미시행,평일+토요일+공휴일,0:00,23:59,0:00,23:59,0:00,23:59,무료,0,0,0,0,제주특별자치도 제주시청,33.5367461,126.614048
405-2-000286,조천읍 공영주차장,공영,노외,제주특별자치도 제주시 조천읍 신촌리 2542-1,7,1,미시행,평일+토요일+공휴일,0:00,23:59,0:00,23:59,0:00,23:59,무료,0,0,0,0,제주특별자치도 제주시청,33.5346222,126.6159362
405-2-000287,조천읍 공영주차장,공영,노외,제주특별자치도 제주시 조천읍 신촌리 2714-5,150,1,미시행,평일+토요일+공휴일,0:00,23:59,0:00,23:59,0:00,23:59,무료,0,0,0,0,제주특별자치도 제주시청,33.5255762,126.6178297
405-2-000288,조천읍 공영주차장,공영,노외,제주특별자치도 제주시 조천읍 신흥리 125-3,22,1,미시행,평일+토요일+공휴일,0:00,23:59,0:00,23:59,0:00,23:59,무료,0,0,0,0,제주특별자치도 제주시청,33.5484112,126.6511985
405-2-000289,조천읍 공영주차장,공영,노외,제주특별자치도 제주시 조천읍 신흥리 514,8,1,미시행,평일+토요일+공휴일,0:00,23:59,0:00,23:59,0:00,23:59,무료,0,0,0,0,제주특별자치도 제주시청,33.5473544,126.6508142
405-2-000290,조천읍 공영주차장,공영,노외,제주특별자치도 제주시 조천읍 신흥리 530-5,120,1,미시행,평일+토요일+공휴일,0:00,23:59,0:00,23:59,0:00,23:59,무료,0,0,0,0,제주특별자치도 제주시청,33.5484463,126.650603
405-2-000291,조천읍 공영주차장,공영,노외,제주특별자치도 제주시 조천읍 신흥리 530-8,73,1,미시행,평일+토요일+공휴일,0:00,23:59,0:00,23:59,0:00,23:59,무료,0,0,0,0,제주특별자치도 제주시청,33.5480643,126.6503191
405-2-000292,조천읍 공영주차장,공영,노외,제주특별자치도 제주시 조천읍 신흥리 531-1,3,1,미시행,평일+토요일+공휴일,0:00,23:59,0:00,23:59,0:00,23:59,무료,0,0,0,0,제주특별자치도 제주시청,33.5478481,126.6498789
405-2-000293,조천읍 공영주차장,공영,노외,제주특별자치도 제주시 조천읍 신흥리 595-1,5,1,미시행,평일+토요일+공휴일,0:00,23:59,0:00,23:59,0:00,23:59,무료,0,0,0,0,제주특별자치도 제주시청,33.5471501,126.6493667
405-2-000294,조천읍 공영주차장,공영,노외,제주특별자치도 제주시 조천읍 조천리 1157 외,101,1,미시행,평일+토요일+공휴일,0:00,23:59,0:00,23:59,0:00,23:59,무료,0,0,0,0,제주특별자치도 제주시청,33.5415757,126.6432098
405-2-000295,조천읍 공영주차장,공영,노외,제주특별자치도 제주시 조천읍 조천리 2206-2,61,1,미시행,평일+토요일+공휴일,0:00,23:59,0:00,23:59,0:00,23:59,무료,0,0,0,0,제주특별자치도 제주시청,33.5338584,126.635091
405-2-000296,조천읍 공영주차장,공영,노외,제주특별자치도 제주시 조천읍 조천리 2209,58,1,미시행,평일+토요일+공휴일,0:00,23:59,0:00,23:59,0:00,23:59,무료,0,0,0,0,제주특별자치도 제주시청,33.5341629,126.6351008
405-2-000297,조천읍 공영주차장,공영,노외,제주특별자치도 제주시 조천읍 조천리 2317-1,46,1,미시행,평일+토요일+공휴일,0:00,23:59,0:00,23:59,0:00,23:59,무료,0,0,0,0,제주특별자치도 제주시청,33.5358503,126.6373404
405-2-000298,조천읍 공영주차장,공영,노외,"제주특별자치도 제주시 조천읍 조천리 2317-8, 2318-2",83,1,미시행,평일+토요일+공휴일,0:00,23:59,0:00,23:59,0:00,23:59,무료,0,0,0,0,제주특별자치도 제주시청,33.5362186,126.6374364
405-2-000299,조천읍 공영주차장,공영,노외,"제주특별자치도 제주시 조천읍 조천리 2325-4, 2325-5",31,1,미시행,평일+토요일+공휴일,0:00,23:59,0:00,23:59,0:00,23:59,무료,0,0,0,0,제주특별자치도 제주시청,33.536197,126.638556
405-2-000300,조천읍 공영주차장,공영,노외,제주특별자치도 제주시 조천읍 조천리 2340-1,73,1,미시행,평일+토요일+공휴일,0:00,23:59,0:00,23:59,0:00,23:59,무료,0,0,0,0,제주특별자치도 제주시청,33.5371438,126.6392526
405-2-000301,조천읍 공영주차장,공영,노외,제주특별자치도 제주시 조천읍 조천리 2410-7,10,1,미시행,평일+토요일+공휴일,0:00,23:59,0:00,23:59,0:00,23:59,무료,0,0,0,0,제주특별자치도 제주시청,33.5372733,126.6355214
405-2-000302,조천읍 공영주차장,공영,노외,제주특별자치도 제주시 조천읍 조천리 2489,12,1,미시행,평일+토요일+공휴일,0:00,23:59,0:00,23:59,0:00,23:59,무료,0,0,0,0,제주특별자치도 제주시청,33.5390293,126.6375357
405-2-000303,조천읍 공영주차장,공영,노외,제주특별자치도 제주시 조천읍 조천리 2496,16,1,미시행,평일+토요일+공휴일,0:00,23:59,0:00,23:59,0:00,23:59,무료,0,0,0,0,제주특별자치도 제주시청,33.5388802,126.6373769
405-2-000304,조천읍 공영주차장,공영,노외,제주특별자치도 제주시 조천읍 조천리 2653-1,22,1,미시행,평일+토요일+공휴일,0:00,23:59,0:00,23:59,0:00,23:59,무료,0,0,0,0,제주특별자치도 제주시청,33.5399467,126.6388271
405-2-000305,조천읍 공영주차장,공영,노외,제주특별자치도 제주시 조천읍 조천리 2658-1,15,1,미시행,평일+토요일+공휴일,0:00,23:59,0:00,23:59,0:00,23:59,무료,0,0,0,0,제주특별자치도 제주시청,33.5398444,126.6386601
405-2-000306,조천읍 공영주차장,공영,노외,제주특별자치도 제주시 조천읍 조천리 2682-1,12,1,미시행,평일+토요일+공휴일,0:00,23:59,0:00,23:59,0:00,23:59,무료,0,0,0,0,제주특별자치도 제주시청,33.5395197,126.6367316
405-2-000307,조천읍 공영주차장,공영,노외,제주특별자치도 제주시 조천읍 조천리 2685-2,14,1,미시행,평일+토요일+공휴일,0:00,23:59,0:00,23:59,0:00,23:59,무료,0,0,0,0,제주특별자치도 제주시청,33.5397536,126.6367717
405-2-000308,조천읍 공영주차장,공영,노외,제주특별자치도 제주시 조천읍 조천리 2804-1,23,1,미시행,평일+토요일+공휴일,0:00,23:59,0:00,23:59,0:00,23:59,무료,0,0,0,0,제주특별자치도 제주시청,33.5408382,126.6375343
405-2-000309,조천읍 공영주차장,공영,노외,"제주특별자치도 제주시 조천읍 조천리 2908, 2909-1,2",14,1,미시행,평일+토요일+공휴일,0:00,23:59,0:00,23:59,0:00,23:59,무료,0,0,0,0,제주특별자치도 제주시청,33.5418391,126.6367528
405-2-000310,조천읍 공영주차장,공영,노외,"제주특별자치도 제주시 조천읍 함덕리 1002-83, 1004-5, 6",221,1,미시행,평일+토요일+공휴일,0:00,23:59,0:00,23:59,0:00,23:59,무료,0,0,0,0,제주특별자치도 제주시청,33.5413044,126.6693517
405-2-000311,조천읍 공영주차장,공영,노외,"제주특별자치도 제주시 조천읍 함덕리 1024-2,3",10,1,미시행,평일+토요일+공휴일,0:00,23:59,0:00,23:59,0:00,23:59,무료,0,0,0,0,제주특별자치도 제주시청,33.5448233,126.6622014
405-2-000312,조천읍 공영주차장,공영,노외,제주특별자치도 제주시 조천읍 함덕리 1034,13,1,미시행,평일+토요일+공휴일,0:00,23:59,0:00,23:59,0:00,23:59,무료,0,0,0,0,제주특별자치도 제주시청,33.5451274,126.6617027
405-2-000313,조천읍 공영주차장,공영,노외,제주특별자치도 제주시 조천읍 함덕리 1086-1,7,1,미시행,평일+토요일+공휴일,0:00,23:59,0:00,23:59,0:00,23:59,무료,0,0,0,0,제주특별자치도 제주시청,33.5402093,126.6631844
405-2-000314,조천읍 공영주차장,공영,노외,제주특별자치도 제주시 조천읍 함덕리 1119,7,1,미시행,평일+토요일+공휴일,0:00,23:59,0:00,23:59,0:00,23:59,무료,0,0,0,0,제주특별자치도 제주시청,33.5396555,126.663154
405-2-000315,조천읍 공영주차장,공영,노외,제주특별자치도 제주시 조천읍 함덕리 1175-1,15,1,미시행,평일+토요일+공휴일,0:00,23:59,0:00,23:59,0:00,23:59,무료,0,0,0,0,제주특별자치도 제주시청,33.5405047,126.6634863
405-2-000316,조천읍 공영주차장,공영,노외,제주특별자치도 제주시 조천읍 함덕리 1257,7,1,미시행,평일+토요일+공휴일,0:00,23:59,0:00,23:59,0:00,23:59,무료,0,0,0,0,제주특별자치도 제주시청,33.5418542,126.6642203
405-2-000317,조천읍 공영주차장,공영,노외,제주특별자치도 제주시 조천읍 함덕리 1258,5,1,미시행,평일+토요일+공휴일,0:00,23:59,0:00,23:59,0:00,23:59,무료,0,0,0,0,제주특별자치도 제주시청,33.5417558,126.6643282
405-2-000318,조천읍 공영주차장,공영,노외,제주특별자치도 제주시 조천읍 함덕리 1433,8,1,미시행,평일+토요일+공휴일,0:00,23:59,0:00,23:59,0:00,23:59,무료,0,0,0,0,제주특별자치도 제주시청,33.5383233,126.6652013
405-2-000319,조천읍 공영주차장,공영,노외,제주특별자치도 제주시 조천읍 함덕리 1467,25,1,미시행,평일+토요일+공휴일,0:00,23:59,0:00,23:59,0:00,23:59,무료,0,0,0,0,제주특별자치도 제주시청,33.5389849,126.6635557
405-2-000320,조천읍 공영주차장,공영,노외,제주특별자치도 제주시 조천읍 함덕리 216,28,1,미시행,평일+토요일+공휴일,0:00,23:59,0:00,23:59,0:00,23:59,무료,0,0,0,0,제주특별자치도 제주시청,33.5442743,126.6735542
405-2-000321,조천읍 공영주차장,공영,노외,제주특별자치도 제주시 조천읍 함덕리 239-2,4,1,미시행,평일+토요일+공휴일,0:00,23:59,0:00,23:59,0:00,23:59,무료,0,0,0,0,제주특별자치도 제주시청,33.5429982,126.673403
405-2-000322,조천읍 공영주차장,공영,노외,제주특별자치도 제주시 조천읍 함덕리 272-14,7,1,미시행,평일+토요일+공휴일,0:00,23:59,0:00,23:59,0:00,23:59,무료,0,0,0,0,제주특별자치도 제주시청,33.5421195,126.673425
405-2-000323,조천읍 공영주차장,공영,노외,제주특별자치도 제주시 조천읍 함덕리 272-24,25,1,미시행,평일+토요일+공휴일,0:00,23:59,0:00,23:59,0:00,23:59,무료,0,0,0,0,제주특별자치도 제주시청,33.5424759,126.672612
405-2-000324,조천읍 공영주차장,공영,노외,제주특별자치도 제주시 조천읍 함덕리 272-26,6,1,미시행,평일+토요일+공휴일,0:00,23:59,0:00,23:59,0:00,23:59,무료,0,0,0,0,제주특별자치도 제주시청,33.5423018,126.6722929
405-2-000325,조천읍 공영주차장,공영,노외,제주특별자치도 제주시 조천읍 함덕리 272-57,10,1,미시행,평일+토요일+공휴일,0:00,23:59,0:00,23:59,0:00,23:59,무료,0,0,0,0,제주특별자치도 제주시청,33.540494,126.6735931
405-2-000326,조천읍 공영주차장,공영,노외,제주특별자치도 제주시 조천읍 함덕리 3113-2,24,1,미시행,평일+토요일+공휴일,0:00,23:59,0:00,23:59,0:00,23:59,무료,0,0,0,0,제주특별자치도 제주시청,33.5460487,126.6618388
405-2-000327,조천읍 공영주차장,공영,노외,제주특별자치도 제주시 조천읍 함덕리 4144-1,10,1,미시행,평일+토요일+공휴일,0:00,23:59,0:00,23:59,0:00,23:59,무료,0,0,0,0,제주특별자치도 제주시청,33.5398366,126.6737817
405-2-000328,조천읍 공영주차장,공영,노외,제주특별자치도 제주시 조천읍 함덕리 4156,10,1,미시행,평일+토요일+공휴일,0:00,23:59,0:00,23:59,0:00,23:59,무료,0,0,0,0,제주특별자치도 제주시청,33.5396832,126.67448
405-2-000329,조천읍 공영주차장,공영,노외,제주특별자치도 제주시 조천읍 함덕리 4158,9,1,미시행,평일+토요일+공휴일,0:00,23:59,0:00,23:59,0:00,23:59,무료,0,0,0,0,제주특별자치도 제주시청,33.5389866,126.6757012
405-2-000330,조천읍 공영주차장,공영,노외,제주특별자치도 제주시 조천읍 함덕리 4166-6,12,1,미시행,평일+토요일+공휴일,0:00,23:59,0:00,23:59,0:00,23:59,무료,0,0,0,0,제주특별자치도 제주시청,33.5388453,126.6761707
405-2-000331,조천읍 공영주차장,공영,노외,제주특별자치도 제주시 조천읍 함덕리 921-2,8,1,미시행,평일+토요일+공휴일,0:00,23:59,0:00,23:59,0:00,23:59,무료,0,0,0,0,제주특별자치도 제주시청,33.5382982,126.6676188
405-2-000332,조천읍 공영주차장,공영,노외,제주특별자치도 제주시 조천읍 함덕리 972,14,1,미시행,평일+토요일+공휴일,0:00,23:59,0:00,23:59,0:00,23:59,무료,0,0,0,0,제주특별자치도 제주시청,33.5400596,126.6684067
405-2-000333,조천읍 공영주차장,공영,노외,제주특별자치도 제주시 조천읍 함덕리 4166-5,13,1,미시행,평일+토요일+공휴일,0:00,23:59,0:00,23:59,0:00,23:59,무료,0,0,0,0,제주특별자치도 제주시청,33.538846,126.6759733
405-2-000334,조천읍 공영주차장,공영,노외,제주특별자치도 제주시 조천읍 함덕리 266-3,7,1,미시행,평일+토요일+공휴일,0:00,23:59,0:00,23:59,0:00,23:59,무료,0,0,0,0,제주특별자치도 제주시청,33.5426119,126.6742908
405-2-000335,조천읍 공영주차장,공영,노외,제주특별자치도 제주시 조천읍 조천리 1328-6,6,1,미시행,평일+토요일+공휴일,0:00,23:59,0:00,23:59,0:00,23:59,무료,0,0,0,0,제주특별자치도 제주시청,33.5371687,126.6400616
405-2-000336,한경면 공영주차장,공영,노외,"제주특별자치도 제주시 한경면 고산리 1547-1,2",25,1,미시행,평일+토요일+공휴일,0:00,23:59,0:00,23:59,0:00,23:59,무료,0,0,0,0,제주특별자치도 제주시청,33.3032672,126.191155
405-2-000337,한경면 공영주차장,공영,노외,제주특별자치도 제주시 한경면 고산리 1727,11,1,미시행,평일+토요일+공휴일,0:00,23:59,0:00,23:59,0:00,23:59,무료,0,0,0,0,제주특별자치도 제주시청,33.297386,126.1952304
405-2-000338,한경면 공영주차장,공영,노외,"제주특별자치도 제주시 한경면 고산리 1918-1, 1918-2",27,1,미시행,평일+토요일+공휴일,0:00,23:59,0:00,23:59,0:00,23:59,무료,0,0,0,0,제주특별자치도 제주시청,33.3016106,126.1890807
405-2-000339,한경면 공영주차장,공영,노외,제주특별자치도 제주시 한경면 고산리 451,27,1,미시행,평일+토요일+공휴일,0:00,23:59,0:00,23:59,0:00,23:59,무료,0,0,0,0,제주특별자치도 제주시청,33.3030145,126.1983766
405-2-000340,한경면 공영주차장,공영,노외,제주특별자치도 제주시 한경면 신창리 232-2,17,1,미시행,평일+토요일+공휴일,0:00,23:59,0:00,23:59,0:00,23:59,무료,0,0,0,0,제주특별자치도 제주시청,33.3495847,126.1846349
405-2-000341,한경면 공영주차장,공영,노외,제주특별자치도 제주시 한경면 신창리 581,83,1,미시행,평일+토요일+공휴일,0:00,23:59,0:00,23:59,0:00,23:59,무료,0,0,0,0,제주특별자치도 제주시청,33.3451782,126.181698
405-2-000342,한경면 공영주차장,공영,노외,제주특별자치도 제주시 한경면 신창리 582,12,1,미시행,평일+토요일+공휴일,0:00,23:59,0:00,23:59,0:00,23:59,무료,0,0,0,0,제주특별자치도 제주시청,33.3453078,126.1817124
405-2-000343,한경면 공영주차장,공영,노외,제주특별자치도 제주시 한경면 신창리 586,19,1,미시행,평일+토요일+공휴일,0:00,23:59,0:00,23:59,0:00,23:59,무료,0,0,0,0,제주특별자치도 제주시청,33.3450983,126.181765
405-2-000344,한경면 공영주차장,공영,노외,제주특별자치도 제주시 한경면 신창리 587,8,1,미시행,평일+토요일+공휴일,0:00,23:59,0:00,23:59,0:00,23:59,무료,0,0,0,0,제주특별자치도 제주시청,33.3451885,126.1819425
405-2-000345,한경면 공영주차장,공영,노외,제주특별자치도 제주시 한경면 신창리 588,8,1,미시행,평일+토요일+공휴일,0:00,23:59,0:00,23:59,0:00,23:59,무료,0,0,0,0,제주특별자치도 제주시청,33.345055,126.1819021
405-2-000346,한경면 공영주차장,공영,노외,제주특별자치도 제주시 한경면 신창리 589,7,1,미시행,평일+토요일+공휴일,0:00,23:59,0:00,23:59,0:00,23:59,무료,0,0,0,0,제주특별자치도 제주시청,33.344944,126.1818187
405-2-000347,한경면 공영주차장,공영,노외,제주특별자치도 제주시 한경면 신창리 705-1,25,1,미시행,평일+토요일+공휴일,0:00,23:59,0:00,23:59,0:00,23:59,무료,0,0,0,0,제주특별자치도 제주시청,33.3454129,126.1833549
405-2-000348,한경면 공영주차장,공영,노외,제주특별자치도 제주시 한경면 판포리 2863,25,1,미시행,평일+토요일+공휴일,0:00,23:59,0:00,23:59,0:00,23:59,무료,0,0,0,0,제주특별자치도 제주시청,33.3644865,126.2003036
405-2-000349,한경면 공영주차장,공영,노외,제주특별자치도 제주시 한경면 금등리 612-1,18,1,미시행,평일+토요일+공휴일,0:00,23:59,0:00,23:59,0:00,23:59,무료,0,0,0,0,제주특별자치도 제주시청,33.3606042,126.195797
405-2-000350,추자면 공영주차장,공영,노외,"제주특별자치도 제주시 추자면 대서리 4-21, 39",23,1,미시행,평일+토요일+공휴일,0:00,23:59,0:00,23:59,0:00,23:59,무료,0,0,0,0,제주특별자치도 제주시청,33.962351,126.2977276
405-2-000351,추자면 공영주차장,공영,노외,제주특별자치도 제주시 추자면 신양리 434-10,30,1,미시행,평일+토요일+공휴일,0:00,23:59,0:00,23:59,0:00,23:59,무료,0,0,0,0,제주특별자치도 제주시청,33.9452258,126.3289732
405-2-000352,추자면 공영주차장,공영,노외,제주특별자치도 제주시 추자면 추자로 98,4,1,미시행,평일+토요일+공휴일,0:00,23:59,0:00,23:59,0:00,23:59,무료,0,0,0,0,제주특별자치도 제주시청,33.9594877,126.2965757
405-2-000353,추자면 공영주차장,공영,노외,제주특별자치도 제주시 추자면 대서리 110-2,5,1,미시행,평일+토요일+공휴일,0:00,23:59,0:00,23:59,0:00,23:59,무료,0,0,0,0,제주특별자치도 제주시청,33.9631773,126.293252
405-2-000354,추자면 공영주차장,공영,노외,제주특별자치도 제주시 추자면 대서리 173-3,5,1,미시행,평일+토요일+공휴일,0:00,23:59,0:00,23:59,0:00,23:59,무료,0,0,0,0,제주특별자치도 제주시청,33.9615002,126.293306
405-2-000355,추자면 공영주차장,공영,노외,제주특별자치도 제주시 추자면 예초리 215-1,4,1,미시행,평일+토요일+공휴일,0:00,23:59,0:00,23:59,0:00,23:59,무료,0,0,0,0,제주특별자치도 제주시청,33.9519361,126.3314838
405-2-000356,추자면 공영주차장,공영,노외,제주특별자치도 제주시 추자면 묵리 386,8,1,미시행,평일+토요일+공휴일,0:00,23:59,0:00,23:59,0:00,23:59,무료,0,0,0,0,제주특별자치도 제주시청,33.948255,126.3145612
405-2-000357,추자면 공영주차장,공영,노외,제주특별자치도 제주시 추자면 신양리 610-1,3,1,미시행,평일+토요일+공휴일,0:00,23:59,0:00,23:59,0:00,23:59,무료,0,0,0,0,제주특별자치도 제주시청,33.9429317,126.3215199
405-2-000358,추자면 공영주차장,공영,노외,제주특별자치도 제주시 추자면 영흥리 256,4,1,미시행,평일+토요일+공휴일,0:00,23:59,0:00,23:59,0:00,23:59,무료,0,0,0,0,제주특별자치도 제주시청,33.9592313,126.2960253
405-2-000359,추자면 공영주차장,공영,노외,제주특별자치도 제주시 추자면 신양리 817-1,6,1,미시행,평일+토요일+공휴일,0:00,23:59,0:00,23:59,0:00,23:59,무료,0,0,0,0,제주특별자치도 제주시청,33.9411919,126.3211895
405-2-000360,우도면 공영주차장,공영,노외,제주특별자치도 제주시 우도면 연평리 611-1,36,1,미시행,평일+토요일+공휴일,0:00,23:59,0:00,23:59,0:00,23:59,무료,0,0,0,0,제주특별자치도 제주시청,33.5093363,126.9617858
405-2-000361,우도면 공영주차장,공영,노외,제주특별자치도 제주시 우도면 연평리 317-1,24,1,미시행,평일+토요일+공휴일,0:00,23:59,0:00,23:59,0:00,23:59,무료,0,0,0,0,제주특별자치도 제주시청,33.4972583,126.9683971
405-2-000362,우도면 공영주차장,공영,노외,제주특별자치도 제주시 우도면 연평리 682-1,25,1,미시행,평일+토요일+공휴일,0:00,23:59,0:00,23:59,0:00,23:59,무료,0,0,0,0,제주특별자치도 제주시청,33.5124916,126.9595143
405-2-000363,우도면 공영주차장,공영,노외,제주특별자치도 제주시 우도면 연평리 1457,13,1,미시행,평일+토요일+공휴일,0:00,23:59,0:00,23:59,0:00,23:59,무료,0,0,0,0,제주특별자치도 제주시청,33.5074324,126.9536946
405-2-000364,우도면 공영주차장,공영,노외,제주특별자치도 제주시 우도면 연평리 312-8,7,1,미시행,평일+토요일+공휴일,0:00,23:59,0:00,23:59,0:00,23:59,무료,0,0,0,0,제주특별자치도 제주시청,33.4978795,126.9686753
405-2-000365,우도면 공영주차장,공영,노외,제주특별자치도 제주시 우도면 연평리 312-10,29,1,미시행,평일+토요일+공휴일,0:00,23:59,0:00,23:59,0:00,23:59,무료,0,0,0,0,제주특별자치도 제주시청,33.4976539,126.9687009
405-2-000366,우도면 공영주차장,공영,노외,제주특별자치도 제주시 우도면 연평리 926,14,1,미시행,평일+토요일+공휴일,0:00,23:59,0:00,23:59,0:00,23:59,무료,0,0,0,0,제주특별자치도 제주시청,33.518707,126.951801
405-2-000367,우도면 공영주차장,공영,노외,제주특별자치도 제주시 우도면 연평리 2469-1,67,1,미시행,평일+토요일+공휴일,0:00,23:59,0:00,23:59,0:00,23:59,무료,0,0,0,0,제주특별자치도 제주시청,33.5060327,126.9418559
405-2-000368,일도이동 공영주차장,공영,노외,제주특별자치도 제주시 일도이동 1006-35,7,1,미시행,평일+토요일+공휴일,0:00,23:59,0:00,23:59,0:00,23:59,무료,0,0,0,0,제주특별자치도 제주시청,33.512314,126.5338693
405-2-000369,일도이동 공영주차장,공영,노외,제주특별자치도 제주시 일도이동 1020-1,8,1,미시행,평일+토요일+공휴일,0:00,23:59,0:00,23:59,0:00,23:59,무료,0,0,0,0,제주특별자치도 제주시청,33.5102727,126.5329002
405-2-000370,일도이동 공영주차장,공영,노외,"제주특별자치도 제주시 일도이동 1029-191, 253, 250, 285",27,1,미시행,평일+토요일+공휴일,0:00,23:59,0:00,23:59,0:00,23:59,무료,0,0,0,0,제주특별자치도 제주시청,33.5085881,126.5308441
405-2-000371,일도이동 공영주차장,공영,노외,제주특별자치도 제주시 일도이동 1029-22,6,1,미시행,평일+토요일+공휴일,0:00,23:59,0:00,23:59,0:00,23:59,무료,0,0,0,0,제주특별자치도 제주시청,33.5099721,126.5313563
405-2-000372,일도이동 공영주차장,공영,노외,제주특별자치도 제주시 일도이동 1029-32,6,1,미시행,평일+토요일+공휴일,0:00,23:59,0:00,23:59,0:00,23:59,무료,0,0,0,0,제주특별자치도 제주시청,33.5103584,126.5308593
405-2-000373,일도이동 공영주차장,공영,노외,제주특별자치도 제주시 일도이동 1029-96,4,1,미시행,평일+토요일+공휴일,0:00,23:59,0:00,23:59,0:00,23:59,무료,0,0,0,0,제주특별자치도 제주시청,33.5101687,126.5305781
405-2-000374,일도이동 공영주차장,공영,노외,제주특별자치도 제주시 일도이동 1029-99,9,1,미시행,평일+토요일+공휴일,0:00,23:59,0:00,23:59,0:00,23:59,무료,0,0,0,0,제주특별자치도 제주시청,33.5105476,126.5305832
405-2-000375,일도이동 공영주차장,공영,노외,제주특별자치도 제주시 일도이동 1033-3,3,1,미시행,평일+토요일+공휴일,0:00,23:59,0:00,23:59,0:00,23:59,무료,0,0,0,0,제주특별자치도 제주시청,33.5087414,126.5322981
405-2-000376,일도이동 공영주차장,공영,노외,제주특별자치도 제주시 일도이동 1036-6,32,1,미시행,평일+토요일+공휴일,0:00,23:59,0:00,23:59,0:00,23:59,무료,0,0,0,0,제주특별자치도 제주시청,33.5074668,126.5308228
405-2-000377,일도이동 공영주차장,공영,노외,제주특별자치도 제주시 일도이동 107,7,1,미시행,평일+토요일+공휴일,0:00,23:59,0:00,23:59,0:00,23:59,무료,0,0,0,0,제주특별자치도 제주시청,33.4992875,126.5463633
405-2-000378,일도이동 공영주차장,공영,노외,제주특별자치도 제주시 일도이동 109-10,8,1,미시행,평일+토요일+공휴일,0:00,23:59,0:00,23:59,0:00,23:59,무료,0,0,0,0,제주특별자치도 제주시청,33.4980319,126.5463166
405-2-000379,일도이동 공영주차장,공영,노외,제주특별자치도 제주시 일도이동 132-14,9,1,미시행,평일+토요일+공휴일,0:00,23:59,0:00,23:59,0:00,23:59,무료,0,0,0,0,제주특별자치도 제주시청,33.5134549,126.5391003
405-2-000380,일도이동 공영주차장,공영,노외,제주특별자치도 제주시 일도이동 163,4,1,미시행,평일+토요일+공휴일,0:00,23:59,0:00,23:59,0:00,23:59,무료,0,0,0,0,제주특별자치도 제주시청,33.5101861,126.5363907
405-2-000381,일도이동 공영주차장,공영,노외,제주특별자치도 제주시 일도이동 163-40,6,1,미시행,평일+토요일+공휴일,0:00,23:59,0:00,23:59,0:00,23:59,무료,0,0,0,0,제주특별자치도 제주시청,33.5100715,126.5365247
405-2-000382,일도이동 공영주차장,공영,노외,제주특별자치도 제주시 일도이동 318-9,5,1,미시행,평일+토요일+공휴일,0:00,23:59,0:00,23:59,0:00,23:59,무료,0,0,0,0,제주특별자치도 제주시청,33.5094638,126.5375142
405-2-000383,일도이동 공영주차장,공영,노외,제주특별자치도 제주시 일도이동 336-30,14,1,미시행,평일+토요일+공휴일,0:00,23:59,0:00,23:59,0:00,23:59,무료,0,0,0,0,제주특별자치도 제주시청,33.5070932,126.5358661
405-2-000384,일도이동 공영주차장,공영,노외,제주특별자치도 제주시 일도이동 357-7,10,1,미시행,평일+토요일+공휴일,0:00,23:59,0:00,23:59,0:00,23:59,무료,0,0,0,0,제주특별자치도 제주시청,33.5083561,126.5404975
405-2-000385,일도이동 공영주차장,공영,노외,제주특별자치도 제주시 일도이동 71-13,16,1,미시행,평일+토요일+공휴일,0:00,23:59,0:00,23:59,0:00,23:59,무료,0,0,0,0,제주특별자치도 제주시청,33.5003712,126.5443596
405-2-000386,일도이동 공영주차장,공영,노외,제주특별자치도 제주시 일도이동 88-1,26,1,미시행,평일+토요일+공휴일,0:00,23:59,0:00,23:59,0:00,23:59,무료,0,0,0,0,제주특별자치도 제주시청,33.4998297,126.5467592
405-2-000387,일도이동 공영주차장,공영,노외,제주특별자치도 제주시 일도이동 984-3,16,1,미시행,평일+토요일+공휴일,0:00,23:59,0:00,23:59,0:00,23:59,무료,0,0,0,0,제주특별자치도 제주시청,33.5122039,126.5365604
405-2-000388,일도이동 공영주차장,공영,노외,제주특별자치도 제주시 일도이동 994-19,4,1,미시행,평일+토요일+공휴일,0:00,23:59,0:00,23:59,0:00,23:59,무료,0,0,0,0,제주특별자치도 제주시청,33.5129973,126.5329473
405-2-000389,일도이동 공영주차장,공영,노외,제주특별자치도 제주시 일도이동 55-8,23,1,미시행,평일+토요일+공휴일,0:00,23:59,0:00,23:59,0:00,23:59,무료,0,0,0,0,제주특별자치도 제주시청,33.5028489,126.544611
405-2-000390,일도이동 공영주차장,공영,노외,제주특별자치도 제주시 일도이동 320-10,13,1,미시행,평일+토요일+공휴일,0:00,23:59,0:00,23:59,0:00,23:59,무료,0,0,0,0,제주특별자치도 제주시청,33.5103546,126.5387535
405-2-000391,일도이동 공영주차장,공영,노외,제주특별자치도 제주시 일도이동 132-19,5,1,미시행,평일+토요일+공휴일,0:00,23:59,0:00,23:59,0:00,23:59,무료,0,0,0,0,제주특별자치도 제주시청,33.5133208,126.538758
405-2-000392,일도이동 공영주차장,공영,노외,"제주특별자치도 제주시 일도이동 338-7, 8",16,1,미시행,평일+토요일+공휴일,0:00,23:59,0:00,23:59,0:00,23:59,무료,0,0,0,0,제주특별자치도 제주시청,33.5066805,126.5352066
405-2-000393,일도이동 공영주차장,공영,노외,제주특별자치도 제주시 일도이동 1033-3,3,1,미시행,평일+토요일+공휴일,0:00,23:59,0:00,23:59,0:00,23:59,무료,0,0,0,0,제주특별자치도 제주시청,33.5087414,126.5322981
405-2-000394,이도일동 공영주차장,공영,노외,제주특별자치도 제주시 이도일동 1292-10,21,1,미시행,평일+토요일+공휴일,0:00,23:59,0:00,23:59,0:00,23:59,무료,0,0,0,0,제주특별자치도 제주시청,33.5046322,126.5266641
405-2-000395,이도일동 공영주차장,공영,노외,제주특별자치도 제주시 이도일동 1292-2,11,1,미시행,평일+토요일+공휴일,0:00,23:59,0:00,23:59,0:00,23:59,무료,0,0,0,0,제주특별자치도 제주시청,33.5047498,126.5265836
405-2-000396,이도일동 공영주차장,공영,노외,제주특별자치도 제주시 이도일동 1307,12,1,미시행,평일+토요일+공휴일,0:00,23:59,0:00,23:59,0:00,23:59,무료,0,0,0,0,제주특별자치도 제주시청,33.5033771,126.5287419
405-2-000397,이도일동 공영주차장,공영,노외,"제주특별자치도 제주시 이도일동 1324-21, 1324-14, 1324-13, 1324-19, 1321-2",7,1,미시행,평일+토요일+공휴일,0:00,23:59,0:00,23:59,0:00,23:59,무료,0,0,0,0,제주특별자치도 제주시청,33.5067151,126.527776
405-2-000398,이도일동 공영주차장,공영,노외,제주특별자치도 제주시 이도일동 1349-54,10,1,미시행,평일+토요일+공휴일,0:00,23:59,0:00,23:59,0:00,23:59,무료,0,0,0,0,제주특별자치도 제주시청,33.512213,126.524914
405-2-000399,이도일동 공영주차장,공영,노외,제주특별자치도 제주시 이도일동 1502-2,14,1,미시행,평일+토요일+공휴일,0:00,23:59,0:00,23:59,0:00,23:59,무료,0,0,0,0,제주특별자치도 제주시청,33.5096262,126.526531
405-2-000400,이도일동 공영주차장,공영,노외,"제주특별자치도 제주시 이도일동 1510, 1511-1, 1932-53, 1949-1",9,1,미시행,평일+토요일+공휴일,0:00,23:59,0:00,23:59,0:00,23:59,무료,0,0,0,0,제주특별자치도 제주시청,33.5097053,126.5238835
405-2-000401,이도일동 공영주차장,공영,노외,제주특별자치도 제주시 이도일동 1527-16,5,1,미시행,평일+토요일+공휴일,0:00,23:59,0:00,23:59,0:00,23:59,무료,0,0,0,0,제주특별자치도 제주시청,33.5088339,126.5251603
405-2-000402,이도일동 공영주차장,공영,노외,제주특별자치도 제주시 이도일동 1551-31,6,1,미시행,평일+토요일+공휴일,0:00,23:59,0:00,23:59,0:00,23:59,무료,0,0,0,0,제주특별자치도 제주시청,33.5090816,126.525813
405-2-000403,이도일동 공영주차장,공영,노외,제주특별자치도 제주시 이도일동 1554-1,4,1,미시행,평일+토요일+공휴일,0:00,23:59,0:00,23:59,0:00,23:59,무료,0,0,0,0,제주특별자치도 제주시청,33.5086006,126.526921
405-2-000404,이도일동 공영주차장,공영,노외,제주특별자치도 제주시 이도일동 1555-25,6,1,미시행,평일+토요일+공휴일,0:00,23:59,0:00,23:59,0:00,23:59,무료,0,0,0,0,제주특별자치도 제주시청,33.5087269,126.5269954
405-2-000405,이도일동 공영주차장,공영,노외,"제주특별자치도 제주시 이도일동 1698-2, 1563-18",12,1,미시행,평일+토요일+공휴일,0:00,23:59,0:00,23:59,0:00,23:59,무료,0,0,0,0,제주특별자치도 제주시청,33.5085337,126.5257753
405-2-000406,이도일동 공영주차장,공영,노외,제주특별자치도 제주시 이도일동 1701-12,4,1,미시행,평일+토요일+공휴일,0:00,23:59,0:00,23:59,0:00,23:59,무료,0,0,0,0,제주특별자치도 제주시청,33.507981,126.5251109
405-2-000407,이도일동 공영주차장,공영,노외,"제주특별자치도 제주시 이도일동 1701-6,1701-14",10,1,미시행,평일+토요일+공휴일,0:00,23:59,0:00,23:59,0:00,23:59,무료,0,0,0,0,제주특별자치도 제주시청,33.5080353,126.5254309
405-2-000408,시민회관 남측 공영주차장,공영,노외,제주특별자치도 제주시 이도일동 1704-6,46,1,미시행,평일+토요일+공휴일,0:00,23:59,0:00,23:59,0:00,23:59,무료,0,0,0,0,제주특별자치도 제주시청,33.507235,126.5254589
405-2-000409,이도일동 공영주차장,공영,노외,제주특별자치도 제주시 이도일동 1782-12,22,1,미시행,평일+토요일+공휴일,0:00,23:59,0:00,23:59,0:00,23:59,무료,0,0,0,0,제주특별자치도 제주시청,33.5005013,126.5259249
405-2-000410,이도일동 공영주차장,공영,노외,제주특별자치도 제주시 이도일동 1688-11,6,1,미시행,평일+토요일+공휴일,0:00,23:59,0:00,23:59,0:00,23:59,무료,0,0,0,0,제주특별자치도 제주시청,33.5033902,126.5264244
405-2-000411,이도일동 공영주차장,공영,노외,"제주특별자치도 제주시 이도일동 1555, 1555-38",10,1,미시행,평일+토요일+공휴일,0:00,23:59,0:00,23:59,0:00,23:59,무료,0,0,0,0,제주특별자치도 제주시청,33.5091915,126.5268473
405-2-000412,이도이동 공영주차장,공영,노외,제주특별자치도 제주시 도남동 47-14,7,1,미시행,평일+토요일+공휴일,0:00,23:59,0:00,23:59,0:00,23:59,무료,0,0,0,0,제주특별자치도 제주시청,33.4954695,126.5253974
405-2-000413,이도이동 공영주차장,공영,노외,"제주특별자치도 제주시 도남동 572-3,4",23,1,미시행,평일+토요일+공휴일,0:00,23:59,0:00,23:59,0:00,23:59,무료,0,0,0,0,제주특별자치도 제주시청,33.4904561,126.5193693
405-2-000414,이도이동 공영주차장,공영,노외,제주특별자치도 제주시 도남동 57-3,27,1,미시행,평일+토요일+공휴일,0:00,23:59,0:00,23:59,0:00,23:59,무료,0,0,0,0,제주특별자치도 제주시청,33.493124,126.5275503
405-2-000415,이도이동 공영주차장,공영,노외,제주특별자치도 제주시 도남동 573-4,11,1,미시행,평일+토요일+공휴일,0:00,23:59,0:00,23:59,0:00,23:59,무료,0,0,0,0,제주특별자치도 제주시청,33.4901149,126.5198347
405-2-000416,이도이동 공영주차장,공영,노외,제주특별자치도 제주시 도남동 573-5,16,1,미시행,평일+토요일+공휴일,0:00,23:59,0:00,23:59,0:00,23:59,무료,0,0,0,0,제주특별자치도 제주시청,33.4901353,126.5196658
405-2-000417,이도이동 공영주차장,공영,노외,제주특별자치도 제주시 도남동 59-4,11,1,미시행,평일+토요일+공휴일,0:00,23:59,0:00,23:59,0:00,23:59,무료,0,0,0,0,제주특별자치도 제주시청,33.4924188,126.5259693
405-2-000418,이도이동 공영주차장,공영,노외,제주특별자치도 제주시 도남동 663-15,18,1,미시행,평일+토요일+공휴일,0:00,23:59,0:00,23:59,0:00,23:59,무료,0,0,0,0,제주특별자치도 제주시청,33.4901617,126.5265007
405-2-000419,이도이동 공영주차장,공영,노외,제주특별자치도 제주시 도남동 663-2,13,1,미시행,평일+토요일+공휴일,0:00,23:59,0:00,23:59,0:00,23:59,무료,0,0,0,0,제주특별자치도 제주시청,33.4910534,126.5267341
405-2-000420,이도이동 공영주차장,공영,노외,제주특별자치도 제주시 도남동 663-3,13,1,미시행,평일+토요일+공휴일,0:00,23:59,0:00,23:59,0:00,23:59,무료,0,0,0,0,제주특별자치도 제주시청,33.490966,126.5268796
405-2-000421,이도이동 공영주차장,공영,노외,제주특별자치도 제주시 도남동 663-7,16,1,미시행,평일+토요일+공휴일,0:00,23:59,0:00,23:59,0:00,23:59,무료,0,0,0,0,제주특별자치도 제주시청,33.4906164,126.5274604
405-2-000422,이도이동 공영주차장,공영,노외,제주특별자치도 제주시 도남동 684-2,13,1,미시행,평일+토요일+공휴일,0:00,23:59,0:00,23:59,0:00,23:59,무료,0,0,0,0,제주특별자치도 제주시청,33.4886848,126.520655
405-2-000423,이도이동 공영주차장,공영,노외,제주특별자치도 제주시 도남동 688-1,13,1,미시행,평일+토요일+공휴일,0:00,23:59,0:00,23:59,0:00,23:59,무료,0,0,0,0,제주특별자치도 제주시청,33.4879982,126.5215482
405-2-000424,이도이동 공영주차장,공영,노외,제주특별자치도 제주시 도남동 689-7,19,1,미시행,평일+토요일+공휴일,0:00,23:59,0:00,23:59,0:00,23:59,무료,0,0,0,0,제주특별자치도 제주시청,33.4882951,126.5212243
405-2-000425,이도이동 공영주차장,공영,노외,제주특별자치도 제주시 도남동 694-4,15,1,미시행,평일+토요일+공휴일,0:00,23:59,0:00,23:59,0:00,23:59,무료,0,0,0,0,제주특별자치도 제주시청,33.4895764,126.5234179
405-2-000426,이도이동 공영주차장,공영,노외,제주특별자치도 제주시 도남동 694-7,14,1,미시행,평일+토요일+공휴일,0:00,23:59,0:00,23:59,0:00,23:59,무료,0,0,0,0,제주특별자치도 제주시청,33.4895742,126.5228892
405-2-000427,이도이동 공영주차장,공영,노외,제주특별자치도 제주시 도남동 696-7,11,1,미시행,평일+토요일+공휴일,0:00,23:59,0:00,23:59,0:00,23:59,무료,0,0,0,0,제주특별자치도 제주시청,33.4893141,126.5212051
405-2-000428,이도이동 공영주차장,공영,노외,제주특별자치도 제주시 도남동 703-5,14,1,미시행,평일+토요일+공휴일,0:00,23:59,0:00,23:59,0:00,23:59,무료,0,0,0,0,제주특별자치도 제주시청,33.4891391,126.5220874
405-2-000429,이도이동 공영주차장,공영,노외,제주특별자치도 제주시 도남동 703-8,8,1,미시행,평일+토요일+공휴일,0:00,23:59,0:00,23:59,0:00,23:59,무료,0,0,0,0,제주특별자치도 제주시청,33.4891422,126.5226207
405-2-000430,이도이동 공영주차장,공영,노외,제주특별자치도 제주시 도남동 705-10,13,1,미시행,평일+토요일+공휴일,0:00,23:59,0:00,23:59,0:00,23:59,무료,0,0,0,0,제주특별자치도 제주시청,33.4891433,126.5232414
405-2-000431,이도이동 공영주차장,공영,노외,제주특별자치도 제주시 도남동 705-14,9,1,미시행,평일+토요일+공휴일,0:00,23:59,0:00,23:59,0:00,23:59,무료,0,0,0,0,제주특별자치도 제주시청,33.4891475,126.5239482
405-2-000432,이도이동 공영주차장,공영,노외,제주특별자치도 제주시 도남동 705-4,15,1,미시행,평일+토요일+공휴일,0:00,23:59,0:00,23:59,0:00,23:59,무료,0,0,0,0,제주특별자치도 제주시청,33.4893235,126.523417
405-2-000433,이도이동 공영주차장,공영,노외,제주특별자치도 제주시 도남동 705-7,14,1,미시행,평일+토요일+공휴일,0:00,23:59,0:00,23:59,0:00,23:59,무료,0,0,0,0,제주특별자치도 제주시청,33.4893199,126.5228875
405-2-000434,이도이동 공영주차장,공영,노외,제주특별자치도 제주시 도남동 705-9,14,1,미시행,평일+토요일+공휴일,0:00,23:59,0:00,23:59,0:00,23:59,무료,0,0,0,0,제주특별자치도 제주시청,33.4891427,126.523065
405-2-000435,이도이동 공영주차장,공영,노외,제주특별자치도 제주시 도남동 713-2,11,1,미시행,평일+토요일+공휴일,0:00,23:59,0:00,23:59,0:00,23:59,무료,0,0,0,0,제주특별자치도 제주시청,33.4886665,126.524217
405-2-000436,이도이동 공영주차장,공영,노외,제주특별자치도 제주시 도남동 726-11,15,1,미시행,평일+토요일+공휴일,0:00,23:59,0:00,23:59,0:00,23:59,무료,0,0,0,0,제주특별자치도 제주시청,33.4886947,126.5234203
405-2-000437,이도이동 공영주차장,공영,노외,제주특별자치도 제주시 도남동 726-9,14,1,미시행,평일+토요일+공휴일,0:00,23:59,0:00,23:59,0:00,23:59,무료,0,0,0,0,제주특별자치도 제주시청,33.4886934,126.5230675
405-2-000438,이도이동 공영주차장,공영,노외,제주특별자치도 제주시 도남동 730-3,12,1,미시행,평일+토요일+공휴일,0:00,23:59,0:00,23:59,0:00,23:59,무료,0,0,0,0,제주특별자치도 제주시청,33.4886908,126.522447
405-2-000439,이도이동 공영주차장,공영,노외,제주특별자치도 제주시 도남동 732-2,12,1,미시행,평일+토요일+공휴일,0:00,23:59,0:00,23:59,0:00,23:59,무료,0,0,0,0,제주특별자치도 제주시청,33.4884386,126.5224485
405-2-000440,이도이동 공영주차장,공영,노외,제주특별자치도 제주시 도남동 734-1,14,1,미시행,평일+토요일+공휴일,0:00,23:59,0:00,23:59,0:00,23:59,무료,0,0,0,0,제주특별자치도 제주시청,33.4884412,126.5235117
405-2-000441,이도이동 공영주차장,공영,노외,제주특별자치도 제주시 도남동 735-1,22,1,미시행,평일+토요일+공휴일,0:00,23:59,0:00,23:59,0:00,23:59,무료,0,0,0,0,제주특별자치도 제주시청,33.4884426,126.5238658
405-2-000442,이도이동 공영주차장,공영,노외,제주특별자치도 제주시 도남동 735-3,13,1,미시행,평일+토요일+공휴일,0:00,23:59,0:00,23:59,0:00,23:59,무료,0,0,0,0,제주특별자치도 제주시청,33.4882654,126.5239555
405-2-000443,이도이동 공영주차장,공영,노외,제주특별자치도 제주시 도남동 737-1,14,1,미시행,평일+토요일+공휴일,0:00,23:59,0:00,23:59,0:00,23:59,무료,0,0,0,0,제주특별자치도 제주시청,33.4880055,126.5242207
405-2-000444,이도이동 공영주차장,공영,노외,제주특별자치도 제주시 도남동 737-2,14,1,미시행,평일+토요일+공휴일,0:00,23:59,0:00,23:59,0:00,23:59,무료,0,0,0,0,제주특별자치도 제주시청,33.4878059,126.5242218
405-2-000445,이도이동 공영주차장,공영,노외,제주특별자치도 제주시 도남동 737-3,13,1,미시행,평일+토요일+공휴일,0:00,23:59,0:00,23:59,0:00,23:59,무료,0,0,0,0,제주특별자치도 제주시청,33.4876051,126.5242185
405-2-000446,이도이동 공영주차장,공영,노외,제주특별자치도 제주시 도남동 740-2,13,1,미시행,평일+토요일+공휴일,0:00,23:59,0:00,23:59,0:00,23:59,무료,0,0,0,0,제주특별자치도 제주시청,33.4880113,126.5233379
405-2-000447,이도이동 공영주차장,공영,노외,제주특별자치도 제주시 도남동 742-1,32,1,미시행,평일+토요일+공휴일,0:00,23:59,0:00,23:59,0:00,23:59,무료,0,0,0,0,제주특별자치도 제주시청,33.4879354,126.5225603
405-2-000448,이도이동 공영주차장,공영,노외,제주특별자치도 제주시 도남동 747-5,14,1,미시행,평일+토요일+공휴일,0:00,23:59,0:00,23:59,0:00,23:59,무료,0,0,0,0,제주특별자치도 제주시청,33.4891537,126.5284997
405-2-000449,이도이동 공영주차장,공영,노외,제주특별자치도 제주시 도남동 747-6,12,1,미시행,평일+토요일+공휴일,0:00,23:59,0:00,23:59,0:00,23:59,무료,0,0,0,0,제주특별자치도 제주시청,33.4890642,126.5283656
405-2-000450,이도이동 공영주차장,공영,노외,제주특별자치도 제주시 도남동 748-8,17,1,미시행,평일+토요일+공휴일,0:00,23:59,0:00,23:59,0:00,23:59,무료,0,0,0,0,제주특별자치도 제주시청,33.4889737,126.5275749
405-2-000451,이도이동 공영주차장,공영,노외,제주특별자치도 제주시 도남동 755-1,33,1,미시행,평일+토요일+공휴일,0:00,23:59,0:00,23:59,0:00,23:59,무료,0,0,0,0,제주특별자치도 제주시청,33.4888982,126.5259177
405-2-000452,이도이동 공영주차장,공영,노외,제주특별자치도 제주시 도남동 761-7,15,1,미시행,평일+토요일+공휴일,0:00,23:59,0:00,23:59,0:00,23:59,무료,0,0,0,0,제주특별자치도 제주시청,33.4887001,126.5250451
405-2-000453,이도이동 공영주차장,공영,노외,제주특별자치도 제주시 도남동 763-3,10,1,미시행,평일+토요일+공휴일,0:00,23:59,0:00,23:59,0:00,23:59,무료,0,0,0,0,제주특별자치도 제주시청,33.4884722,126.5246109
405-2-000454,이도이동 공영주차장,공영,노외,제주특별자치도 제주시 도남동 769-9,19,1,미시행,평일+토요일+공휴일,0:00,23:59,0:00,23:59,0:00,23:59,무료,0,0,0,0,제주특별자치도 제주시청,33.4878388,126.5249553
405-2-000455,이도이동 공영주차장,공영,노외,제주특별자치도 제주시 도남동 771-10,14,1,미시행,평일+토요일+공휴일,0:00,23:59,0:00,23:59,0:00,23:59,무료,0,0,0,0,제주특별자치도 제주시청,33.4882977,126.5254599
405-2-000456,이도이동 공영주차장,공영,노외,제주특별자치도 제주시 도남동 772-18,12,1,미시행,평일+토요일+공휴일,0:00,23:59,0:00,23:59,0:00,23:59,무료,0,0,0,0,제주특별자치도 제주시청,33.4887568,126.5274191
405-2-000457,이도이동 공영주차장,공영,노외,제주특별자치도 제주시 도남동 772-7,12,1,미시행,평일+토요일+공휴일,0:00,23:59,0:00,23:59,0:00,23:59,무료,0,0,0,0,제주특별자치도 제주시청,33.4883839,126.5265068
405-2-000458,이도이동 공영주차장,공영,노외,제주특별자치도 제주시 도남동 910-1,18,1,미시행,평일+토요일+공휴일,0:00,23:59,0:00,23:59,0:00,23:59,무료,0,0,0,0,제주특별자치도 제주시청,33.4974372,126.5257384
405-2-000459,이도이동 공영주차장,공영,노외,제주특별자치도 제주시 도남동 916-10,7,1,미시행,평일+토요일+공휴일,0:00,23:59,0:00,23:59,0:00,23:59,무료,0,0,0,0,제주특별자치도 제주시청,33.4980779,126.5263195
405-2-000460,이도이동 공영주차장,공영,노외,"제주특별자치도 제주시 이도이동 1024, 1024-2",25,1,미시행,평일+토요일+공휴일,0:00,23:59,0:00,23:59,0:00,23:59,무료,0,0,0,0,제주특별자치도 제주시청,33.4943585,126.5335729
405-2-000461,이도이동 공영주차장,공영,노외,제주특별자치도 제주시 이도이동 1028-1,19,1,미시행,평일+토요일+공휴일,0:00,23:59,0:00,23:59,0:00,23:59,무료,0,0,0,0,제주특별자치도 제주시청,33.4916419,126.5350555
405-2-000462,이도이동 공영주차장,공영,노외,제주특별자치도 제주시 이도이동 1083-7,5,1,미시행,평일+토요일+공휴일,0:00,23:59,0:00,23:59,0:00,23:59,무료,0,0,0,0,제주특별자치도 제주시청,33.4933672,126.5373513
405-2-000463,이도이동 공영주차장,공영,노외,제주특별자치도 제주시 이도이동 1766-28,11,1,미시행,평일+토요일+공휴일,0:00,23:59,0:00,23:59,0:00,23:59,무료,0,0,0,0,제주특별자치도 제주시청,33.4982064,126.52844
405-2-000464,이도이동 공영주차장,공영,노외,제주특별자치도 제주시 이도이동 1766-32,6,1,미시행,평일+토요일+공휴일,0:00,23:59,0:00,23:59,0:00,23:59,무료,0,0,0,0,제주특별자치도 제주시청,33.498291,126.5283632
405-2-000465,이도이동 공영주차장,공영,노외,제주특별자치도 제주시 이도이동 1766-5,0,1,미시행,평일+토요일+공휴일,0:00,23:59,0:00,23:59,0:00,23:59,무료,0,0,0,0,제주특별자치도 제주시청,33.4981237,126.5283699
405-2-000466,이도이동 공영주차장,공영,노외,제주특별자치도 제주시 이도이동 1945-6,21,1,미시행,평일+토요일+공휴일,0:00,23:59,0:00,23:59,0:00,23:59,무료,0,0,0,0,제주특별자치도 제주시청,33.4947073,126.5448419
405-2-000467,이도이동 공영주차장,공영,노외,제주특별자치도 제주시 이도이동 1949-1,20,1,미시행,평일+토요일+공휴일,0:00,23:59,0:00,23:59,0:00,23:59,무료,0,0,0,0,제주특별자치도 제주시청,33.4954969,126.5469069
405-2-000468,이도이동 공영주차장,공영,노외,제주특별자치도 제주시 이도이동 1954-1,12,1,미시행,평일+토요일+공휴일,0:00,23:59,0:00,23:59,0:00,23:59,무료,0,0,0,0,제주특별자치도 제주시청,33.4945806,126.5477089
405-2-000469,이도이동 공영주차장,공영,노외,제주특별자치도 제주시 이도이동 1954-4,24,1,미시행,평일+토요일+공휴일,0:00,23:59,0:00,23:59,0:00,23:59,무료,0,0,0,0,제주특별자치도 제주시청,33.4942864,126.547198
405-2-000470,이도이동 공영주차장,공영,노외,제주특별자치도 제주시 이도이동 1960-3,22,1,미시행,평일+토요일+공휴일,0:00,23:59,0:00,23:59,0:00,23:59,무료,0,0,0,0,제주특별자치도 제주시청,33.4939232,126.5455297
405-2-000471,이도이동 공영주차장,공영,노외,제주특별자치도 제주시 이도이동 1963-7,79,1,미시행,평일+토요일+공휴일,0:00,23:59,0:00,23:59,0:00,23:59,무료,0,0,0,0,제주특별자치도 제주시청,33.4928855,126.5455114
405-2-000472,이도이동 공영주차장,공영,노외,제주특별자치도 제주시 이도이동 1968-5,27,1,미시행,평일+토요일+공휴일,0:00,23:59,0:00,23:59,0:00,23:59,무료,0,0,0,0,제주특별자치도 제주시청,33.4944579,126.5421978
405-2-000473,이도이동 공영주차장,공영,노외,제주특별자치도 제주시 이도이동 1970-17,22,1,미시행,평일+토요일+공휴일,0:00,23:59,0:00,23:59,0:00,23:59,무료,0,0,0,0,제주특별자치도 제주시청,33.4941579,126.541337
405-2-000474,이도이동 공영주차장,공영,노외,제주특별자치도 제주시 이도이동 1974-1,25,1,미시행,평일+토요일+공휴일,0:00,23:59,0:00,23:59,0:00,23:59,무료,0,0,0,0,제주특별자치도 제주시청,33.4925991,126.5405152
405-2-000475,이도이동 공영주차장,공영,노외,제주특별자치도 제주시 이도이동 1975-7,11,1,미시행,평일+토요일+공휴일,0:00,23:59,0:00,23:59,0:00,23:59,무료,0,0,0,0,제주특별자치도 제주시청,33.4920341,126.5401728
405-2-000476,이도이동 공영주차장,공영,노외,제주특별자치도 제주시 이도이동 1977-7,28,1,미시행,평일+토요일+공휴일,0:00,23:59,0:00,23:59,0:00,23:59,무료,0,0,0,0,제주특별자치도 제주시청,33.4911513,126.5408389
405-2-000477,이도이동 공영주차장,공영,노외,제주특별자치도 제주시 이도이동 1982-1,19,1,미시행,평일+토요일+공휴일,0:00,23:59,0:00,23:59,0:00,23:59,무료,0,0,0,0,제주특별자치도 제주시청,33.4905914,126.5426224
405-2-000478,이도이동 공영주차장,공영,노외,제주특별자치도 제주시 이도이동 1982-3,23,1,미시행,평일+토요일+공휴일,0:00,23:59,0:00,23:59,0:00,23:59,무료,0,0,0,0,제주특별자치도 제주시청,33.4904377,126.5428176
405-2-000479,이도이동 공영주차장,공영,노외,제주특별자치도 제주시 이도이동 1985-3,21,1,미시행,평일+토요일+공휴일,0:00,23:59,0:00,23:59,0:00,23:59,무료,0,0,0,0,제주특별자치도 제주시청,33.4897625,126.5431394
405-2-000480,이도이동 공영주차장,공영,노외,제주특별자치도 제주시 이도이동 1986-15,12,1,미시행,평일+토요일+공휴일,0:00,23:59,0:00,23:59,0:00,23:59,무료,0,0,0,0,제주특별자치도 제주시청,33.4885745,126.5412888
405-2-000481,이도이동 공영주차장,공영,노외,제주특별자치도 제주시 이도이동 1986-17,8,1,미시행,평일+토요일+공휴일,0:00,23:59,0:00,23:59,0:00,23:59,무료,0,0,0,0,제주특별자치도 제주시청,33.4887517,126.5415555
405-2-000482,이도이동 공영주차장,공영,노외,제주특별자치도 제주시 이도이동 1989-1,14,1,미시행,평일+토요일+공휴일,0:00,23:59,0:00,23:59,0:00,23:59,무료,0,0,0,0,제주특별자치도 제주시청,33.4916748,126.5396067
405-2-000483,이도이동 공영주차장,공영,노외,제주특별자치도 제주시 이도이동 1992-7,31,1,미시행,평일+토요일+공휴일,0:00,23:59,0:00,23:59,0:00,23:59,무료,0,0,0,0,제주특별자치도 제주시청,33.4916439,126.5378584
405-2-000484,이도이동 공영주차장,공영,노외,제주특별자치도 제주시 이도이동 1994-1,28,1,미시행,평일+토요일+공휴일,0:00,23:59,0:00,23:59,0:00,23:59,무료,0,0,0,0,제주특별자치도 제주시청,33.4927315,126.5386981
405-2-000485,이도이동 공영주차장,공영,노외,제주특별자치도 제주시 이도이동 1995-6,14,1,미시행,평일+토요일+공휴일,0:00,23:59,0:00,23:59,0:00,23:59,무료,0,0,0,0,제주특별자치도 제주시청,33.4911907,126.5378288
405-2-000486,이도이동 공영주차장,공영,노외,제주특별자치도 제주시 이도이동 1997-3,43,1,미시행,평일+토요일+공휴일,0:00,23:59,0:00,23:59,0:00,23:59,무료,0,0,0,0,제주특별자치도 제주시청,33.4910032,126.5355597
405-2-000487,이도이동 공영주차장,공영,노외,제주특별자치도 제주시 이도이동 1998-9,46,1,미시행,평일+토요일+공휴일,0:00,23:59,0:00,23:59,0:00,23:59,무료,0,0,0,0,제주특별자치도 제주시청,33.4902021,126.5352345
405-2-000488,이도이동 공영주차장,공영,노외,제주특별자치도 제주시 이도이동 2003-13,12,1,미시행,평일+토요일+공휴일,0:00,23:59,0:00,23:59,0:00,23:59,무료,0,0,0,0,제주특별자치도 제주시청,33.4892174,126.535496
405-2-000489,이도이동 공영주차장,공영,노외,제주특별자치도 제주시 이도이동 2003-7,32,1,미시행,평일+토요일+공휴일,0:00,23:59,0:00,23:59,0:00,23:59,무료,0,0,0,0,제주특별자치도 제주시청,33.4886799,126.5361296
405-2-000490,이도이동 공영주차장,공영,노외,제주특별자치도 제주시 이도이동 2005-6,14,1,미시행,평일+토요일+공휴일,0:00,23:59,0:00,23:59,0:00,23:59,무료,0,0,0,0,제주특별자치도 제주시청,33.489719,126.5362301
405-2-000491,이도이동 공영주차장,공영,노외,제주특별자치도 제주시 이도이동 2009-6,19,1,미시행,평일+토요일+공휴일,0:00,23:59,0:00,23:59,0:00,23:59,무료,0,0,0,0,제주특별자치도 제주시청,33.4893527,126.5366526
405-2-000492,이도이동 공영주차장,공영,노외,제주특별자치도 제주시 이도이동 2010-5,16,1,미시행,평일+토요일+공휴일,0:00,23:59,0:00,23:59,0:00,23:59,무료,0,0,0,0,제주특별자치도 제주시청,33.4890684,126.5371443
405-2-000493,이도이동 공영주차장,공영,노외,제주특별자치도 제주시 이도이동 2011-10,13,1,미시행,평일+토요일+공휴일,0:00,23:59,0:00,23:59,0:00,23:59,무료,0,0,0,0,제주특별자치도 제주시청,33.488428,126.5366962
405-2-000494,이도이동 공영주차장,공영,노외,제주특별자치도 제주시 이도이동 2013-3,18,1,미시행,평일+토요일+공휴일,0:00,23:59,0:00,23:59,0:00,23:59,무료,0,0,0,0,제주특별자치도 제주시청,33.4878006,126.5365185
405-2-000495,이도이동 공영주차장,공영,노외,제주특별자치도 제주시 이도이동 2013-5,18,1,미시행,평일+토요일+공휴일,0:00,23:59,0:00,23:59,0:00,23:59,무료,0,0,0,0,제주특별자치도 제주시청,33.4875551,126.5364124
405-2-000496,이도이동 공영주차장,공영,노외,제주특별자치도 제주시 이도이동 2014-2,10,1,미시행,평일+토요일+공휴일,0:00,23:59,0:00,23:59,0:00,23:59,무료,0,0,0,0,제주특별자치도 제주시청,33.488209,126.5370263
405-2-000497,이도이동 공영주차장,공영,노외,제주특별자치도 제주시 이도이동 2014-3,16,1,미시행,평일+토요일+공휴일,0:00,23:59,0:00,23:59,0:00,23:59,무료,0,0,0,0,제주특별자치도 제주시청,33.4882077,126.5372988
405-2-000498,이도이동 공영주차장,공영,노외,제주특별자치도 제주시 이도이동 2015-6,16,1,미시행,평일+토요일+공휴일,0:00,23:59,0:00,23:59,0:00,23:59,무료,0,0,0,0,제주특별자치도 제주시청,33.4876097,126.5376499
405-2-000499,이도이동 공영주차장,공영,노외,제주특별자치도 제주시 이도이동 2015-9,14,1,미시행,평일+토요일+공휴일,0:00,23:59,0:00,23:59,0:00,23:59,무료,0,0,0,0,제주특별자치도 제주시청,33.4870483,126.5375476
405-2-000500,이도이동 공영주차장,공영,노외,제주특별자치도 제주시 이도이동 2021-12,32,1,미시행,평일+토요일+공휴일,0:00,23:59,0:00,23:59,0:00,23:59,무료,0,0,0,0,제주특별자치도 제주시청,33.4864793,126.5374121
405-2-000501,이도이동 공영주차장,공영,노외,제주특별자치도 제주시 이도이동 2026-9,27,1,미시행,평일+토요일+공휴일,0:00,23:59,0:00,23:59,0:00,23:59,무료,0,0,0,0,제주특별자치도 제주시청,33.4868967,126.5350227
405-2-000502,이도이동 공영주차장,공영,노외,"제주특별자치도 제주시 이도이동 2029-11, 2029-12",28,1,미시행,평일+토요일+공휴일,0:00,23:59,0:00,23:59,0:00,23:59,무료,0,0,0,0,제주특별자치도 제주시청,33.4872458,126.5348343
405-2-000503,이도이동 공영주차장,공영,노외,제주특별자치도 제주시 이도이동 2030-4,24,1,미시행,평일+토요일+공휴일,0:00,23:59,0:00,23:59,0:00,23:59,무료,0,0,0,0,제주특별자치도 제주시청,33.4882462,126.534162
405-2-000504,이도이동 공영주차장,공영,노외,제주특별자치도 제주시 이도이동 2030-5,23,1,미시행,평일+토요일+공휴일,0:00,23:59,0:00,23:59,0:00,23:59,무료,0,0,0,0,제주특별자치도 제주시청,33.4883136,126.5338099
405-2-000505,이도이동 공영주차장,공영,노외,제주특별자치도 제주시 이도이동 2035-10,23,1,미시행,평일+토요일+공휴일,0:00,23:59,0:00,23:59,0:00,23:59,무료,0,0,0,0,제주특별자치도 제주시청,33.488697,126.5328392
405-2-000506,이도이동 공영주차장,공영,노외,제주특별자치도 제주시 이도이동 2035-13,23,1,미시행,평일+토요일+공휴일,0:00,23:59,0:00,23:59,0:00,23:59,무료,0,0,0,0,제주특별자치도 제주시청,33.4891404,126.5333468
405-2-000507,이도이동 공영주차장,공영,노외,제주특별자치도 제주시 이도이동 2040-2,23,1,미시행,평일+토요일+공휴일,0:00,23:59,0:00,23:59,0:00,23:59,무료,0,0,0,0,제주특별자치도 제주시청,33.4871905,126.5334393
405-2-000508,이도이동 공영주차장,공영,노외,제주특별자치도 제주시 이도이동 260-6,62,1,미시행,평일+토요일+공휴일,0:00,23:59,0:00,23:59,0:00,23:59,무료,0,0,0,0,제주특별자치도 제주시청,33.4963456,126.547646
405-2-000509,이도이동 공영주차장,공영,노외,제주특별자치도 제주시 이도이동 260-9,41,1,미시행,평일+토요일+공휴일,0:00,23:59,0:00,23:59,0:00,23:59,무료,0,0,0,0,제주특별자치도 제주시청,33.4965954,126.5474104
405-2-000510,이도이동 공영주차장,공영,노외,제주특별자치도 제주시 이도이동 375,16,1,미시행,평일+토요일+공휴일,0:00,23:59,0:00,23:59,0:00,23:59,무료,0,0,0,0,제주특별자치도 제주시청,33.5005698,126.538164
405-2-000511,이도이동 공영주차장,공영,노외,제주특별자치도 제주시 이도이동 408,13,1,미시행,평일+토요일+공휴일,0:00,23:59,0:00,23:59,0:00,23:59,무료,0,0,0,0,제주특별자치도 제주시청,33.5034017,126.5418711
405-2-000512,이도이동 공영주차장,공영,노외,제주특별자치도 제주시 이도이동 417-4,24,1,미시행,평일+토요일+공휴일,0:00,23:59,0:00,23:59,0:00,23:59,무료,0,0,0,0,제주특별자치도 제주시청,33.4999338,126.5439675
405-2-000513,이도이동 공영주차장,공영,노외,제주특별자치도 제주시 이도이동 425,20,1,미시행,평일+토요일+공휴일,0:00,23:59,0:00,23:59,0:00,23:59,무료,0,0,0,0,제주특별자치도 제주시청,33.4991784,126.5439161
405-2-000514,이도이동 공영주차장,공영,노외,제주특별자치도 제주시 이도이동 434-8,7,1,미시행,평일+토요일+공휴일,0:00,23:59,0:00,23:59,0:00,23:59,무료,0,0,0,0,제주특별자치도 제주시청,33.496755,126.5431348
405-2-000515,이도이동 공영주차장,공영,노외,제주특별자치도 제주시 이도이동 1999-4,14,1,미시행,평일+토요일+공휴일,0:00,23:59,0:00,23:59,0:00,23:59,무료,0,0,0,0,제주특별자치도 제주시청,33.4899243,126.5360133
405-2-000516,이도이동 공영주차장,공영,노외,제주특별자치도 제주시 도남동 748-7,10,1,미시행,평일+토요일+공휴일,0:00,23:59,0:00,23:59,0:00,23:59,무료,0,0,0,0,제주특별자치도 제주시청,33.4891336,126.5276436
405-2-000517,이도이동 공영주차장,공영,노외,제주특별자치도 제주시 이도이동 1999-4,14,1,미시행,평일+토요일+공휴일,0:00,23:59,0:00,23:59,0:00,23:59,무료,0,0,0,0,제주특별자치도 제주시청,33.4899243,126.5360133
405-2-000518,이도이동 공영주차장,공영,노외,제주특별자치도 제주시 도남동 748-7,10,1,미시행,평일+토요일+공휴일,0:00,23:59,0:00,23:59,0:00,23:59,무료,0,0,0,0,제주특별자치도 제주시청,33.4891336,126.5276436
405-2-000519,이도이동 공영주차장,공영,노외,"제주특별자치도 제주시 이도이동 319, 319-23, 319-28, 319-29",23,1,미시행,평일+토요일+공휴일,0:00,23:59,0:00,23:59,0:00,23:59,무료,0,0,0,0,제주특별자치도 제주시청,33.5037389,126.5373503
405-2-000520,이도이동 공영주차장,공영,노외,제주특별자치도 제주시 이도이동 319-24 외 2필지,14,1,미시행,평일+토요일+공휴일,0:00,23:59,0:00,23:59,0:00,23:59,무료,0,0,0,0,제주특별자치도 제주시청,33.5034913,126.5373015
405-2-000521,이도이동 공영주차장,공영,노외,제주특별자치도 제주시 도남동 79-9,7,1,미시행,평일+토요일+공휴일,0:00,23:59,0:00,23:59,0:00,23:59,무료,0,0,0,0,제주특별자치도 제주시청,33.4921726,126.5315742
405-2-000522,이도이동 공영주차장,공영,노외,제주특별자치도 제주시 이도이동 1969-3,14,1,미시행,평일+토요일+공휴일,0:00,23:59,0:00,23:59,0:00,23:59,무료,0,0,0,0,제주특별자치도 제주시청,33.4950093,126.5426042
405-2-000523,이도이동 공영주차장,공영,노외,제주특별자치도 제주시 이도이동 1971-6,10,1,미시행,평일+토요일+공휴일,0:00,23:59,0:00,23:59,0:00,23:59,무료,0,0,0,0,제주특별자치도 제주시청,33.4941253,126.5417527
405-2-000524,삼도일동 공영주차장,공영,노외,제주특별자치도 제주시 삼도일동 305-92,6,1,미시행,평일+토요일+공휴일,0:00,23:59,0:00,23:59,0:00,23:59,무료,0,0,0,0,제주특별자치도 제주시청,33.5020833,126.5237597
405-2-000525,삼도일동 공영주차장,공영,노외,제주특별자치도 제주시 삼도일동 499-3,18,1,미시행,평일+토요일+공휴일,0:00,23:59,0:00,23:59,0:00,23:59,무료,0,0,0,0,제주특별자치도 제주시청,33.5033488,126.5150111
405-2-000526,삼도일동 공영주차장,공영,노외,제주특별자치도 제주시 삼도일동 500-2,10,1,미시행,평일+토요일+공휴일,0:00,23:59,0:00,23:59,0:00,23:59,무료,0,0,0,0,제주특별자치도 제주시청,33.5043089,126.5158707
405-2-000527,삼도일동 공영주차장,공영,노외,제주특별자치도 제주시 삼도일동 502-17,7,1,미시행,평일+토요일+공휴일,0:00,23:59,0:00,23:59,0:00,23:59,무료,0,0,0,0,제주특별자치도 제주시청,33.5035117,126.5157598
405-2-000528,삼도일동 공영주차장,공영,노외,제주특별자치도 제주시 삼도일동 504-11,7,1,미시행,평일+토요일+공휴일,0:00,23:59,0:00,23:59,0:00,23:59,무료,0,0,0,0,제주특별자치도 제주시청,33.5017751,126.5158006
405-2-000529,삼도일동 공영주차장,공영,노외,제주특별자치도 제주시 삼도일동 513-3,25,1,미시행,평일+토요일+공휴일,0:00,23:59,0:00,23:59,0:00,23:59,무료,0,0,0,0,제주특별자치도 제주시청,33.5021833,126.516794
405-2-000530,삼도일동 공영주차장,공영,노외,제주특별자치도 제주시 삼도일동 522-2,26,1,미시행,평일+토요일+공휴일,0:00,23:59,0:00,23:59,0:00,23:59,무료,0,0,0,0,제주특별자치도 제주시청,33.5015246,126.5187319
405-2-000531,삼도일동 공영주차장,공영,노외,제주특별자치도 제주시 삼도일동 522-9,18,1,미시행,평일+토요일+공휴일,0:00,23:59,0:00,23:59,0:00,23:59,무료,0,0,0,0,제주특별자치도 제주시청,33.501359,126.5187974
405-2-000532,삼도일동 공영주차장,공영,노외,제주특별자치도 제주시 삼도일동 532-11,4,1,미시행,평일+토요일+공휴일,0:00,23:59,0:00,23:59,0:00,23:59,무료,0,0,0,0,제주특별자치도 제주시청,33.5020999,126.5196017
405-2-000533,삼도일동 공영주차장,공영,노외,제주특별자치도 제주시 삼도일동 533-10,3,1,미시행,평일+토요일+공휴일,0:00,23:59,0:00,23:59,0:00,23:59,무료,0,0,0,0,제주특별자치도 제주시청,33.5012971,126.5196037
405-2-000534,삼도일동 공영주차장,공영,노외,제주특별자치도 제주시 삼도일동 533-9,8,1,미시행,평일+토요일+공휴일,0:00,23:59,0:00,23:59,0:00,23:59,무료,0,0,0,0,제주특별자치도 제주시청,33.5013736,126.5196052
405-2-000535,삼도일동 공영주차장,공영,노외,제주특별자치도 제주시 삼도일동 536,9,1,미시행,평일+토요일+공휴일,0:00,23:59,0:00,23:59,0:00,23:59,무료,0,0,0,0,제주특별자치도 제주시청,33.5018989,126.5201218
405-2-000536,삼도일동 공영주차장,공영,노외,제주특별자치도 제주시 삼도일동 536-2,14,1,미시행,평일+토요일+공휴일,0:00,23:59,0:00,23:59,0:00,23:59,무료,0,0,0,0,제주특별자치도 제주시청,33.5016301,126.5201166
405-2-000537,삼도일동 공영주차장,공영,노외,"제주특별자치도 제주시 삼도일동 561-1, 11, 22, 23",38,1,미시행,평일+토요일+공휴일,0:00,23:59,0:00,23:59,0:00,23:59,무료,0,0,0,0,제주특별자치도 제주시청,33.4997106,126.5167442
405-2-000538,삼도일동 공영주차장,공영,노외,제주특별자치도 제주시 삼도일동 561-12,14,1,미시행,평일+토요일+공휴일,0:00,23:59,0:00,23:59,0:00,23:59,무료,0,0,0,0,제주특별자치도 제주시청,33.4994864,126.5172149
405-2-000539,삼도일동 공영주차장,공영,노외,제주특별자치도 제주시 삼도일동 573-5,63,1,미시행,평일+토요일+공휴일,0:00,23:59,0:00,23:59,0:00,23:59,무료,0,0,0,0,제주특별자치도 제주시청,33.498978,126.5216393
405-2-000540,삼도일동 공영주차장,공영,노외,제주특별자치도 제주시 삼도일동 584-17,5,1,미시행,평일+토요일+공휴일,0:00,23:59,0:00,23:59,0:00,23:59,무료,0,0,0,0,제주특별자치도 제주시청,33.499175,126.5244598
405-2-000541,삼도일동 공영주차장,공영,노외,제주특별자치도 제주시 삼도일동 703-15,7,1,미시행,평일+토요일+공휴일,0:00,23:59,0:00,23:59,0:00,23:59,무료,0,0,0,0,제주특별자치도 제주시청,33.5056594,126.5177733
405-2-000542,삼도일동 공영주차장,공영,노외,제주특별자치도 제주시 삼도일동 706-14,6,1,미시행,평일+토요일+공휴일,0:00,23:59,0:00,23:59,0:00,23:59,무료,0,0,0,0,제주특별자치도 제주시청,33.507137,126.5178286
405-2-000543,삼도일동 공영주차장,공영,노외,제주특별자치도 제주시 삼도일동 553-11,15,1,미시행,평일+토요일+공휴일,0:00,23:59,0:00,23:59,0:00,23:59,무료,0,0,0,0,제주특별자치도 제주시청,33.5002449,126.5222583
405-2-000544,삼도일동 공영주차장,공영,노외,제주특별자치도 제주시 삼도일동 553-12,8,1,미시행,평일+토요일+공휴일,0:00,23:59,0:00,23:59,0:00,23:59,무료,0,0,0,0,제주특별자치도 제주시청,33.5001911,126.5220865
405-2-000545,삼도일동 공영주차장,공영,노외,제주특별자치도 제주시 삼도일동 305-112 외 1필지,16,1,미시행,평일+토요일+공휴일,0:00,23:59,0:00,23:59,0:00,23:59,무료,0,0,0,0,제주특별자치도 제주시청,33.5020152,126.5242923
405-2-000546,삼도이동 공영주차장,공영,노외,제주특별자치도 제주시 삼도이동 1104,9,1,미시행,평일+토요일+공휴일,0:00,23:59,0:00,23:59,0:00,23:59,무료,0,0,0,0,제주특별자치도 제주시청,33.5151052,126.5206721
405-2-000547,삼도이동 공영주차장,공영,노외,제주특별자치도 제주시 삼도이동 1158-23,18,1,미시행,평일+토요일+공휴일,0:00,23:59,0:00,23:59,0:00,23:59,무료,0,0,0,0,제주특별자치도 제주시청,33.5152798,126.5187647
405-2-000548,삼도이동 공영주차장,공영,노외,제주특별자치도 제주시 삼도이동 1158-30,4,1,미시행,평일+토요일+공휴일,0:00,23:59,0:00,23:59,0:00,23:59,무료,0,0,0,0,제주특별자치도 제주시청,33.5152532,126.518358
405-2-000549,삼도이동 공영주차장,공영,노외,제주특별자치도 제주시 삼도이동 1158-33,2,1,미시행,평일+토요일+공휴일,0:00,23:59,0:00,23:59,0:00,23:59,무료,0,0,0,0,제주특별자치도 제주시청,33.5153624,126.5182666
405-2-000550,삼도이동 공영주차장,공영,노외,제주특별자치도 제주시 삼도이동 1158-71,0,1,미시행,평일+토요일+공휴일,0:00,23:59,0:00,23:59,0:00,23:59,무료,0,0,0,0,제주특별자치도 제주시청,33.5152006,126.5185055
405-2-000551,삼도이동 공영주차장,공영,노외,"제주특별자치도 제주시 삼도이동 1158-99, 101",2,1,미시행,평일+토요일+공휴일,0:00,23:59,0:00,23:59,0:00,23:59,무료,0,0,0,0,제주특별자치도 제주시청,33.5151896,126.5181958
405-2-000552,삼도이동 공영주차장,공영,노외,"제주특별자치도 제주시 삼도이동 1167-6, 1167-7",9,1,미시행,평일+토요일+공휴일,0:00,23:59,0:00,23:59,0:00,23:59,무료,0,0,0,0,제주특별자치도 제주시청,33.5165824,126.5171425
405-2-000553,삼도이동 공영주차장,공영,노외,제주특별자치도 제주시 삼도이동 1227-15,4,1,미시행,평일+토요일+공휴일,0:00,23:59,0:00,23:59,0:00,23:59,무료,0,0,0,0,제주특별자치도 제주시청,33.5165283,126.51681
405-2-000554,삼도이동 공영주차장,공영,노외,제주특별자치도 제주시 삼도이동 1260-4,10,1,미시행,평일+토요일+공휴일,0:00,23:59,0:00,23:59,0:00,23:59,무료,0,0,0,0,제주특별자치도 제주시청,33.5180734,126.5227888
405-2-000555,삼도이동 공영주차장,공영,노외,제주특별자치도 제주시 삼도이동 202-2,7,1,미시행,평일+토요일+공휴일,0:00,23:59,0:00,23:59,0:00,23:59,무료,0,0,0,0,제주특별자치도 제주시청,33.5091826,126.5226153
405-2-000556,삼도이동 공영주차장,공영,노외,"제주특별자치도 제주시 삼도이동 218-2, 219",6,1,미시행,평일+토요일+공휴일,0:00,23:59,0:00,23:59,0:00,23:59,무료,0,0,0,0,제주특별자치도 제주시청,33.5083282,126.5236927
405-2-000557,삼도이동 공영주차장,공영,노외,제주특별자치도 제주시 삼도이동 807-1,4,1,미시행,평일+토요일+공휴일,0:00,23:59,0:00,23:59,0:00,23:59,무료,0,0,0,0,제주특별자치도 제주시청,33.5087199,126.5218875
405-2-000558,삼도이동 공영주차장,공영,노외,"제주특별자치도 제주시 삼도이동 807-3, 807-16",4,1,미시행,평일+토요일+공휴일,0:00,23:59,0:00,23:59,0:00,23:59,무료,0,0,0,0,제주특별자치도 제주시청,33.5085885,126.5218955
405-2-000559,삼도이동 공영주차장,공영,노외,제주특별자치도 제주시 삼도이동 830-2,8,1,미시행,평일+토요일+공휴일,0:00,23:59,0:00,23:59,0:00,23:59,무료,0,0,0,0,제주특별자치도 제주시청,33.511573,126.5204034
405-2-000560,제주중앙지하상가 공영주차장,공영,노외,"제주특별자치도 제주시 삼도이동 102-2, 94, 103-1, 103-2",21,1,미시행,평일+토요일+공휴일,0:00,23:59,0:00,23:59,0:00,23:59,무료,0,0,0,0,제주특별자치도 제주시청,33.5127473,126.5233153
405-2-000561,삼도이동 공영주차장,공영,노외,제주특별자치도 제주시 삼도이동 1167-5,7,1,미시행,평일+토요일+공휴일,0:00,23:59,0:00,23:59,0:00,23:59,무료,0,0,0,0,제주특별자치도 제주시청,33.5166854,126.5170929
405-2-000562,삼도이동 공영주차장,공영,노외,제주특별자치도 제주시 삼도이동 937-2,5,1,미시행,평일+토요일+공휴일,0:00,23:59,0:00,23:59,0:00,23:59,무료,0,0,0,0,제주특별자치도 제주시청,33.5120916,126.5213868
405-2-000563,삼도이동 공영주차장,공영,노외,제주특별자치도 제주시 삼도이동 632-1,23,1,미시행,평일+토요일+공휴일,0:00,23:59,0:00,23:59,0:00,23:59,무료,0,0,0,0,제주특별자치도 제주시청,33.5080014,126.5203602
405-2-000564,용담이동 공영주차장,공영,노외,제주특별자치도 제주시 용담이동 2686-7,3,1,미시행,평일+토요일+공휴일,0:00,23:59,0:00,23:59,0:00,23:59,무료,0,0,0,0,제주특별자치도 제주시청,33.5057544,126.5106792
405-2-000565,용담이동 공영주차장,공영,노외,제주특별자치도 제주시 용담이동 2690-19,48,1,미시행,평일+토요일+공휴일,0:00,23:59,0:00,23:59,0:00,23:59,무료,0,0,0,0,제주특별자치도 제주시청,33.5047867,126.5103908
405-2-000566,용담이동 공영주차장,공영,노외,제주특별자치도 제주시 용담이동 2745-10,34,1,미시행,평일+토요일+공휴일,0:00,23:59,0:00,23:59,0:00,23:59,무료,0,0,0,0,제주특별자치도 제주시청,33.5023724,126.5042127
405-2-000567,용담이동 공영주차장,공영,노외,제주특별자치도 제주시 용담이동 358-12,8,1,미시행,평일+토요일+공휴일,0:00,23:59,0:00,23:59,0:00,23:59,무료,0,0,0,0,제주특별자치도 제주시청,33.5116308,126.5122079
405-2-000568,용담이동 공영주차장,공영,노외,제주특별자치도 제주시 용담이동 359-56,1,1,미시행,평일+토요일+공휴일,0:00,23:59,0:00,23:59,0:00,23:59,무료,0,0,0,0,제주특별자치도 제주시청,33.5117063,126.5121366
405-2-000569,용담이동 공영주차장,공영,노외,제주특별자치도 제주시 용담이동 774-5,25,1,미시행,평일+토요일+공휴일,0:00,23:59,0:00,23:59,0:00,23:59,무료,0,0,0,0,제주특별자치도 제주시청,33.5051364,126.506896
405-2-000570,용담이동 공영주차장,공영,노외,제주특별자치도 제주시 용담이동 928-31,8,1,미시행,평일+토요일+공휴일,0:00,23:59,0:00,23:59,0:00,23:59,무료,0,0,0,0,제주특별자치도 제주시청,33.512269,126.5042454
405-2-000571,용담이동 공영주차장,공영,노외,제주특별자치도 제주시 용담이동 928-89,4,1,미시행,평일+토요일+공휴일,0:00,23:59,0:00,23:59,0:00,23:59,무료,0,0,0,0,제주특별자치도 제주시청,33.5121655,126.5043318
405-2-000572,용담이동 공영주차장,공영,노외,제주특별자치도 제주시 용담삼동 2290-3,11,1,미시행,평일+토요일+공휴일,0:00,23:59,0:00,23:59,0:00,23:59,무료,0,0,0,0,제주특별자치도 제주시청,33.5199766,126.4946641
405-2-000573,용담이동 공영주차장,공영,노외,제주특별자치도 제주시 용담삼동 2396-1,10,1,미시행,평일+토요일+공휴일,0:00,23:59,0:00,23:59,0:00,23:59,무료,0,0,0,0,제주특별자치도 제주시청,33.5185037,126.4887778
405-2-000574,용담이동 공영주차장,공영,노외,제주특별자치도 제주시 용담삼동 519-12,17,1,미시행,평일+토요일+공휴일,0:00,23:59,0:00,23:59,0:00,23:59,무료,0,0,0,0,제주특별자치도 제주시청,33.5153108,126.5060471
405-2-000575,용담이동 공영주차장,공영,노외,제주특별자치도 제주시 용담삼동 995-1,25,1,미시행,평일+토요일+공휴일,0:00,23:59,0:00,23:59,0:00,23:59,무료,0,0,0,0,제주특별자치도 제주시청,33.5147372,126.5041507
405-2-000576,건입동 공영주차장,공영,노외,제주특별자치도 제주시 건입동 1036-2,11,1,미시행,평일+토요일+공휴일,0:00,23:59,0:00,23:59,0:00,23:59,무료,0,0,0,0,제주특별자치도 제주시청,33.5173708,126.5376234
405-2-000577,건입동 공영주차장,공영,노외,"제주특별자치도 제주시 건입동 1042-2,1042-1",17,1,미시행,평일+토요일+공휴일,0:00,23:59,0:00,23:59,0:00,23:59,무료,0,0,0,0,제주특별자치도 제주시청,33.5162916,126.5354535
405-2-000578,건입동 공영주차장,공영,노외,제주특별자치도 제주시 건입동 1042-7,4,1,미시행,평일+토요일+공휴일,0:00,23:59,0:00,23:59,0:00,23:59,무료,0,0,0,0,제주특별자치도 제주시청,33.5162263,126.5353159
405-2-000579,건입동 공영주차장,공영,노외,제주특별자치도 제주시 건입동 1077-47,4,1,미시행,평일+토요일+공휴일,0:00,23:59,0:00,23:59,0:00,23:59,무료,0,0,0,0,제주특별자치도 제주시청,33.5147064,126.5344348
405-2-000580,건입동 공영주차장,공영,노외,"제주특별자치도 제주시 건입동 1123-12, 1123-59",5,1,미시행,평일+토요일+공휴일,0:00,23:59,0:00,23:59,0:00,23:59,무료,0,0,0,0,제주특별자치도 제주시청,33.5136414,126.5300414
405-2-000581,건입동 공영주차장,공영,노외,제주특별자치도 제주시 건입동 1188,10,1,미시행,평일+토요일+공휴일,0:00,23:59,0:00,23:59,0:00,23:59,무료,0,0,0,0,제주특별자치도 제주시청,33.5155204,126.5314913
405-2-000582,건입동 공영주차장,공영,노외,제주특별자치도 제주시 건입동 1189-1,5,1,미시행,평일+토요일+공휴일,0:00,23:59,0:00,23:59,0:00,23:59,무료,0,0,0,0,제주특별자치도 제주시청,33.5153195,126.531133
405-2-000583,건입동 공영주차장,공영,노외,제주특별자치도 제주시 건입동 1189-10,9,1,미시행,평일+토요일+공휴일,0:00,23:59,0:00,23:59,0:00,23:59,무료,0,0,0,0,제주특별자치도 제주시청,33.51496,126.5310102
405-2-000584,건입동 공영주차장,공영,노외,제주특별자치도 제주시 건입동 1190-1,8,1,미시행,평일+토요일+공휴일,0:00,23:59,0:00,23:59,0:00,23:59,무료,0,0,0,0,제주특별자치도 제주시청,33.5150049,126.5307089
405-2-000585,건입동 공영주차장,공영,노외,"제주특별자치도 제주시 건입동 1204-1, 1204-2",18,1,미시행,평일+토요일+공휴일,0:00,23:59,0:00,23:59,0:00,23:59,무료,0,0,0,0,제주특별자치도 제주시청,33.5149602,126.5300391
405-2-000586,건입동 공영주차장,공영,노외,제주특별자치도 제주시 건입동 1205-1,0,1,미시행,평일+토요일+공휴일,0:00,23:59,0:00,23:59,0:00,23:59,무료,0,0,0,0,제주특별자치도 제주시청,33.5148827,126.5299061
405-2-000587,건입동 공영주차장,공영,노외,제주특별자치도 제주시 건입동 122-1,14,1,미시행,평일+토요일+공휴일,0:00,23:59,0:00,23:59,0:00,23:59,무료,0,0,0,0,제주특별자치도 제주시청,33.5093976,126.5440327
405-2-000588,건입동 공영주차장,공영,노외,제주특별자치도 제주시 건입동 1249,10,1,미시행,평일+토요일+공휴일,0:00,23:59,0:00,23:59,0:00,23:59,무료,0,0,0,0,제주특별자치도 제주시청,33.5143609,126.5312195
405-2-000589,건입동 공영주차장,공영,노외,제주특별자치도 제주시 건입동 1274-27,4,1,미시행,평일+토요일+공휴일,0:00,23:59,0:00,23:59,0:00,23:59,무료,0,0,0,0,제주특별자치도 제주시청,33.5150581,126.5322961
405-2-000590,건입동 공영주차장,공영,노외,제주특별자치도 제주시 건입동 1277-2,8,1,미시행,평일+토요일+공휴일,0:00,23:59,0:00,23:59,0:00,23:59,무료,0,0,0,0,제주특별자치도 제주시청,33.5159558,126.5328921
405-2-000591,건입동 공영주차장,공영,노외,제주특별자치도 제주시 건입동 1421-13,15,1,미시행,평일+토요일+공휴일,0:00,23:59,0:00,23:59,0:00,23:59,무료,0,0,0,0,제주특별자치도 제주시청,33.5162234,126.5242332
405-2-000592,건입동 공영주차장,공영,노외,제주특별자치도 제주시 건입동 658-9,23,1,미시행,평일+토요일+공휴일,0:00,23:59,0:00,23:59,0:00,23:59,무료,0,0,0,0,제주특별자치도 제주시청,33.5171551,126.5395648
405-2-000593,건입동 공영주차장,공영,노외,제주특별자치도 제주시 건입동 659-3,19,1,미시행,평일+토요일+공휴일,0:00,23:59,0:00,23:59,0:00,23:59,무료,0,0,0,0,제주특별자치도 제주시청,33.5176931,126.5401445
405-2-000594,건입동 공영주차장,공영,노외,제주특별자치도 제주시 건입동 670,7,1,미시행,평일+토요일+공휴일,0:00,23:59,0:00,23:59,0:00,23:59,무료,0,0,0,0,제주특별자치도 제주시청,33.5168714,126.5404003
405-2-000595,건입동 공영주차장,공영,노외,"제주특별자치도 제주시 건입동 697-1, 697-6",66,1,미시행,평일+토요일+공휴일,0:00,23:59,0:00,23:59,0:00,23:59,무료,0,0,0,0,제주특별자치도 제주시청,33.5154657,126.5424165
405-2-000596,건입동 공영주차장,공영,노외,제주특별자치도 제주시 건입동 709-2,11,1,미시행,평일+토요일+공휴일,0:00,23:59,0:00,23:59,0:00,23:59,무료,0,0,0,0,제주특별자치도 제주시청,33.5144256,126.5393352
405-2-000597,건입동 공영주차장,공영,노외,제주특별자치도 제주시 건입동 709-4,10,1,미시행,평일+토요일+공휴일,0:00,23:59,0:00,23:59,0:00,23:59,무료,0,0,0,0,제주특별자치도 제주시청,33.5143371,126.5389746
405-2-000598,건입동 공영주차장,공영,노외,"제주특별자치도 제주시 건입동 933-3 923, 925-1, 927-1",54,1,미시행,평일+토요일+공휴일,0:00,23:59,0:00,23:59,0:00,23:59,무료,0,0,0,0,제주특별자치도 제주시청,33.5181788,126.535933
405-2-000599,건입동 공영주차장,공영,노외,제주특별자치도 제주시 건입동 942-5,10,1,미시행,평일+토요일+공휴일,0:00,23:59,0:00,23:59,0:00,23:59,무료,0,0,0,0,제주특별자치도 제주시청,33.5179153,126.5361317
405-2-000600,화북동 공영주차장,공영,노외,"제주특별자치도 제주시 화북일동 1984-1, 1984-2",14,1,미시행,평일+토요일+공휴일,0:00,23:59,0:00,23:59,0:00,23:59,무료,0,0,0,0,제주특별자치도 제주시청,33.5192771,126.5645094
405-2-000601,화북동 공영주차장,공영,노외,제주특별자치도 제주시 화북일동 11-7,39,1,미시행,평일+토요일+공휴일,0:00,23:59,0:00,23:59,0:00,23:59,무료,0,0,0,0,제주특별자치도 제주시청,33.519853,126.5734893
405-2-000602,화북동 공영주차장,공영,노외,제주특별자치도 제주시 화북일동 14-1,15,1,미시행,평일+토요일+공휴일,0:00,23:59,0:00,23:59,0:00,23:59,무료,0,0,0,0,제주특별자치도 제주시청,33.5179343,126.5766664
405-2-000603,화북동 공영주차장,공영,노외,제주특별자치도 제주시 화북일동 15-12,6,1,미시행,평일+토요일+공휴일,0:00,23:59,0:00,23:59,0:00,23:59,무료,0,0,0,0,제주특별자치도 제주시청,33.5175036,126.5772119
405-2-000604,화북동 공영주차장,공영,노외,"제주특별자치도 제주시 화북일동 1566-1, 1566-4",7,1,미시행,평일+토요일+공휴일,0:00,23:59,0:00,23:59,0:00,23:59,무료,0,0,0,0,제주특별자치도 제주시청,33.5251898,126.568419
405-2-000605,화북동 공영주차장,공영,노외,제주특별자치도 제주시 화북일동 1585,5,1,미시행,평일+토요일+공휴일,0:00,23:59,0:00,23:59,0:00,23:59,무료,0,0,0,0,제주특별자치도 제주시청,33.5249024,126.5676513
405-2-000606,화북동 공영주차장,공영,노외,제주특별자치도 제주시 화북일동 1619-7,3,1,미시행,평일+토요일+공휴일,0:00,23:59,0:00,23:59,0:00,23:59,무료,0,0,0,0,제주특별자치도 제주시청,33.5246028,126.5662937
405-2-000607,화북동 공영주차장,공영,노외,제주특별자치도 제주시 화북일동 1820-1,6,1,미시행,평일+토요일+공휴일,0:00,23:59,0:00,23:59,0:00,23:59,무료,0,0,0,0,제주특별자치도 제주시청,33.5243538,126.5685939
405-2-000608,화북동 공영주차장,공영,노외,제주특별자치도 제주시 화북일동 1930-4,18,1,미시행,평일+토요일+공휴일,0:00,23:59,0:00,23:59,0:00,23:59,무료,0,0,0,0,제주특별자치도 제주시청,33.5222894,126.5630673
405-2-000609,화북동 공영주차장,공영,노외,제주특별자치도 제주시 화북일동 1933-8,31,1,미시행,평일+토요일+공휴일,0:00,23:59,0:00,23:59,0:00,23:59,무료,0,0,0,0,제주특별자치도 제주시청,33.5229915,126.5647175
405-2-000610,화북동 공영주차장,공영,노외,제주특별자치도 제주시 화북일동 1936,24,1,미시행,평일+토요일+공휴일,0:00,23:59,0:00,23:59,0:00,23:59,무료,0,0,0,0,제주특별자치도 제주시청,33.5232037,126.5654793
405-2-000611,화북동 공영주차장,공영,노외,제주특별자치도 제주시 화북일동 1936-7,20,1,미시행,평일+토요일+공휴일,0:00,23:59,0:00,23:59,0:00,23:59,무료,0,0,0,0,제주특별자치도 제주시청,33.5232576,126.5660201
405-2-000612,화북동 공영주차장,공영,노외,"제주특별자치도 제주시 화북일동 1944-9, 1944-13",28,1,미시행,평일+토요일+공휴일,0:00,23:59,0:00,23:59,0:00,23:59,무료,0,0,0,0,제주특별자치도 제주시청,33.5222933,126.5676361
405-2-000613,화북동 공영주차장,공영,노외,제주특별자치도 제주시 화북일동 1946-14,10,1,미시행,평일+토요일+공휴일,0:00,23:59,0:00,23:59,0:00,23:59,무료,0,0,0,0,제주특별자치도 제주시청,33.5218625,126.5671785
405-2-000614,화북동 공영주차장,공영,노외,제주특별자치도 제주시 화북일동 1946-9,21,1,미시행,평일+토요일+공휴일,0:00,23:59,0:00,23:59,0:00,23:59,무료,0,0,0,0,제주특별자치도 제주시청,33.5223238,126.5667622
405-2-000615,화북동 공영주차장,공영,노외,제주특별자치도 제주시 화북일동 1947-10,9,1,미시행,평일+토요일+공휴일,0:00,23:59,0:00,23:59,0:00,23:59,무료,0,0,0,0,제주특별자치도 제주시청,33.5224348,126.565955
405-2-000616,화북동 공영주차장,공영,노외,제주특별자치도 제주시 화북일동 1951-5,37,1,미시행,평일+토요일+공휴일,0:00,23:59,0:00,23:59,0:00,23:59,무료,0,0,0,0,제주특별자치도 제주시청,33.5221125,126.5652654
405-2-000617,화북동 공영주차장,공영,노외,제주특별자치도 제주시 화북일동 1953,7,1,미시행,평일+토요일+공휴일,0:00,23:59,0:00,23:59,0:00,23:59,무료,0,0,0,0,제주특별자치도 제주시청,33.5219095,126.5636153
405-2-000618,화북동 공영주차장,공영,노외,제주특별자치도 제주시 화북일동 1955-15,15,1,미시행,평일+토요일+공휴일,0:00,23:59,0:00,23:59,0:00,23:59,무료,0,0,0,0,제주특별자치도 제주시청,33.521034,126.5632833
405-2-000619,화북동 공영주차장,공영,노외,제주특별자치도 제주시 화북일동 1969,9,1,미시행,평일+토요일+공휴일,0:00,23:59,0:00,23:59,0:00,23:59,무료,0,0,0,0,제주특별자치도 제주시청,33.5205005,126.5678795
405-2-000620,화북동 공영주차장,공영,노외,제주특별자치도 제주시 화북일동 1976-11,24,1,미시행,평일+토요일+공휴일,0:00,23:59,0:00,23:59,0:00,23:59,무료,0,0,0,0,제주특별자치도 제주시청,33.5201635,126.5648486
405-2-000621,화북동 공영주차장,공영,노외,"제주특별자치도 제주시 화북일동 1976-2, 1976-3",9,1,미시행,평일+토요일+공휴일,0:00,23:59,0:00,23:59,0:00,23:59,무료,0,0,0,0,제주특별자치도 제주시청,33.5205266,126.5649871
405-2-000622,화북동 공영주차장,공영,노외,제주특별자치도 제주시 화북일동 4051-1,7,1,미시행,평일+토요일+공휴일,0:00,23:59,0:00,23:59,0:00,23:59,무료,0,0,0,0,제주특별자치도 제주시청,33.5244764,126.5633479
405-2-000623,화북동 공영주차장,공영,노외,제주특별자치도 제주시 화북일동 4266-12,4,1,미시행,평일+토요일+공휴일,0:00,23:59,0:00,23:59,0:00,23:59,무료,0,0,0,0,제주특별자치도 제주시청,33.5247703,126.564044
405-2-000624,화북동 공영주차장,공영,노외,"제주특별자치도 제주시 화북이동 3378-4, 3378-6",34,1,미시행,평일+토요일+공휴일,0:00,23:59,0:00,23:59,0:00,23:59,무료,0,0,0,0,제주특별자치도 제주시청,33.5083594,126.5612398
405-2-000625,화북동 공영주차장,공영,노외,제주특별자치도 제주시 화북이동 3645-4,38,1,미시행,평일+토요일+공휴일,0:00,23:59,0:00,23:59,0:00,23:59,무료,0,0,0,0,제주특별자치도 제주시청,33.5119196,126.5609227
405-2-000626,화북동 공영주차장,공영,노외,제주특별자치도 제주시 화북일동 1007-7,6,1,미시행,평일+토요일+공휴일,0:00,23:59,0:00,23:59,0:00,23:59,무료,0,0,0,0,제주특별자치도 제주시청,33.516289,126.5771337
405-2-000627,삼양동 공영주차장,공영,노외,제주특별자치도 제주시 도련일동 1940-5,11,1,미시행,평일+토요일+공휴일,0:00,23:59,0:00,23:59,0:00,23:59,무료,0,0,0,0,제주특별자치도 제주시청,33.5161978,126.5793823
405-2-000628,삼양동 공영주차장,공영,노외,제주특별자치도 제주시 도련일동 1971-2,16,1,미시행,평일+토요일+공휴일,0:00,23:59,0:00,23:59,0:00,23:59,무료,0,0,0,0,제주특별자치도 제주시청,33.5156067,126.5803589
405-2-000629,삼양동 공영주차장,공영,노외,제주특별자치도 제주시 삼양일동 1579-1,13,1,미시행,평일+토요일+공휴일,0:00,23:59,0:00,23:59,0:00,23:59,무료,0,0,0,0,제주특별자치도 제주시청,33.5295056,126.5935035
405-2-000630,삼양동 공영주차장,공영,노외,제주특별자치도 제주시 삼양일동 1581-1,7,1,미시행,평일+토요일+공휴일,0:00,23:59,0:00,23:59,0:00,23:59,무료,0,0,0,0,제주특별자치도 제주시청,33.5282474,126.5901668
405-2-000631,삼양동 공영주차장,공영,노외,제주특별자치도 제주시 삼양일동 1592-2,55,1,미시행,평일+토요일+공휴일,0:00,23:59,0:00,23:59,0:00,23:59,무료,0,0,0,0,제주특별자치도 제주시청,33.5283263,126.5930508
405-2-000632,삼양동 공영주차장,공영,노외,제주특별자치도 제주시 삼양일동 1598-2,22,1,미시행,평일+토요일+공휴일,0:00,23:59,0:00,23:59,0:00,23:59,무료,0,0,0,0,제주특별자치도 제주시청,33.5262763,126.587808
405-2-000633,삼양동 공영주차장,공영,노외,제주특별자치도 제주시 삼양일동 1628-7,30,1,미시행,평일+토요일+공휴일,0:00,23:59,0:00,23:59,0:00,23:59,무료,0,0,0,0,제주특별자치도 제주시청,33.5268726,126.5905141
405-2-000634,삼양동 공영주차장,공영,노외,제주특별자치도 제주시 삼양일동 1646-22,6,1,미시행,평일+토요일+공휴일,0:00,23:59,0:00,23:59,0:00,23:59,무료,0,0,0,0,제주특별자치도 제주시청,33.5251138,126.5897411
405-2-000635,삼양동 공영주차장,공영,노외,제주특별자치도 제주시 삼양일동 1657-8,90,1,미시행,평일+토요일+공휴일,0:00,23:59,0:00,23:59,0:00,23:59,무료,0,0,0,0,제주특별자치도 제주시청,33.5249591,126.5868666
405-2-000636,삼양동 공영주차장,공영,노외,제주특별자치도 제주시 삼양이동 2110-6,26,1,미시행,평일+토요일+공휴일,0:00,23:59,0:00,23:59,0:00,23:59,무료,0,0,0,0,제주특별자치도 제주시청,33.5236451,126.5853735
405-2-000637,삼양동 공영주차장,공영,노외,제주특별자치도 제주시 삼양이동 2114-5,7,1,미시행,평일+토요일+공휴일,0:00,23:59,0:00,23:59,0:00,23:59,무료,0,0,0,0,제주특별자치도 제주시청,33.524685,126.5865041
405-2-000638,삼양동 공영주차장,공영,노외,제주특별자치도 제주시 삼양이동 2114-7,7,1,미시행,평일+토요일+공휴일,0:00,23:59,0:00,23:59,0:00,23:59,무료,0,0,0,0,제주특별자치도 제주시청,33.5244522,126.5865951
405-2-000639,삼양동 공영주차장,공영,노외,제주특별자치도 제주시 삼양이동 2124-6,19,1,미시행,평일+토요일+공휴일,0:00,23:59,0:00,23:59,0:00,23:59,무료,0,0,0,0,제주특별자치도 제주시청,33.5226693,126.5864605
405-2-000640,삼양동 공영주차장,공영,노외,제주특별자치도 제주시 삼양이동 2133-5,69,1,미시행,평일+토요일+공휴일,0:00,23:59,0:00,23:59,0:00,23:59,무료,0,0,0,0,제주특별자치도 제주시청,33.5221031,126.5845445
405-2-000641,삼양동 공영주차장,공영,노외,제주특별자치도 제주시 삼양이동 2135-10,24,1,미시행,평일+토요일+공휴일,0:00,23:59,0:00,23:59,0:00,23:59,무료,0,0,0,0,제주특별자치도 제주시청,33.5214633,126.5848218
405-2-000642,삼양동 공영주차장,공영,노외,제주특별자치도 제주시 삼양이동 2136-4,6,1,미시행,평일+토요일+공휴일,0:00,23:59,0:00,23:59,0:00,23:59,무료,0,0,0,0,제주특별자치도 제주시청,33.5221024,126.5856354
405-2-000643,삼양동 공영주차장,공영,노외,제주특별자치도 제주시 삼양이동 2176-13,71,1,미시행,평일+토요일+공휴일,0:00,23:59,0:00,23:59,0:00,23:59,무료,0,0,0,0,제주특별자치도 제주시청,33.5197309,126.5826133
405-2-000644,삼양동 공영주차장,공영,노외,제주특별자치도 제주시 삼양이동 2255-11,19,1,미시행,평일+토요일+공휴일,0:00,23:59,0:00,23:59,0:00,23:59,무료,0,0,0,0,제주특별자치도 제주시청,33.5196391,126.5833765
405-2-000645,삼양동 공영주차장,공영,노외,제주특별자치도 제주시 삼양이동 2255-9,11,1,미시행,평일+토요일+공휴일,0:00,23:59,0:00,23:59,0:00,23:59,무료,0,0,0,0,제주특별자치도 제주시청,33.519585,126.5830343
405-2-000646,삼양동 공영주차장,공영,노외,제주특별자치도 제주시 삼양이동 2309-1,7,1,미시행,평일+토요일+공휴일,0:00,23:59,0:00,23:59,0:00,23:59,무료,0,0,0,0,제주특별자치도 제주시청,33.5189094,126.5808053
405-2-000647,삼양동 공영주차장,공영,노외,제주특별자치도 제주시 삼양이동 2174-1,15,1,미시행,평일+토요일+공휴일,0:00,23:59,0:00,23:59,0:00,23:59,무료,0,0,0,0,제주특별자치도 제주시청,33.5209997,126.5816155
405-2-000648,삼양동 공영주차장,공영,노외,"제주특별자치도 제주시 삼양이동 2180-24, 2180-25",37,1,미시행,평일+토요일+공휴일,0:00,23:59,0:00,23:59,0:00,23:59,무료,0,0,0,0,제주특별자치도 제주시청,33.5200977,126.5849947
405-2-000649,삼양동 공영주차장,공영,노외,제주특별자치도 제주시 도련일동 1971-3,15,1,미시행,평일+토요일+공휴일,0:00,23:59,0:00,23:59,0:00,23:59,무료,0,0,0,0,제주특별자치도 제주시청,33.515394,126.5803529
405-2-000650,삼양동 공영주차장,공영,노외,제주특별자치도 제주시 삼양이동 2177-1,13,1,미시행,평일+토요일+공휴일,0:00,23:59,0:00,23:59,0:00,23:59,무료,0,0,0,0,제주특별자치도 제주시청,33.5209276,126.5830112
405-2-000651,삼양동 공영주차장,공영,노외,제주특별자치도 제주시 삼양이동 2128-7,24,1,미시행,평일+토요일+공휴일,0:00,23:59,0:00,23:59,0:00,23:59,무료,0,0,0,0,제주특별자치도 제주시청,33.5220791,126.582707
405-2-000652,봉개동 공영주차장,공영,노외,제주특별자치도 제주시 봉개동 1854-1,53,1,미시행,평일+토요일+공휴일,0:00,23:59,0:00,23:59,0:00,23:59,무료,0,0,0,0,제주특별자치도 제주시청,33.4905386,126.5954839
405-2-000653,봉개동 공영주차장,공영,노외,제주특별자치도 제주시 회천동 3262-3,40,1,미시행,평일+토요일+공휴일,0:00,23:59,0:00,23:59,0:00,23:59,무료,0,0,0,0,제주특별자치도 제주시청,33.484497,126.6074475
405-2-000654,아라동 공영주차장,공영,노외,"제주특별자치도 제주시 아라일동 6037-4, 5",105,1,미시행,평일+토요일+공휴일,0:00,23:59,0:00,23:59,0:00,23:59,무료,0,0,0,0,제주특별자치도 제주시청,33.4859569,126.5366363
405-2-000655,아라동 공영주차장,공영,노외,제주특별자치도 제주시 아라일동 6044-2,13,1,미시행,평일+토요일+공휴일,0:00,23:59,0:00,23:59,0:00,23:59,무료,0,0,0,0,제주특별자치도 제주시청,33.4768193,126.5415591
405-2-000656,아라동 공영주차장,공영,노외,제주특별자치도 제주시 아라일동 6046-5,32,1,미시행,평일+토요일+공휴일,0:00,23:59,0:00,23:59,0:00,23:59,무료,0,0,0,0,제주특별자치도 제주시청,33.4761091,126.5405672
405-2-000657,아라동 공영주차장,공영,노외,제주특별자치도 제주시 아라일동 6051-4,20,1,미시행,평일+토요일+공휴일,0:00,23:59,0:00,23:59,0:00,23:59,무료,0,0,0,0,제주특별자치도 제주시청,33.4733563,126.540643
405-2-000658,아라동 공영주차장,공영,노외,제주특별자치도 제주시 아라일동 6051-7,18,1,미시행,평일+토요일+공휴일,0:00,23:59,0:00,23:59,0:00,23:59,무료,0,0,0,0,제주특별자치도 제주시청,33.4733203,126.5401285
405-2-000659,아라동 공영주차장,공영,노외,제주특별자치도 제주시 아라일동 6054-9,9,1,미시행,평일+토요일+공휴일,0:00,23:59,0:00,23:59,0:00,23:59,무료,0,0,0,0,제주특별자치도 제주시청,33.4722835,126.5407794
405-2-000660,아라동 공영주차장,공영,노외,제주특별자치도 제주시 아라일동 6059,18,1,미시행,평일+토요일+공휴일,0:00,23:59,0:00,23:59,0:00,23:59,무료,0,0,0,0,제주특별자치도 제주시청,33.4718046,126.5402384
405-2-000661,아라동 공영주차장,공영,노외,제주특별자치도 제주시 아라일동 6061,15,1,미시행,평일+토요일+공휴일,0:00,23:59,0:00,23:59,0:00,23:59,무료,0,0,0,0,제주특별자치도 제주시청,33.4701697,126.5404804
405-2-000662,아라동 공영주차장,공영,노외,제주특별자치도 제주시 아라일동 6063-8,8,1,미시행,평일+토요일+공휴일,0:00,23:59,0:00,23:59,0:00,23:59,무료,0,0,0,0,제주특별자치도 제주시청,33.4694084,126.5413877
405-2-000663,아라동 공영주차장,공영,노외,제주특별자치도 제주시 아라일동 6064-4,22,1,미시행,평일+토요일+공휴일,0:00,23:59,0:00,23:59,0:00,23:59,무료,0,0,0,0,제주특별자치도 제주시청,33.4694276,126.5427521
405-2-000664,아라동 공영주차장,공영,노외,제주특별자치도 제주시 아라일동 6067,19,1,미시행,평일+토요일+공휴일,0:00,23:59,0:00,23:59,0:00,23:59,무료,0,0,0,0,제주특별자치도 제주시청,33.470721,126.5418792
405-2-000665,아라동 공영주차장,공영,노외,제주특별자치도 제주시 아라일동 6067-1,19,1,미시행,평일+토요일+공휴일,0:00,23:59,0:00,23:59,0:00,23:59,무료,0,0,0,0,제주특별자치도 제주시청,33.4707234,126.5420537
405-2-000666,아라동 공영주차장,공영,노외,제주특별자치도 제주시 아라일동 6068-9,23,1,미시행,평일+토요일+공휴일,0:00,23:59,0:00,23:59,0:00,23:59,무료,0,0,0,0,제주특별자치도 제주시청,33.4710171,126.5430821
405-2-000667,아라동 공영주차장,공영,노외,제주특별자치도 제주시 아라일동 6075-6,22,1,미시행,평일+토요일+공휴일,0:00,23:59,0:00,23:59,0:00,23:59,무료,0,0,0,0,제주특별자치도 제주시청,33.4701537,126.5442974
405-2-000668,아라동 공영주차장,공영,노외,제주특별자치도 제주시 아라일동 6083-3,32,1,미시행,평일+토요일+공휴일,0:00,23:59,0:00,23:59,0:00,23:59,무료,0,0,0,0,제주특별자치도 제주시청,33.4720371,126.5441359
405-2-000669,아라동 공영주차장,공영,노외,제주특별자치도 제주시 아라일동 6084-7,22,1,미시행,평일+토요일+공휴일,0:00,23:59,0:00,23:59,0:00,23:59,무료,0,0,0,0,제주특별자치도 제주시청,33.4721528,126.5436274
405-2-000670,아라동 공영주차장,공영,노외,제주특별자치도 제주시 아라일동 6090-11,14,1,미시행,평일+토요일+공휴일,0:00,23:59,0:00,23:59,0:00,23:59,무료,0,0,0,0,제주특별자치도 제주시청,33.4731304,126.5445752
405-2-000671,아라동 공영주차장,공영,노외,제주특별자치도 제주시 아라일동 6090-8,14,1,미시행,평일+토요일+공휴일,0:00,23:59,0:00,23:59,0:00,23:59,무료,0,0,0,0,제주특별자치도 제주시청,33.4726119,126.5445795
405-2-000672,아라동 공영주차장,공영,노외,제주특별자치도 제주시 아라일동 6090-9,14,1,미시행,평일+토요일+공휴일,0:00,23:59,0:00,23:59,0:00,23:59,무료,0,0,0,0,제주특별자치도 제주시청,33.4727575,126.5445769
405-2-000673,아라동 공영주차장,공영,노외,제주특별자치도 제주시 아라일동 6091-8,19,1,미시행,평일+토요일+공휴일,0:00,23:59,0:00,23:59,0:00,23:59,무료,0,0,0,0,제주특별자치도 제주시청,33.4729151,126.5451108
405-2-000674,아라동 공영주차장,공영,노외,제주특별자치도 제주시 아라일동 6095-2,15,1,미시행,평일+토요일+공휴일,0:00,23:59,0:00,23:59,0:00,23:59,무료,0,0,0,0,제주특별자치도 제주시청,33.474831,126.5443567
405-2-000675,아라동 공영주차장,공영,노외,제주특별자치도 제주시 아라일동 6095-3,17,1,미시행,평일+토요일+공휴일,0:00,23:59,0:00,23:59,0:00,23:59,무료,0,0,0,0,제주특별자치도 제주시청,33.4748315,126.5445262
405-2-000676,아라동 공영주차장,공영,노외,제주특별자치도 제주시 아라일동 6096,32,1,미시행,평일+토요일+공휴일,0:00,23:59,0:00,23:59,0:00,23:59,무료,0,0,0,0,제주특별자치도 제주시청,33.4752214,126.5438973
405-2-000677,아라동 공영주차장,공영,노외,제주특별자치도 제주시 아라일동 6097-18,13,1,미시행,평일+토요일+공휴일,0:00,23:59,0:00,23:59,0:00,23:59,무료,0,0,0,0,제주특별자치도 제주시청,33.4746167,126.5437313
405-2-000678,아라동 공영주차장,공영,노외,"제주특별자치도 제주시 아라일동 6097-24, 6097-30",27,1,미시행,평일+토요일+공휴일,0:00,23:59,0:00,23:59,0:00,23:59,무료,0,0,0,0,제주특별자치도 제주시청,33.4746632,126.5424955
405-2-000679,아라동 공영주차장,공영,노외,제주특별자치도 제주시 아라일동 6105-20,21,1,미시행,평일+토요일+공휴일,0:00,23:59,0:00,23:59,0:00,23:59,무료,0,0,0,0,제주특별자치도 제주시청,33.4746619,126.5464488
405-2-000680,아라동 공영주차장,공영,노외,제주특별자치도 제주시 아라일동 6105-21,14,1,미시행,평일+토요일+공휴일,0:00,23:59,0:00,23:59,0:00,23:59,무료,0,0,0,0,제주특별자치도 제주시청,33.4746663,126.5462562
405-2-000681,아라동 공영주차장,공영,노외,제주특별자치도 제주시 아라일동 6106-11,15,1,미시행,평일+토요일+공휴일,0:00,23:59,0:00,23:59,0:00,23:59,무료,0,0,0,0,제주특별자치도 제주시청,33.4751914,126.5473239
405-2-000682,아라동 공영주차장,공영,노외,제주특별자치도 제주시 아라일동 6106-3,26,1,미시행,평일+토요일+공휴일,0:00,23:59,0:00,23:59,0:00,23:59,무료,0,0,0,0,제주특별자치도 제주시청,33.4752616,126.5465306
405-2-000683,아라동 공영주차장,공영,노외,제주특별자치도 제주시 아라일동 6107-13,13,1,미시행,평일+토요일+공휴일,0:00,23:59,0:00,23:59,0:00,23:59,무료,0,0,0,0,제주특별자치도 제주시청,33.4755472,126.5472673
405-2-000684,아라동 공영주차장,공영,노외,제주특별자치도 제주시 아라일동 6107-5,6,1,미시행,평일+토요일+공휴일,0:00,23:59,0:00,23:59,0:00,23:59,무료,0,0,0,0,제주특별자치도 제주시청,33.4756938,126.5466065
405-2-000685,아라동 공영주차장,공영,노외,제주특별자치도 제주시 아라일동 6108-6,12,1,미시행,평일+토요일+공휴일,0:00,23:59,0:00,23:59,0:00,23:59,무료,0,0,0,0,제주특별자치도 제주시청,33.4761492,126.54717
405-2-000686,아라동 공영주차장,공영,노외,제주특별자치도 제주시 아라일동 6109-10,20,1,미시행,평일+토요일+공휴일,0:00,23:59,0:00,23:59,0:00,23:59,무료,0,0,0,0,제주특별자치도 제주시청,33.4765754,126.5474298
405-2-000687,아라동 공영주차장,공영,노외,제주특별자치도 제주시 아라일동 6110-6,18,1,미시행,평일+토요일+공휴일,0:00,23:59,0:00,23:59,0:00,23:59,무료,0,0,0,0,제주특별자치도 제주시청,33.4771201,126.5489084
405-2-000688,아라동 공영주차장,공영,노외,"제주특별자치도 제주시 아라일동 6112-14, 15",17,1,미시행,평일+토요일+공휴일,0:00,23:59,0:00,23:59,0:00,23:59,무료,0,0,0,0,제주특별자치도 제주시청,33.4759557,126.5486384
405-2-000689,아라동 공영주차장,공영,노외,제주특별자치도 제주시 아라일동 6112-5,8,1,미시행,평일+토요일+공휴일,0:00,23:59,0:00,23:59,0:00,23:59,무료,0,0,0,0,제주특별자치도 제주시청,33.4761548,126.5486277
405-2-000690,아라동 공영주차장,공영,노외,제주특별자치도 제주시 아라일동 6112-8,15,1,미시행,평일+토요일+공휴일,0:00,23:59,0:00,23:59,0:00,23:59,무료,0,0,0,0,제주특별자치도 제주시청,33.4761559,126.5490333
405-2-000691,아라동 공영주차장,공영,노외,제주특별자치도 제주시 아라일동 6114-5,33,1,미시행,평일+토요일+공휴일,0:00,23:59,0:00,23:59,0:00,23:59,무료,0,0,0,0,제주특별자치도 제주시청,33.4752692,126.5485872
405-2-000692,아라동 공영주차장,공영,노외,제주특별자치도 제주시 아라일동 6116-2,22,1,미시행,평일+토요일+공휴일,0:00,23:59,0:00,23:59,0:00,23:59,무료,0,0,0,0,제주특별자치도 제주시청,33.4749007,126.5493277
405-2-000693,아라동 공영주차장,공영,노외,제주특별자치도 제주시 아라일동 6116-3,21,1,미시행,평일+토요일+공휴일,0:00,23:59,0:00,23:59,0:00,23:59,무료,0,0,0,0,제주특별자치도 제주시청,33.4749014,126.5495529
405-2-000694,아라동 공영주차장,공영,노외,제주특별자치도 제주시 아라일동 6116-4,11,1,미시행,평일+토요일+공휴일,0:00,23:59,0:00,23:59,0:00,23:59,무료,0,0,0,0,제주특별자치도 제주시청,33.474965,126.5497687
405-2-000695,아라동 공영주차장,공영,노외,제주특별자치도 제주시 아라일동 6117-10,7,1,미시행,평일+토요일+공휴일,0:00,23:59,0:00,23:59,0:00,23:59,무료,0,0,0,0,제주특별자치도 제주시청,33.4753465,126.549555
405-2-000696,아라동 공영주차장,공영,노외,제주특별자치도 제주시 아라일동 6117-11,14,1,미시행,평일+토요일+공휴일,0:00,23:59,0:00,23:59,0:00,23:59,무료,0,0,0,0,제주특별자치도 제주시청,33.4754793,126.5495544
405-2-000697,아라동 공영주차장,공영,노외,제주특별자치도 제주시 아라일동 6117-12,14,1,미시행,평일+토요일+공휴일,0:00,23:59,0:00,23:59,0:00,23:59,무료,0,0,0,0,제주특별자치도 제주시청,33.4756536,126.5495569
405-2-000698,아라동 공영주차장,공영,노외,제주특별자치도 제주시 아라일동 6117-13,12,1,미시행,평일+토요일+공휴일,0:00,23:59,0:00,23:59,0:00,23:59,무료,0,0,0,0,제주특별자치도 제주시청,33.4758443,126.5495421
405-2-000699,아라동 공영주차장,공영,노외,제주특별자치도 제주시 아라일동 6117-4,8,1,미시행,평일+토요일+공휴일,0:00,23:59,0:00,23:59,0:00,23:59,무료,0,0,0,0,제주특별자치도 제주시청,33.4758114,126.549749
405-2-000700,아라동 공영주차장,공영,노외,제주특별자치도 제주시 아라일동 6117-5,14,1,미시행,평일+토요일+공휴일,0:00,23:59,0:00,23:59,0:00,23:59,무료,0,0,0,0,제주특별자치도 제주시청,33.4756541,126.5497636
405-2-000701,아라동 공영주차장,공영,노외,제주특별자치도 제주시 아라일동 6120,12,1,미시행,평일+토요일+공휴일,0:00,23:59,0:00,23:59,0:00,23:59,무료,0,0,0,0,제주특별자치도 제주시청,33.4773803,126.5490715
405-2-000702,아라동 공영주차장,공영,노외,제주특별자치도 제주시 아라일동 6120-7,2,1,미시행,평일+토요일+공휴일,0:00,23:59,0:00,23:59,0:00,23:59,무료,0,0,0,0,제주특별자치도 제주시청,33.4772233,126.5491358
405-2-000703,아라동 공영주차장,공영,노외,제주특별자치도 제주시 아라일동 6123,35,1,미시행,평일+토요일+공휴일,0:00,23:59,0:00,23:59,0:00,23:59,무료,0,0,0,0,제주특별자치도 제주시청,33.4738319,126.551686
405-2-000704,아라동 공영주차장,공영,노외,제주특별자치도 제주시 아라일동 6128-4,24,1,미시행,평일+토요일+공휴일,0:00,23:59,0:00,23:59,0:00,23:59,무료,0,0,0,0,제주특별자치도 제주시청,33.4738225,126.5497031
405-2-000705,아라동 공영주차장,공영,노외,제주특별자치도 제주시 아라일동 6129-7,16,1,미시행,평일+토요일+공휴일,0:00,23:59,0:00,23:59,0:00,23:59,무료,0,0,0,0,제주특별자치도 제주시청,33.4731436,126.549764
405-2-000706,아라동 공영주차장,공영,노외,제주특별자치도 제주시 아라일동 6131,35,1,미시행,평일+토요일+공휴일,0:00,23:59,0:00,23:59,0:00,23:59,무료,0,0,0,0,제주특별자치도 제주시청,33.4727584,126.547873
405-2-000707,아라동 공영주차장,공영,노외,제주특별자치도 제주시 아라일동 6131-1,14,1,미시행,평일+토요일+공휴일,0:00,23:59,0:00,23:59,0:00,23:59,무료,0,0,0,0,제주특별자치도 제주시청,33.4728687,126.5480829
405-2-000708,아라동 공영주차장,공영,노외,제주특별자치도 제주시 아라일동 6133-11,14,1,미시행,평일+토요일+공휴일,0:00,23:59,0:00,23:59,0:00,23:59,무료,0,0,0,0,제주특별자치도 제주시청,33.4736295,126.5478488
405-2-000709,아라동 공영주차장,공영,노외,제주특별자치도 제주시 아라일동 6140-4,62,1,미시행,평일+토요일+공휴일,0:00,23:59,0:00,23:59,0:00,23:59,무료,0,0,0,0,제주특별자치도 제주시청,33.470361,126.546903
405-2-000710,아라동 공영주차장,공영,노외,제주특별자치도 제주시 아라일동 6142-1,33,1,미시행,평일+토요일+공휴일,0:00,23:59,0:00,23:59,0:00,23:59,무료,0,0,0,0,제주특별자치도 제주시청,33.4713314,126.547573
405-2-000711,아라동 공영주차장,공영,노외,제주특별자치도 제주시 아라일동 6147-10,21,1,미시행,평일+토요일+공휴일,0:00,23:59,0:00,23:59,0:00,23:59,무료,0,0,0,0,제주특별자치도 제주시청,33.4722428,126.5469523
405-2-000712,아라동 공영주차장,공영,노외,제주특별자치도 제주시 아라일동 6147-5,13,1,미시행,평일+토요일+공휴일,0:00,23:59,0:00,23:59,0:00,23:59,무료,0,0,0,0,제주특별자치도 제주시청,33.4721221,126.5475514
405-2-000713,아라동 공영주차장,공영,노외,제주특별자치도 제주시 아라일동 6149-8,6,1,미시행,평일+토요일+공휴일,0:00,23:59,0:00,23:59,0:00,23:59,무료,0,0,0,0,제주특별자치도 제주시청,33.4717022,126.5485847
405-2-000714,아라동 공영주차장,공영,노외,제주특별자치도 제주시 아라일동 6149-9,16,1,미시행,평일+토요일+공휴일,0:00,23:59,0:00,23:59,0:00,23:59,무료,0,0,0,0,제주특별자치도 제주시청,33.4717018,126.5484422
405-2-000715,아라동 공영주차장,공영,노외,제주특별자치도 제주시 아라일동 6152-3,7,1,미시행,평일+토요일+공휴일,0:00,23:59,0:00,23:59,0:00,23:59,무료,0,0,0,0,제주특별자치도 제주시청,33.4706124,126.5494444
405-2-000716,아라동 공영주차장,공영,노외,제주특별자치도 제주시 아라일동 6152-4,7,1,미시행,평일+토요일+공휴일,0:00,23:59,0:00,23:59,0:00,23:59,무료,0,0,0,0,제주특별자치도 제주시청,33.4706682,126.5495567
405-2-000717,아라동 공영주차장,공영,노외,제주특별자치도 제주시 아라일동 6152-5,7,1,미시행,평일+토요일+공휴일,0:00,23:59,0:00,23:59,0:00,23:59,무료,0,0,0,0,제주특별자치도 제주시청,33.470725,126.5496712
405-2-000718,아라동 공영주차장,공영,노외,제주특별자치도 제주시 아라일동 6154-11,12,1,미시행,평일+토요일+공휴일,0:00,23:59,0:00,23:59,0:00,23:59,무료,0,0,0,0,제주특별자치도 제주시청,33.4710818,126.5498236
405-2-000719,아라동 공영주차장,공영,노외,제주특별자치도 제주시 아라일동 6156-7,16,1,미시행,평일+토요일+공휴일,0:00,23:59,0:00,23:59,0:00,23:59,무료,0,0,0,0,제주특별자치도 제주시청,33.4721575,126.5497807
405-2-000720,아라동 공영주차장,공영,노외,제주특별자치도 제주시 아라일동 6157-14,17,1,미시행,평일+토요일+공휴일,0:00,23:59,0:00,23:59,0:00,23:59,무료,0,0,0,0,제주특별자치도 제주시청,33.4722089,126.5501666
405-2-000721,아라동 공영주차장,공영,노외,제주특별자치도 제주시 아라일동 6158,6,1,미시행,평일+토요일+공휴일,0:00,23:59,0:00,23:59,0:00,23:59,무료,0,0,0,0,제주특별자치도 제주시청,33.4723526,126.5507016
405-2-000722,아라동 공영주차장,공영,노외,제주특별자치도 제주시 아라일동 6158-1,7,1,미시행,평일+토요일+공휴일,0:00,23:59,0:00,23:59,0:00,23:59,무료,0,0,0,0,제주특별자치도 제주시청,33.4723549,126.5508529
405-2-000723,아라동 공영주차장,공영,노외,제주특별자치도 제주시 아라일동 6158-15,10,1,미시행,평일+토요일+공휴일,0:00,23:59,0:00,23:59,0:00,23:59,무료,0,0,0,0,제주특별자치도 제주시청,33.4721805,126.5508542
405-2-000724,아라동 공영주차장,공영,노외,제주특별자치도 제주시 아라일동 6158-16,10,1,미시행,평일+토요일+공휴일,0:00,23:59,0:00,23:59,0:00,23:59,무료,0,0,0,0,제주특별자치도 제주시청,33.4721818,126.5507009
405-2-000725,아라동 공영주차장,공영,노외,제주특별자치도 제주시 아라일동 6159,47,1,미시행,평일+토요일+공휴일,0:00,23:59,0:00,23:59,0:00,23:59,무료,0,0,0,0,제주특별자치도 제주시청,33.4717919,126.5508503
405-2-000726,아라동 공영주차장,공영,노외,제주특별자치도 제주시 아라이동 3005-10,9,1,미시행,평일+토요일+공휴일,0:00,23:59,0:00,23:59,0:00,23:59,무료,0,0,0,0,제주특별자치도 제주시청,33.4924002,126.5444609
405-2-000727,아라동 공영주차장,공영,노외,제주특별자치도 제주시 아라이동 3008-1,19,1,미시행,평일+토요일+공휴일,0:00,23:59,0:00,23:59,0:00,23:59,무료,0,0,0,0,제주특별자치도 제주시청,33.4916421,126.5443068
405-2-000728,아라동 공영주차장,공영,노외,제주특별자치도 제주시 아라이동 3013-1,18,1,미시행,평일+토요일+공휴일,0:00,23:59,0:00,23:59,0:00,23:59,무료,0,0,0,0,제주특별자치도 제주시청,33.4929232,126.5414297
405-2-000729,아라동 공영주차장,공영,노외,제주특별자치도 제주시 아라이동 3013-11,17,1,미시행,평일+토요일+공휴일,0:00,23:59,0:00,23:59,0:00,23:59,무료,0,0,0,0,제주특별자치도 제주시청,33.4919779,126.5423171
405-2-000730,아라동 공영주차장,공영,노외,제주특별자치도 제주시 아라이동 3013-12,10,1,미시행,평일+토요일+공휴일,0:00,23:59,0:00,23:59,0:00,23:59,무료,0,0,0,0,제주특별자치도 제주시청,33.4920588,126.542142
405-2-000731,아라동 공영주차장,공영,노외,제주특별자치도 제주시 아라이동 3014-3,11,1,미시행,평일+토요일+공휴일,0:00,23:59,0:00,23:59,0:00,23:59,무료,0,0,0,0,제주특별자치도 제주시청,33.493334,126.541045
405-2-000732,아라동 공영주차장,공영,노외,제주특별자치도 제주시 아라이동 941-7,13,1,미시행,평일+토요일+공휴일,0:00,23:59,0:00,23:59,0:00,23:59,무료,0,0,0,0,제주특별자치도 제주시청,33.4782749,126.5528511
405-2-000733,아라동 공영주차장,공영,노외,제주특별자치도 제주시 영평동 2169-6,17,1,미시행,평일+토요일+공휴일,0:00,23:59,0:00,23:59,0:00,23:59,무료,0,0,0,0,제주특별자치도 제주시청,33.4495251,126.5743285
405-2-000734,아라동 공영주차장,공영,노외,제주특별자치도 제주시 아라이동 3014-9,17,1,미시행,평일+토요일+공휴일,0:00,23:59,0:00,23:59,0:00,23:59,무료,0,0,0,0,제주특별자치도 제주시청,33.4935935,126.5412253
405-2-000735,아라동 공영주차장,공영,노외,제주특별자치도 제주시 아라일동 6105-14,13,1,미시행,평일+토요일+공휴일,0:00,23:59,0:00,23:59,0:00,23:59,무료,0,0,0,0,제주특별자치도 제주시청,33.4746733,126.5475024
405-2-000736,아라동 공영주차장,공영,노외,제주특별자치도 제주시 아라일동 6074-7,11,1,미시행,평일+토요일+공휴일,0:00,23:59,0:00,23:59,0:00,23:59,무료,0,0,0,0,제주특별자치도 제주시청,33.469505,126.5436949
405-2-000737,아라동 공영주차장,공영,노외,제주특별자치도 제주시 아라일동 6105-8,9,1,미시행,평일+토요일+공휴일,0:00,23:59,0:00,23:59,0:00,23:59,무료,0,0,0,0,제주특별자치도 제주시청,33.4749088,126.5465912
405-2-000738,아라동 공영주차장,공영,노외,제주특별자치도 제주시 아라일동 3004-7,6,1,미시행,평일+토요일+공휴일,0:00,23:59,0:00,23:59,0:00,23:59,무료,0,0,0,0,제주특별자치도 제주시청,33.492007,126.5440777
405-2-000739,오라동 공영주차장,공영,노외,"제주특별자치도 제주시 오라일동 2453-13, 2453-14",10,1,미시행,평일+토요일+공휴일,0:00,23:59,0:00,23:59,0:00,23:59,무료,0,0,0,0,제주특별자치도 제주시청,33.4965356,126.5205745
405-2-000740,오라동 공영주차장,공영,노외,"제주특별자치도 제주시 오라이동 1375-1, 1376",22,1,미시행,평일+토요일+공휴일,0:00,23:59,0:00,23:59,0:00,23:59,무료,0,0,0,0,제주특별자치도 제주시청,33.4896089,126.5124115
405-2-000741,오라동 공영주차장,공영,노외,"제주특별자치도 제주시 오라이동 1383, 1383-2",7,1,미시행,평일+토요일+공휴일,0:00,23:59,0:00,23:59,0:00,23:59,무료,0,0,0,0,제주특별자치도 제주시청,33.4888458,126.5136481
405-2-000742,오라동 공영주차장,공영,노외,제주특별자치도 제주시 오라이동 1397-7,10,1,미시행,평일+토요일+공휴일,0:00,23:59,0:00,23:59,0:00,23:59,무료,0,0,0,0,제주특별자치도 제주시청,33.489535,126.5144384
405-2-000743,오라동 공영주차장,공영,노외,제주특별자치도 제주시 오라일동 2454-3,22,1,미시행,평일+토요일+공휴일,0:00,23:59,0:00,23:59,0:00,23:59,무료,0,0,0,0,제주특별자치도 제주시청,33.4958264,126.5200944
405-2-000744,연동 공영주차장,공영,노외,제주특별자치도 제주시 연동 1370-2,21,1,미시행,평일+토요일+공휴일,0:00,23:59,0:00,23:59,0:00,23:59,무료,0,0,0,0,제주특별자치도 제주시청,33.481561,126.4879618
405-2-000745,연동 공영주차장,공영,노외,제주특별자치도 제주시 연동 1397,18,1,미시행,평일+토요일+공휴일,0:00,23:59,0:00,23:59,0:00,23:59,무료,0,0,0,0,제주특별자치도 제주시청,33.4812698,126.4875175
405-2-000746,연동 공영주차장,공영,노외,제주특별자치도 제주시 연동 1398-1,15,1,미시행,평일+토요일+공휴일,0:00,23:59,0:00,23:59,0:00,23:59,무료,0,0,0,0,제주특별자치도 제주시청,33.4812338,126.4880265
405-2-000747,연동 공영주차장,공영,노외,제주특별자치도 제주시 연동 1492-2,10,1,미시행,평일+토요일+공휴일,0:00,23:59,0:00,23:59,0:00,23:59,무료,0,0,0,0,제주특별자치도 제주시청,33.4801132,126.4922221
405-2-000748,연동 공영주차장,공영,노외,제주특별자치도 제주시 연동 1504,18,1,미시행,평일+토요일+공휴일,0:00,23:59,0:00,23:59,0:00,23:59,무료,0,0,0,0,제주특별자치도 제주시청,33.4799199,126.4913906
405-2-000749,연동 공영주차장,공영,노외,제주특별자치도 제주시 연동 1518-17,9,1,미시행,평일+토요일+공휴일,0:00,23:59,0:00,23:59,0:00,23:59,무료,0,0,0,0,제주특별자치도 제주시청,33.4783182,126.4892323
405-2-000750,연동 공영주차장,공영,노외,제주특별자치도 제주시 연동 1528-7,9,1,미시행,평일+토요일+공휴일,0:00,23:59,0:00,23:59,0:00,23:59,무료,0,0,0,0,제주특별자치도 제주시청,33.4769201,126.4885862
405-2-000751,연동 공영주차장,공영,노외,제주특별자치도 제주시 연동 1957-1,4,1,미시행,평일+토요일+공휴일,0:00,23:59,0:00,23:59,0:00,23:59,무료,0,0,0,0,제주특별자치도 제주시청,33.4915831,126.482354
405-2-000752,연동 공영주차장,공영,노외,제주특별자치도 제주시 연동 2303-11,7,1,미시행,평일+토요일+공휴일,0:00,23:59,0:00,23:59,0:00,23:59,무료,0,0,0,0,제주특별자치도 제주시청,33.493406,126.4854888
405-2-000753,연동 공영주차장,공영,노외,"제주특별자치도 제주시 연동 260-43, 260-54",36,1,미시행,평일+토요일+공휴일,0:00,23:59,0:00,23:59,0:00,23:59,무료,0,0,0,0,제주특별자치도 제주시청,33.4903928,126.4890993
405-2-000754,연동 공영주차장,공영,노외,제주특별자치도 제주시 연동 290-21,20,1,미시행,평일+토요일+공휴일,0:00,23:59,0:00,23:59,0:00,23:59,무료,0,0,0,0,제주특별자치도 제주시청,33.4928496,126.4945659
405-2-000755,연동 공영주차장,공영,노외,제주특별자치도 제주시 연동 290-32,18,1,미시행,평일+토요일+공휴일,0:00,23:59,0:00,23:59,0:00,23:59,무료,0,0,0,0,제주특별자치도 제주시청,33.4934424,126.4949228
405-2-000756,연동 공영주차장,공영,노외,제주특별자치도 제주시 연동 291-21,8,1,미시행,평일+토요일+공휴일,0:00,23:59,0:00,23:59,0:00,23:59,무료,0,0,0,0,제주특별자치도 제주시청,33.4906888,126.4954229
405-2-000757,연동 공영주차장,공영,노외,제주특별자치도 제주시 연동 299-13,26,1,미시행,평일+토요일+공휴일,0:00,23:59,0:00,23:59,0:00,23:59,무료,0,0,0,0,제주특별자치도 제주시청,33.483042,126.4948067
405-2-000758,연동 공영주차장,공영,노외,제주특별자치도 제주시 연동 308-3,13,1,미시행,평일+토요일+공휴일,0:00,23:59,0:00,23:59,0:00,23:59,무료,0,0,0,0,제주특별자치도 제주시청,33.4831787,126.496676
405-2-000759,연동 공영주차장,공영,노외,"제주특별자치도 제주시 연동 310-27, 88, 89",58,1,미시행,평일+토요일+공휴일,0:00,23:59,0:00,23:59,0:00,23:59,무료,0,0,0,0,제주특별자치도 제주시청,33.4927288,126.4992915
405-2-000760,연동 공영주차장,공영,노외,제주특별자치도 제주시 연동 311-34,26,1,미시행,평일+토요일+공휴일,0:00,23:59,0:00,23:59,0:00,23:59,무료,0,0,0,0,제주특별자치도 제주시청,33.4915342,126.4991312
405-2-000761,연동 공영주차장,공영,노외,제주특별자치도 제주시 연동 312-15,11,1,미시행,평일+토요일+공휴일,0:00,23:59,0:00,23:59,0:00,23:59,무료,0,0,0,0,제주특별자치도 제주시청,33.4877719,126.499558
405-2-000762,연동 공영주차장,공영,노외,제주특별자치도 제주시 연동 312-34,9,1,미시행,평일+토요일+공휴일,0:00,23:59,0:00,23:59,0:00,23:59,무료,0,0,0,0,제주특별자치도 제주시청,33.4884469,126.4991233
405-2-000763,연동 공영주차장,공영,노외,제주특별자치도 제주시 연동 312-40,18,1,미시행,평일+토요일+공휴일,0:00,23:59,0:00,23:59,0:00,23:59,무료,0,0,0,0,제주특별자치도 제주시청,33.4878291,126.4978667
405-2-000764,연동 공영주차장,공영,노외,제주특별자치도 제주시 연동 313-29,10,1,미시행,평일+토요일+공휴일,0:00,23:59,0:00,23:59,0:00,23:59,무료,0,0,0,0,제주특별자치도 제주시청,33.4870593,126.4980302
405-2-000765,연동 공영주차장,공영,노외,제주특별자치도 제주시 연동 321-4,21,1,미시행,평일+토요일+공휴일,0:00,23:59,0:00,23:59,0:00,23:59,무료,0,0,0,0,제주특별자치도 제주시청,33.4913708,126.500729
405-2-000766,연동 공영주차장,공영,노외,제주특별자치도 제주시 연동 321-5,14,1,미시행,평일+토요일+공휴일,0:00,23:59,0:00,23:59,0:00,23:59,무료,0,0,0,0,제주특별자치도 제주시청,33.4916048,126.5007572
405-2-000767,연동 공영주차장,공영,노외,제주특별자치도 제주시 연동 1370,16,1,미시행,평일+토요일+공휴일,0:00,23:59,0:00,23:59,0:00,23:59,무료,0,0,0,0,제주특별자치도 제주시청,33.4815721,126.4875264
405-2-000768,연동 공영주차장,공영,노외,제주특별자치도 제주시 연동 262-63,8,1,미시행,평일+토요일+공휴일,0:00,23:59,0:00,23:59,0:00,23:59,무료,0,0,0,0,제주특별자치도 제주시청,33.4873315,126.4884425
405-2-000769,연동 공영주차장,공영,노외,제주특별자치도 제주시 연동 1373-2,44,1,미시행,평일+토요일+공휴일,0:00,23:59,0:00,23:59,0:00,23:59,무료,0,0,0,0,제주특별자치도 제주시청,33.4821529,126.4928013
405-2-000770,연동 공영주차장,공영,노외,제주특별자치도 제주시 연동 1374-1,12,1,미시행,평일+토요일+공휴일,0:00,23:59,0:00,23:59,0:00,23:59,무료,0,0,0,0,제주특별자치도 제주시청,33.4814718,126.4913713
405-2-000771,연동 공영주차장,공영,노외,제주특별자치도 제주시 연동 304-20,12,1,미시행,평일+토요일+공휴일,0:00,23:59,0:00,23:59,0:00,23:59,무료,0,0,0,0,제주특별자치도 제주시청,33.4852303,126.4967623
405-2-000772,연동 공영주차장,공영,노외,"제주특별자치도 제주시 연동 314-8, 314-106",22,1,미시행,평일+토요일+공휴일,0:00,23:59,0:00,23:59,0:00,23:59,무료,0,0,0,0,제주특별자치도 제주시청,33.4851686,126.4982447
405-2-000773,노형동 공영주차장,공영,노외,제주특별자치도 제주시 노형동 1039-15,10,1,미시행,평일+토요일+공휴일,0:00,23:59,0:00,23:59,0:00,23:59,무료,0,0,0,0,제주특별자치도 제주시청,33.4902812,126.4768679
405-2-000774,노형동 공영주차장,공영,노외,제주특별자치도 제주시 노형동 1048-2,14,1,미시행,평일+토요일+공휴일,0:00,23:59,0:00,23:59,0:00,23:59,무료,0,0,0,0,제주특별자치도 제주시청,33.4911304,126.4790688
405-2-000775,노형동 공영주차장,공영,노외,제주특별자치도 제주시 노형동 1280-8,9,1,미시행,평일+토요일+공휴일,0:00,23:59,0:00,23:59,0:00,23:59,무료,0,0,0,0,제주특별자치도 제주시청,33.487421,126.4784025
405-2-000776,노형동 공영주차장,공영,노외,제주특별자치도 제주시 노형동 2591-11,10,1,미시행,평일+토요일+공휴일,0:00,23:59,0:00,23:59,0:00,23:59,무료,0,0,0,0,제주특별자치도 제주시청,33.4826828,126.4706732
405-2-000777,노형동 공영주차장,공영,노외,제주특별자치도 제주시 노형동 2591-4,10,1,미시행,평일+토요일+공휴일,0:00,23:59,0:00,23:59,0:00,23:59,무료,0,0,0,0,제주특별자치도 제주시청,33.4825983,126.4705636
405-2-000778,노형동 공영주차장,공영,노외,제주특별자치도 제주시 노형동 2593-3,7,1,미시행,평일+토요일+공휴일,0:00,23:59,0:00,23:59,0:00,23:59,무료,0,0,0,0,제주특별자치도 제주시청,33.481766,126.4712123
405-2-000779,노형동 공영주차장,공영,노외,제주특별자치도 제주시 노형동 3780-8,0,1,미시행,평일+토요일+공휴일,0:00,23:59,0:00,23:59,0:00,23:59,무료,0,0,0,0,제주특별자치도 제주시청,33.4848016,126.4779372
405-2-000780,노형동 공영주차장,공영,노외,"제주특별자치도 제주시 노형동 3786-3, 3786-4",17,1,미시행,평일+토요일+공휴일,0:00,23:59,0:00,23:59,0:00,23:59,무료,0,0,0,0,제주특별자치도 제주시청,33.4837114,126.4787262
405-2-000781,노형동 공영주차장,공영,노외,제주특별자치도 제주시 노형동 3786-5,10,1,미시행,평일+토요일+공휴일,0:00,23:59,0:00,23:59,0:00,23:59,무료,0,0,0,0,제주특별자치도 제주시청,33.4835893,126.4784718
405-2-000782,노형동 공영주차장,공영,노외,제주특별자치도 제주시 노형동 3787-6,14,1,미시행,평일+토요일+공휴일,0:00,23:59,0:00,23:59,0:00,23:59,무료,0,0,0,0,제주특별자치도 제주시청,33.4839841,126.4775246
405-2-000783,노형동 공영주차장,공영,노외,제주특별자치도 제주시 노형동 3789-6,15,1,미시행,평일+토요일+공휴일,0:00,23:59,0:00,23:59,0:00,23:59,무료,0,0,0,0,제주특별자치도 제주시청,33.4834659,126.4775256
405-2-000784,노형동 공영주차장,공영,노외,제주특별자치도 제주시 노형동 3791-4,19,1,미시행,평일+토요일+공휴일,0:00,23:59,0:00,23:59,0:00,23:59,무료,0,0,0,0,제주특별자치도 제주시청,33.4824471,126.4786603
405-2-000785,노형동 공영주차장,공영,노외,제주특별자치도 제주시 노형동 3794-7,19,1,미시행,평일+토요일+공휴일,0:00,23:59,0:00,23:59,0:00,23:59,무료,0,0,0,0,제주특별자치도 제주시청,33.4825887,126.4761148
405-2-000786,노형동 공영주차장,공영,노외,제주특별자치도 제주시 노형동 3794-8,12,1,미시행,평일+토요일+공휴일,0:00,23:59,0:00,23:59,0:00,23:59,무료,0,0,0,0,제주특별자치도 제주시청,33.4825112,126.4762318
405-2-000787,노형동 공영주차장,공영,노외,제주특별자치도 제주시 노형동 3795-4,19,1,미시행,평일+토요일+공휴일,0:00,23:59,0:00,23:59,0:00,23:59,무료,0,0,0,0,제주특별자치도 제주시청,33.4823881,126.4759015
405-2-000788,노형동 공영주차장,공영,노외,제주특별자치도 제주시 노형동 3796-5,15,1,미시행,평일+토요일+공휴일,0:00,23:59,0:00,23:59,0:00,23:59,무료,0,0,0,0,제주특별자치도 제주시청,33.4815672,126.4777635
405-2-000789,노형동 공영주차장,공영,노외,제주특별자치도 제주시 노형동 3798-8,14,1,미시행,평일+토요일+공휴일,0:00,23:59,0:00,23:59,0:00,23:59,무료,0,0,0,0,제주특별자치도 제주시청,33.4800045,126.4781799
405-2-000790,노형동 공영주차장,공영,노외,제주특별자치도 제주시 노형동 3800-6,64,1,미시행,평일+토요일+공휴일,0:00,23:59,0:00,23:59,0:00,23:59,무료,0,0,0,0,제주특별자치도 제주시청,33.4803945,126.4775914
405-2-000791,노형동 공영주차장,공영,노외,제주특별자치도 제주시 노형동 3800-7,11,1,미시행,평일+토요일+공휴일,0:00,23:59,0:00,23:59,0:00,23:59,무료,0,0,0,0,제주특별자치도 제주시청,33.4803439,126.4772631
405-2-000792,노형동 공영주차장,공영,노외,제주특별자치도 제주시 노형동 3801,11,1,미시행,평일+토요일+공휴일,0:00,23:59,0:00,23:59,0:00,23:59,무료,0,0,0,0,제주특별자치도 제주시청,33.480393,126.4762885
405-2-000793,노형동 공영주차장,공영,노외,제주특별자치도 제주시 노형동 3801-19,13,1,미시행,평일+토요일+공휴일,0:00,23:59,0:00,23:59,0:00,23:59,무료,0,0,0,0,제주특별자치도 제주시청,33.4802317,126.4761677
405-2-000794,노형동 공영주차장,공영,노외,제주특별자치도 제주시 노형동 3801-23,17,1,미시행,평일+토요일+공휴일,0:00,23:59,0:00,23:59,0:00,23:59,무료,0,0,0,0,제주특별자치도 제주시청,33.4799268,126.4769974
405-2-000795,노형동 공영주차장,공영,노외,제주특별자치도 제주시 노형동 3803-10,27,1,미시행,평일+토요일+공휴일,0:00,23:59,0:00,23:59,0:00,23:59,무료,0,0,0,0,제주특별자치도 제주시청,33.4811982,126.4759622
405-2-000796,노형동 공영주차장,공영,노외,제주특별자치도 제주시 노형동 3803-11,20,1,미시행,평일+토요일+공휴일,0:00,23:59,0:00,23:59,0:00,23:59,무료,0,0,0,0,제주특별자치도 제주시청,33.481308,126.4757356
405-2-000797,노형동 공영주차장,공영,노외,제주특별자치도 제주시 노형동 3803-6,49,1,미시행,평일+토요일+공휴일,0:00,23:59,0:00,23:59,0:00,23:59,무료,0,0,0,0,제주특별자치도 제주시청,33.4815282,126.4755968
405-2-000798,노형동 공영주차장,공영,노외,제주특별자치도 제주시 노형동 3803-9,20,1,미시행,평일+토요일+공휴일,0:00,23:59,0:00,23:59,0:00,23:59,무료,0,0,0,0,제주특별자치도 제주시청,33.4813554,126.4761039
405-2-000799,노형동 공영주차장,공영,노외,제주특별자치도 제주시 노형동 3804-10,27,1,미시행,평일+토요일+공휴일,0:00,23:59,0:00,23:59,0:00,23:59,무료,0,0,0,0,제주특별자치도 제주시청,33.4808436,126.4753467
405-2-000800,노형동 공영주차장,공영,노외,제주특별자치도 제주시 노형동 3804-11,21,1,미시행,평일+토요일+공휴일,0:00,23:59,0:00,23:59,0:00,23:59,무료,0,0,0,0,제주특별자치도 제주시청,33.4809731,126.4751753
405-2-000801,노형동 공영주차장,공영,노외,제주특별자치도 제주시 노형동 3804-12,11,1,미시행,평일+토요일+공휴일,0:00,23:59,0:00,23:59,0:00,23:59,무료,0,0,0,0,제주특별자치도 제주시청,33.4810772,126.4750366
405-2-000802,노형동 공영주차장,공영,노외,제주특별자치도 제주시 노형동 3804-20,15,1,미시행,평일+토요일+공휴일,0:00,23:59,0:00,23:59,0:00,23:59,무료,0,0,0,0,제주특별자치도 제주시청,33.4815766,126.4743414
405-2-000803,노형동 공영주차장,공영,노외,제주특별자치도 제주시 노형동 3804-3,17,1,미시행,평일+토요일+공휴일,0:00,23:59,0:00,23:59,0:00,23:59,무료,0,0,0,0,제주특별자치도 제주시청,33.4813773,126.4750333
405-2-000804,노형동 공영주차장,공영,노외,제주특별자치도 제주시 노형동 3804-6,18,1,미시행,평일+토요일+공휴일,0:00,23:59,0:00,23:59,0:00,23:59,무료,0,0,0,0,제주특별자치도 제주시청,33.4810595,126.4755127
405-2-000805,노형동 공영주차장,공영,노외,제주특별자치도 제주시 노형동 3804-7,28,1,미시행,평일+토요일+공휴일,0:00,23:59,0:00,23:59,0:00,23:59,무료,0,0,0,0,제주특별자치도 제주시청,33.4809316,126.4757274
405-2-000806,노형동 공영주차장,공영,노외,제주특별자치도 제주시 노형동 3804-8,9,1,미시행,평일+토요일+공휴일,0:00,23:59,0:00,23:59,0:00,23:59,무료,0,0,0,0,제주특별자치도 제주시청,33.4807801,126.4756032
405-2-000807,노형동 공영주차장,공영,노외,제주특별자치도 제주시 노형동 3807-1,10,1,미시행,평일+토요일+공휴일,0:00,23:59,0:00,23:59,0:00,23:59,무료,0,0,0,0,제주특별자치도 제주시청,33.4812466,126.4742731
405-2-000808,노형동 공영주차장,공영,노외,제주특별자치도 제주시 노형동 3807-10,12,1,미시행,평일+토요일+공휴일,0:00,23:59,0:00,23:59,0:00,23:59,무료,0,0,0,0,제주특별자치도 제주시청,33.4810474,126.4737068
405-2-000809,노형동 공영주차장,공영,노외,제주특별자치도 제주시 노형동 3807-11,16,1,미시행,평일+토요일+공휴일,0:00,23:59,0:00,23:59,0:00,23:59,무료,0,0,0,0,제주특별자치도 제주시청,33.4811493,126.4738313
405-2-000810,노형동 공영주차장,공영,노외,제주특별자치도 제주시 노형동 3807-6,12,1,미시행,평일+토요일+공휴일,0:00,23:59,0:00,23:59,0:00,23:59,무료,0,0,0,0,제주특별자치도 제주시청,33.480829,126.4737646
405-2-000811,노형동 공영주차장,공영,노외,제주특별자치도 제주시 노형동 3807-9,12,1,미시행,평일+토요일+공휴일,0:00,23:59,0:00,23:59,0:00,23:59,무료,0,0,0,0,제주특별자치도 제주시청,33.4809651,126.4736062
405-2-000812,노형동 공영주차장,공영,노외,제주특별자치도 제주시 노형동 3808-5,16,1,미시행,평일+토요일+공휴일,0:00,23:59,0:00,23:59,0:00,23:59,무료,0,0,0,0,제주특별자치도 제주시청,33.4805731,126.4741484
405-2-000813,노형동 공영주차장,공영,노외,제주특별자치도 제주시 노형동 3809-15,12,1,미시행,평일+토요일+공휴일,0:00,23:59,0:00,23:59,0:00,23:59,무료,0,0,0,0,제주특별자치도 제주시청,33.4805934,126.47456
405-2-000814,노형동 공영주차장,공영,노외,제주특별자치도 제주시 노형동 3809-3,12,1,미시행,평일+토요일+공휴일,0:00,23:59,0:00,23:59,0:00,23:59,무료,0,0,0,0,제주특별자치도 제주시청,33.4804805,126.4746912
405-2-000815,노형동 공영주차장,공영,노외,제주특별자치도 제주시 노형동 3813-1,21,1,미시행,평일+토요일+공휴일,0:00,23:59,0:00,23:59,0:00,23:59,무료,0,0,0,0,제주특별자치도 제주시청,33.4790863,126.4745528
405-2-000816,노형동 공영주차장,공영,노외,제주특별자치도 제주시 노형동 3813-2,22,1,미시행,평일+토요일+공휴일,0:00,23:59,0:00,23:59,0:00,23:59,무료,0,0,0,0,제주특별자치도 제주시청,33.4789543,126.4747
405-2-000817,노형동 공영주차장,공영,노외,제주특별자치도 제주시 노형동 904-10,25,1,미시행,평일+토요일+공휴일,0:00,23:59,0:00,23:59,0:00,23:59,무료,0,0,0,0,제주특별자치도 제주시청,33.4873104,126.4823472
405-2-000818,노형동 공영주차장,공영,노외,제주특별자치도 제주시 노형동 913-5,23,1,미시행,평일+토요일+공휴일,0:00,23:59,0:00,23:59,0:00,23:59,무료,0,0,0,0,제주특별자치도 제주시청,33.4862795,126.4830263
405-2-000819,노형동 공영주차장,공영,노외,제주특별자치도 제주시 노형동 913-8,11,1,미시행,평일+토요일+공휴일,0:00,23:59,0:00,23:59,0:00,23:59,무료,0,0,0,0,제주특별자치도 제주시청,33.4862693,126.483388
405-2-000820,노형동 공영주차장,공영,노외,제주특별자치도 제주시 노형동 928-4,31,1,미시행,평일+토요일+공휴일,0:00,23:59,0:00,23:59,0:00,23:59,무료,0,0,0,0,제주특별자치도 제주시청,33.4856298,126.4824722
405-2-000821,노형동 공영주차장,공영,노외,제주특별자치도 제주시 노형동 940-11,29,1,미시행,평일+토요일+공휴일,0:00,23:59,0:00,23:59,0:00,23:59,무료,0,0,0,0,제주특별자치도 제주시청,33.4855732,126.4859051
405-2-000822,노형동 공영주차장,공영,노외,제주특별자치도 제주시 노형동 940-3,10,1,미시행,평일+토요일+공휴일,0:00,23:59,0:00,23:59,0:00,23:59,무료,0,0,0,0,제주특별자치도 제주시청,33.4857987,126.4856518
405-2-000823,노형동 공영주차장,공영,노외,제주특별자치도 제주시 노형동 928-5,11,1,미시행,평일+토요일+공휴일,0:00,23:59,0:00,23:59,0:00,23:59,무료,0,0,0,0,제주특별자치도 제주시청,33.4854222,126.4824637
405-2-000824,노형동 공영주차장,공영,노외,제주특별자치도 제주시 노형동 2486-3,14,1,미시행,평일+토요일+공휴일,0:00,23:59,0:00,23:59,0:00,23:59,무료,0,0,0,0,제주특별자치도 제주시청,33.4813198,126.4701787
405-2-000825,노형동 공영주차장,공영,노외,제주특별자치도 제주시 노형동 903,13,1,미시행,평일+토요일+공휴일,0:00,23:59,0:00,23:59,0:00,23:59,무료,0,0,0,0,제주특별자치도 제주시청,33.4867548,126.481312
405-2-000826,노형동 공영주차장,공영,노외,제주특별자치도 제주시 노형동 2615-11,18,1,미시행,평일+토요일+공휴일,0:00,23:59,0:00,23:59,0:00,23:59,무료,0,0,0,0,제주특별자치도 제주시청,33.4865781,126.473733
405-2-000827,외도동 공영주차장,공영,노외,제주특별자치도 제주시 내도동 492,8,1,미시행,평일+토요일+공휴일,0:00,23:59,0:00,23:59,0:00,23:59,무료,0,0,0,0,제주특별자치도 제주시청,33.4952336,126.4394279
405-2-000828,외도동 공영주차장,공영,노외,제주특별자치도 제주시 외도일동 417-6,37,1,미시행,평일+토요일+공휴일,0:00,23:59,0:00,23:59,0:00,23:59,무료,0,0,0,0,제주특별자치도 제주시청,33.4915388,126.4299988
405-2-000829,외도동 공영주차장,공영,노외,제주특별자치도 제주시 외도일동 441-2,16,1,미시행,평일+토요일+공휴일,0:00,23:59,0:00,23:59,0:00,23:59,무료,0,0,0,0,제주특별자치도 제주시청,33.4910159,126.4288614
405-2-000830,외도동 공영주차장,공영,노외,제주특별자치도 제주시 외도일동 447-7,22,1,미시행,평일+토요일+공휴일,0:00,23:59,0:00,23:59,0:00,23:59,무료,0,0,0,0,제주특별자치도 제주시청,33.491769,126.4311818
405-2-000831,외도동 공영주차장,공영,노외,제주특별자치도 제주시 외도일동 447-9,11,1,미시행,평일+토요일+공휴일,0:00,23:59,0:00,23:59,0:00,23:59,무료,0,0,0,0,제주특별자치도 제주시청,33.4919044,126.4312677
405-2-000832,외도동 공영주차장,공영,노외,제주특별자치도 제주시 외도일동 453-1,41,1,미시행,평일+토요일+공휴일,0:00,23:59,0:00,23:59,0:00,23:59,무료,0,0,0,0,제주특별자치도 제주시청,33.4912712,126.4339781
405-2-000833,외도동 공영주차장,공영,노외,제주특별자치도 제주시 외도일동 482-1,40,1,미시행,평일+토요일+공휴일,0:00,23:59,0:00,23:59,0:00,23:59,무료,0,0,0,0,제주특별자치도 제주시청,33.4899275,126.4325787
405-2-000834,외도동 공영주차장,공영,노외,제주특별자치도 제주시 외도일동 482-3,14,1,미시행,평일+토요일+공휴일,0:00,23:59,0:00,23:59,0:00,23:59,무료,0,0,0,0,제주특별자치도 제주시청,33.4898352,126.4332116
405-2-000835,외도동 공영주차장,공영,노외,제주특별자치도 제주시 외도일동 485-6,21,1,미시행,평일+토요일+공휴일,0:00,23:59,0:00,23:59,0:00,23:59,무료,0,0,0,0,제주특별자치도 제주시청,33.49001,126.4340419
405-2-000836,외도동 공영주차장,공영,노외,제주특별자치도 제주시 외도일동 493-1,42,1,미시행,평일+토요일+공휴일,0:00,23:59,0:00,23:59,0:00,23:59,무료,0,0,0,0,제주특별자치도 제주시청,33.488634,126.428457
405-2-000837,외도동 공영주차장,공영,노외,제주특별자치도 제주시 외도일동 496-17,25,1,미시행,평일+토요일+공휴일,0:00,23:59,0:00,23:59,0:00,23:59,무료,0,0,0,0,제주특별자치도 제주시청,33.4880065,126.4293555
405-2-000838,외도동 공영주차장,공영,노외,제주특별자치도 제주시 외도일동 496-9,8,1,미시행,평일+토요일+공휴일,0:00,23:59,0:00,23:59,0:00,23:59,무료,0,0,0,0,제주특별자치도 제주시청,33.4878662,126.4289464
405-2-000839,외도동 공영주차장,공영,노외,제주특별자치도 제주시 외도일동 497-16,12,1,미시행,평일+토요일+공휴일,0:00,23:59,0:00,23:59,0:00,23:59,무료,0,0,0,0,제주특별자치도 제주시청,33.4876874,126.4296738
405-2-000840,외도동 공영주차장,공영,노외,제주특별자치도 제주시 외도일동 527-7,14,1,미시행,평일+토요일+공휴일,0:00,23:59,0:00,23:59,0:00,23:59,무료,0,0,0,0,제주특별자치도 제주시청,33.4881666,126.4318968
405-2-000841,외도동 다목적 생활문화센터 공영주차장,공영,노외,제주특별자치도 제주시 외도일동 530-4,73,1,미시행,평일+토요일+공휴일,0:00,23:59,0:00,23:59,0:00,23:59,무료,0,0,0,0,제주특별자치도 제주시청,33.4885272,126.4334963
405-2-000842,외도동 공영주차장,공영,노외,제주특별자치도 제주시 외도일동 532-5,28,1,미시행,평일+토요일+공휴일,0:00,23:59,0:00,23:59,0:00,23:59,무료,0,0,0,0,제주특별자치도 제주시청,33.4879976,126.4334659
405-2-000843,외도동 공영주차장,공영,노외,제주특별자치도 제주시 외도일동 539-29,9,1,미시행,평일+토요일+공휴일,0:00,23:59,0:00,23:59,0:00,23:59,무료,0,0,0,0,제주특별자치도 제주시청,33.4873443,126.4287011
405-2-000844,외도동 공영주차장,공영,노외,제주특별자치도 제주시 외도일동 542-18,19,1,미시행,평일+토요일+공휴일,0:00,23:59,0:00,23:59,0:00,23:59,무료,0,0,0,0,제주특별자치도 제주시청,33.4866147,126.4291954
405-2-000845,외도동 공영주차장,공영,노외,제주특별자치도 제주시 외도일동 632-7,49,1,미시행,평일+토요일+공휴일,0:00,23:59,0:00,23:59,0:00,23:59,무료,0,0,0,0,제주특별자치도 제주시청,33.4857289,126.4286516
405-2-000846,외도동 공영주차장,공영,노외,제주특별자치도 제주시 외도일동 635-9,21,1,미시행,평일+토요일+공휴일,0:00,23:59,0:00,23:59,0:00,23:59,무료,0,0,0,0,제주특별자치도 제주시청,33.4853407,126.4298244
405-2-000847,외도동 공영주차장,공영,노외,제주특별자치도 제주시 외도일동 637-10,12,1,미시행,평일+토요일+공휴일,0:00,23:59,0:00,23:59,0:00,23:59,무료,0,0,0,0,제주특별자치도 제주시청,33.485123,126.4312967
405-2-000848,외도동 공영주차장,공영,노외,제주특별자치도 제주시 외도일동 642-10,14,1,미시행,평일+토요일+공휴일,0:00,23:59,0:00,23:59,0:00,23:59,무료,0,0,0,0,제주특별자치도 제주시청,33.4846665,126.4295393
405-2-000849,외도동 공영주차장,공영,노외,제주특별자치도 제주시 외도이동 233-8,17,1,미시행,평일+토요일+공휴일,0:00,23:59,0:00,23:59,0:00,23:59,무료,0,0,0,0,제주특별자치도 제주시청,33.4929862,126.4326035
405-2-000850,외도동 공영주차장,공영,노외,제주특별자치도 제주시 외도이동 250-19,6,1,미시행,평일+토요일+공휴일,0:00,23:59,0:00,23:59,0:00,23:59,무료,0,0,0,0,제주특별자치도 제주시청,33.4930426,126.4351735
405-2-000851,외도동 공영주차장,공영,노외,제주특별자치도 제주시 외도이동 250-18,14,1,미시행,평일+토요일+공휴일,0:00,23:59,0:00,23:59,0:00,23:59,무료,0,0,0,0,제주특별자치도 제주시청,33.493164,126.4352361
405-2-000852,외도동 공영주차장,공영,노외,제주특별자치도 제주시 도평동 931-3,12,1,미시행,평일+토요일+공휴일,0:00,23:59,0:00,23:59,0:00,23:59,무료,0,0,0,0,제주특별자치도 제주시청,33.4780384,126.450455
405-2-000853,외도동 공영주차장,공영,노외,제주특별자치도 제주시 외도일동 540-4,35,1,미시행,평일+토요일+공휴일,0:00,23:59,0:00,23:59,0:00,23:59,무료,0,0,0,0,제주특별자치도 제주시청,33.4871546,126.4293086
405-2-000854,외도동 공영주차장,공영,노외,제주특별자치도 제주시 외도일동 635-7,47,1,미시행,평일+토요일+공휴일,0:00,23:59,0:00,23:59,0:00,23:59,무료,0,0,0,0,제주특별자치도 제주시청,33.4851316,126.4299491
405-2-000855,이호동 공영주차장,공영,노외,제주특별자치도 제주시 이호일동 1759-1,47,1,미시행,평일+토요일+공휴일,0:00,23:59,0:00,23:59,0:00,23:59,무료,0,0,0,0,제주특별자치도 제주시청,33.4960886,126.4502439
405-2-000856,이호동 공영주차장,공영,노외,제주특별자치도 제주시 이호일동 1788-6,13,1,미시행,평일+토요일+공휴일,0:00,23:59,0:00,23:59,0:00,23:59,무료,0,0,0,0,제주특별자치도 제주시청,33.497571,126.4494768
405-2-000857,이호동 공영주차장,공영,노외,제주특별자치도 제주시 이호일동 361-3,17,1,미시행,평일+토요일+공휴일,0:00,23:59,0:00,23:59,0:00,23:59,무료,0,0,0,0,제주특별자치도 제주시청,33.5025581,126.4577097
405-2-000858,이호동 공영주차장,공영,노외,제주특별자치도 제주시 이호일동 669,20,1,미시행,평일+토요일+공휴일,0:00,23:59,0:00,23:59,0:00,23:59,무료,0,0,0,0,제주특별자치도 제주시청,33.4986874,126.4577008
405-2-000859,이호동 공영주차장,공영,노외,제주특별자치도 제주시 이호이동 1018-1,7,1,미시행,평일+토요일+공휴일,0:00,23:59,0:00,23:59,0:00,23:59,무료,0,0,0,0,제주특별자치도 제주시청,33.4911066,126.4584059
405-2-000860,이호동 공영주차장,공영,노외,제주특별자치도 제주시 이호이동 1081,21,1,미시행,평일+토요일+공휴일,0:00,23:59,0:00,23:59,0:00,23:59,무료,0,0,0,0,제주특별자치도 제주시청,33.4910998,126.459178
405-2-000861,이호동 공영주차장,공영,노외,제주특별자치도 제주시 이호이동 796-2,15,1,미시행,평일+토요일+공휴일,0:00,23:59,0:00,23:59,0:00,23:59,무료,0,0,0,0,제주특별자치도 제주시청,33.4942302,126.4605959
405-2-000862,이호동 공영주차장,공영,노외,"제주특별자치도 제주시 이호이동 796-1, 2",15,1,미시행,평일+토요일+공휴일,0:00,23:59,0:00,23:59,0:00,23:59,무료,0,0,0,0,제주특별자치도 제주시청,33.4941966,126.4607319
405-2-000863,민속오일시장 공영주차장(일반),공영,노외,제주특별자치도 제주시 도두일동 1212,878,1,미시행,평일+토요일+공휴일,0:00,23:59,0:00,23:59,0:00,23:59,무료,0,0,0,0,제주특별자치도 제주시청,33.4966876,126.4753648
405-2-000864,민속오일시장 공영주차장(복층화),공영,노외,제주특별자치도 제주시 도두일동 1212,275,1,미시행,평일+토요일+공휴일,0:00,23:59,0:00,23:59,0:00,23:59,무료,0,0,0,0,제주특별자치도 제주시청,33.4966876,126.4753648
405-2-000865,도두동 공영주차장,공영,노외,제주특별자치도 제주시 도두일동 1876,29,1,미시행,평일+토요일+공휴일,0:00,23:59,0:00,23:59,0:00,23:59,무료,0,0,0,0,제주특별자치도 제주시청,33.5044218,126.471185
405-2-000866,도두동 공영주차장,공영,노외,제주특별자치도 제주시 도두일동 1928,16,1,미시행,평일+토요일+공휴일,0:00,23:59,0:00,23:59,0:00,23:59,무료,0,0,0,0,제주특별자치도 제주시청,33.5037767,126.4698926
405-2-000867,도두동 공영주차장,공영,노외,"제주특별자치도 제주시 도두일동 1938, 1942",14,1,미시행,평일+토요일+공휴일,0:00,23:59,0:00,23:59,0:00,23:59,무료,0,0,0,0,제주특별자치도 제주시청,33.5038371,126.4694762
405-2-000868,도두동 공영주차장,공영,노외,제주특별자치도 제주시 도두일동 1987-2,37,1,미시행,평일+토요일+공휴일,0:00,23:59,0:00,23:59,0:00,23:59,무료,0,0,0,0,제주특별자치도 제주시청,33.5027497,126.46789
405-2-000869,도두동 공영주차장,공영,노외,제주특별자치도 제주시 도두일동 2605-6,57,1,미시행,평일+토요일+공휴일,0:00,23:59,0:00,23:59,0:00,23:59,무료,0,0,0,0,제주특별자치도 제주시청,33.5043899,126.4671347
405-2-000870,도두동 공영주차장,공영,노외,제주특별자치도 제주시 도두일동 2617-8,13,1,미시행,평일+토요일+공휴일,0:00,23:59,0:00,23:59,0:00,23:59,무료,0,0,0,0,제주특별자치도 제주시청,33.5047683,126.4646052
405-2-000871,도두동 공영주차장,공영,노외,제주특별자치도 제주시 도두일동 2618-1,31,1,미시행,평일+토요일+공휴일,0:00,23:59,0:00,23:59,0:00,23:59,무료,0,0,0,0,제주특별자치도 제주시청,33.5042474,126.463939
